_id,SAMPLING_EVENT_IDENTIFIER,ALL_SPECIES_REPORTED,COUNTY,DURATION_MINUTES,EFFORT_DISTANCE_KM,GROUP_IDENTIFIER,LATITUDE,LOCALITY,LOCALITY_TYPE,LONGITUDE,NCBA_SEASON,NUMBER_OBSERVERS,OBSERVATION_DATE,PROJECT_CODE,PROTOCOL_TYPE,TRIP_COMMENTS,ID_NCBA_BLOCK,PRIORITY_BLOCK,NCBA_WEEK,COMMON_NAME,BREEDING_CODE,BREEDING_CATEGORY,SPECIES_COMMENTS
S207478054,S207478054,1,Avery,48.0,1.6,,36.0385315,Land Harbor Lake,P,-81.8921113,wintering,1,2025-01-01,EBIRD_ATL_NC,Traveling,"32 Degrees, overcast sky w/light snow flurries, wind 10-15, 29.80 inHg.",NEWLAND-SE,1,1.0,American Crow,,,
S207478054,S207478054,1,Avery,48.0,1.6,,36.0385315,Land Harbor Lake,P,-81.8921113,wintering,1,2025-01-01,EBIRD_ATL_NC,Traveling,"32 Degrees, overcast sky w/light snow flurries, wind 10-15, 29.80 inHg.",NEWLAND-SE,1,1.0,Canada Goose,,,
S207478054,S207478054,1,Avery,48.0,1.6,,36.0385315,Land Harbor Lake,P,-81.8921113,wintering,1,2025-01-01,EBIRD_ATL_NC,Traveling,"32 Degrees, overcast sky w/light snow flurries, wind 10-15, 29.80 inHg.",NEWLAND-SE,1,1.0,Dark-eyed Junco,,,
S207478054,S207478054,1,Avery,48.0,1.6,,36.0385315,Land Harbor Lake,P,-81.8921113,wintering,1,2025-01-01,EBIRD_ATL_NC,Traveling,"32 Degrees, overcast sky w/light snow flurries, wind 10-15, 29.80 inHg.",NEWLAND-SE,1,1.0,Lesser Scaup,,,
S207478054,S207478054,1,Avery,48.0,1.6,,36.0385315,Land Harbor Lake,P,-81.8921113,wintering,1,2025-01-01,EBIRD_ATL_NC,Traveling,"32 Degrees, overcast sky w/light snow flurries, wind 10-15, 29.80 inHg.",NEWLAND-SE,1,1.0,Northern Cardinal,,,
S207478054,S207478054,1,Avery,48.0,1.6,,36.0385315,Land Harbor Lake,P,-81.8921113,wintering,1,2025-01-01,EBIRD_ATL_NC,Traveling,"32 Degrees, overcast sky w/light snow flurries, wind 10-15, 29.80 inHg.",NEWLAND-SE,1,1.0,Song Sparrow,,,
S207823575,S207823575,1,Avery,25.0,0,,36.0961724,Grandfather Mountain--Swinging Bridge,H,-81.8315578,wintering,1,2025-01-01,EBIRD_ATL_NC,Stationary,"Light snow, 50 mph winds.",GRANDFATHER_MOUNTAIN-NW,0,1.0,American Crow,,,
S207478015,S207478015,1,Avery,45.0,1.592,,36.038979,"Sassafras Rd, Newland US-NC (36.0390,-81.8991)",P,-81.899061,wintering,1,2025-01-01,EBIRD_ATL_NC,Traveling,"32 Degrees, overcast sky w/light snow flurries, wind 10-15, 29.80 inHg.",NEWLAND-SE,1,1.0,American Crow,,,
S207478015,S207478015,1,Avery,45.0,1.592,,36.038979,"Sassafras Rd, Newland US-NC (36.0390,-81.8991)",P,-81.899061,wintering,1,2025-01-01,EBIRD_ATL_NC,Traveling,"32 Degrees, overcast sky w/light snow flurries, wind 10-15, 29.80 inHg.",NEWLAND-SE,1,1.0,American Goldfinch,,,
S207478015,S207478015,1,Avery,45.0,1.592,,36.038979,"Sassafras Rd, Newland US-NC (36.0390,-81.8991)",P,-81.899061,wintering,1,2025-01-01,EBIRD_ATL_NC,Traveling,"32 Degrees, overcast sky w/light snow flurries, wind 10-15, 29.80 inHg.",NEWLAND-SE,1,1.0,American Robin,,,
S207478015,S207478015,1,Avery,45.0,1.592,,36.038979,"Sassafras Rd, Newland US-NC (36.0390,-81.8991)",P,-81.899061,wintering,1,2025-01-01,EBIRD_ATL_NC,Traveling,"32 Degrees, overcast sky w/light snow flurries, wind 10-15, 29.80 inHg.",NEWLAND-SE,1,1.0,Blue Jay,,,
S207478015,S207478015,1,Avery,45.0,1.592,,36.038979,"Sassafras Rd, Newland US-NC (36.0390,-81.8991)",P,-81.899061,wintering,1,2025-01-01,EBIRD_ATL_NC,Traveling,"32 Degrees, overcast sky w/light snow flurries, wind 10-15, 29.80 inHg.",NEWLAND-SE,1,1.0,Dark-eyed Junco,,,
S207478015,S207478015,1,Avery,45.0,1.592,,36.038979,"Sassafras Rd, Newland US-NC (36.0390,-81.8991)",P,-81.899061,wintering,1,2025-01-01,EBIRD_ATL_NC,Traveling,"32 Degrees, overcast sky w/light snow flurries, wind 10-15, 29.80 inHg.",NEWLAND-SE,1,1.0,Eastern Towhee,,,
S207478015,S207478015,1,Avery,45.0,1.592,,36.038979,"Sassafras Rd, Newland US-NC (36.0390,-81.8991)",P,-81.899061,wintering,1,2025-01-01,EBIRD_ATL_NC,Traveling,"32 Degrees, overcast sky w/light snow flurries, wind 10-15, 29.80 inHg.",NEWLAND-SE,1,1.0,House Finch,,,
S207478015,S207478015,1,Avery,45.0,1.592,,36.038979,"Sassafras Rd, Newland US-NC (36.0390,-81.8991)",P,-81.899061,wintering,1,2025-01-01,EBIRD_ATL_NC,Traveling,"32 Degrees, overcast sky w/light snow flurries, wind 10-15, 29.80 inHg.",NEWLAND-SE,1,1.0,Mourning Dove,,,
S207478015,S207478015,1,Avery,45.0,1.592,,36.038979,"Sassafras Rd, Newland US-NC (36.0390,-81.8991)",P,-81.899061,wintering,1,2025-01-01,EBIRD_ATL_NC,Traveling,"32 Degrees, overcast sky w/light snow flurries, wind 10-15, 29.80 inHg.",NEWLAND-SE,1,1.0,Northern Cardinal,,,
S207478015,S207478015,1,Avery,45.0,1.592,,36.038979,"Sassafras Rd, Newland US-NC (36.0390,-81.8991)",P,-81.899061,wintering,1,2025-01-01,EBIRD_ATL_NC,Traveling,"32 Degrees, overcast sky w/light snow flurries, wind 10-15, 29.80 inHg.",NEWLAND-SE,1,1.0,Song Sparrow,,,
S207478015,S207478015,1,Avery,45.0,1.592,,36.038979,"Sassafras Rd, Newland US-NC (36.0390,-81.8991)",P,-81.899061,wintering,1,2025-01-01,EBIRD_ATL_NC,Traveling,"32 Degrees, overcast sky w/light snow flurries, wind 10-15, 29.80 inHg.",NEWLAND-SE,1,1.0,White-breasted Nuthatch,,,
S207478015,S207478015,1,Avery,45.0,1.592,,36.038979,"Sassafras Rd, Newland US-NC (36.0390,-81.8991)",P,-81.899061,wintering,1,2025-01-01,EBIRD_ATL_NC,Traveling,"32 Degrees, overcast sky w/light snow flurries, wind 10-15, 29.80 inHg.",NEWLAND-SE,1,1.0,White-throated Sparrow,,,
S207474678,S207474678,1,Brunswick,137.0,0.428,,33.9085692,Oak Island-Turtle Creek,P,-78.1000952,wintering,1,2025-01-01,EBIRD_ATL_NC,Traveling,,SOUTHPORT-SW,0,1,American Crow,,,
S207474678,S207474678,1,Brunswick,137.0,0.428,,33.9085692,Oak Island-Turtle Creek,P,-78.1000952,wintering,1,2025-01-01,EBIRD_ATL_NC,Traveling,,SOUTHPORT-SW,0,1,American Goldfinch,,,
S207474678,S207474678,1,Brunswick,137.0,0.428,,33.9085692,Oak Island-Turtle Creek,P,-78.1000952,wintering,1,2025-01-01,EBIRD_ATL_NC,Traveling,,SOUTHPORT-SW,0,1,Belted Kingfisher,,,
S207474678,S207474678,1,Brunswick,137.0,0.428,,33.9085692,Oak Island-Turtle Creek,P,-78.1000952,wintering,1,2025-01-01,EBIRD_ATL_NC,Traveling,,SOUTHPORT-SW,0,1,Black Vulture,,,
S207474678,S207474678,1,Brunswick,137.0,0.428,,33.9085692,Oak Island-Turtle Creek,P,-78.1000952,wintering,1,2025-01-01,EBIRD_ATL_NC,Traveling,,SOUTHPORT-SW,0,1,Blue Jay,,,
S207474678,S207474678,1,Brunswick,137.0,0.428,,33.9085692,Oak Island-Turtle Creek,P,-78.1000952,wintering,1,2025-01-01,EBIRD_ATL_NC,Traveling,,SOUTHPORT-SW,0,1,Brown Pelican,,,
S207474678,S207474678,1,Brunswick,137.0,0.428,,33.9085692,Oak Island-Turtle Creek,P,-78.1000952,wintering,1,2025-01-01,EBIRD_ATL_NC,Traveling,,SOUTHPORT-SW,0,1,Carolina Chickadee,,,
S207474678,S207474678,1,Brunswick,137.0,0.428,,33.9085692,Oak Island-Turtle Creek,P,-78.1000952,wintering,1,2025-01-01,EBIRD_ATL_NC,Traveling,,SOUTHPORT-SW,0,1,Carolina Wren,,,
S207474678,S207474678,1,Brunswick,137.0,0.428,,33.9085692,Oak Island-Turtle Creek,P,-78.1000952,wintering,1,2025-01-01,EBIRD_ATL_NC,Traveling,,SOUTHPORT-SW,0,1,Double-crested Cormorant,,,
S207474678,S207474678,1,Brunswick,137.0,0.428,,33.9085692,Oak Island-Turtle Creek,P,-78.1000952,wintering,1,2025-01-01,EBIRD_ATL_NC,Traveling,,SOUTHPORT-SW,0,1,Eastern Bluebird,,,
S207474678,S207474678,1,Brunswick,137.0,0.428,,33.9085692,Oak Island-Turtle Creek,P,-78.1000952,wintering,1,2025-01-01,EBIRD_ATL_NC,Traveling,,SOUTHPORT-SW,0,1,Eastern Phoebe,,,
S207474678,S207474678,1,Brunswick,137.0,0.428,,33.9085692,Oak Island-Turtle Creek,P,-78.1000952,wintering,1,2025-01-01,EBIRD_ATL_NC,Traveling,,SOUTHPORT-SW,0,1,Great Black-backed Gull,,,
S207474678,S207474678,1,Brunswick,137.0,0.428,,33.9085692,Oak Island-Turtle Creek,P,-78.1000952,wintering,1,2025-01-01,EBIRD_ATL_NC,Traveling,,SOUTHPORT-SW,0,1,Great Blue Heron,,,
S207474678,S207474678,1,Brunswick,137.0,0.428,,33.9085692,Oak Island-Turtle Creek,P,-78.1000952,wintering,1,2025-01-01,EBIRD_ATL_NC,Traveling,,SOUTHPORT-SW,0,1,Gray Catbird,,,
S207474678,S207474678,1,Brunswick,137.0,0.428,,33.9085692,Oak Island-Turtle Creek,P,-78.1000952,wintering,1,2025-01-01,EBIRD_ATL_NC,Traveling,,SOUTHPORT-SW,0,1,House Finch,,,
S207474678,S207474678,1,Brunswick,137.0,0.428,,33.9085692,Oak Island-Turtle Creek,P,-78.1000952,wintering,1,2025-01-01,EBIRD_ATL_NC,Traveling,,SOUTHPORT-SW,0,1,House Sparrow,,,
S207474678,S207474678,1,Brunswick,137.0,0.428,,33.9085692,Oak Island-Turtle Creek,P,-78.1000952,wintering,1,2025-01-01,EBIRD_ATL_NC,Traveling,,SOUTHPORT-SW,0,1,Mourning Dove,,,
S207474678,S207474678,1,Brunswick,137.0,0.428,,33.9085692,Oak Island-Turtle Creek,P,-78.1000952,wintering,1,2025-01-01,EBIRD_ATL_NC,Traveling,,SOUTHPORT-SW,0,1,Northern Cardinal,,,
S207474678,S207474678,1,Brunswick,137.0,0.428,,33.9085692,Oak Island-Turtle Creek,P,-78.1000952,wintering,1,2025-01-01,EBIRD_ATL_NC,Traveling,,SOUTHPORT-SW,0,1,Northern Harrier,,,
S207474678,S207474678,1,Brunswick,137.0,0.428,,33.9085692,Oak Island-Turtle Creek,P,-78.1000952,wintering,1,2025-01-01,EBIRD_ATL_NC,Traveling,,SOUTHPORT-SW,0,1,Northern Mockingbird,,,
S207474678,S207474678,1,Brunswick,137.0,0.428,,33.9085692,Oak Island-Turtle Creek,P,-78.1000952,wintering,1,2025-01-01,EBIRD_ATL_NC,Traveling,,SOUTHPORT-SW,0,1,Osprey,,,
S207474678,S207474678,1,Brunswick,137.0,0.428,,33.9085692,Oak Island-Turtle Creek,P,-78.1000952,wintering,1,2025-01-01,EBIRD_ATL_NC,Traveling,,SOUTHPORT-SW,0,1,Red-bellied Woodpecker,,,
S207474678,S207474678,1,Brunswick,137.0,0.428,,33.9085692,Oak Island-Turtle Creek,P,-78.1000952,wintering,1,2025-01-01,EBIRD_ATL_NC,Traveling,,SOUTHPORT-SW,0,1,Red-winged Blackbird,,,
S207474678,S207474678,1,Brunswick,137.0,0.428,,33.9085692,Oak Island-Turtle Creek,P,-78.1000952,wintering,1,2025-01-01,EBIRD_ATL_NC,Traveling,,SOUTHPORT-SW,0,1,Ring-billed Gull,,,
S207474678,S207474678,1,Brunswick,137.0,0.428,,33.9085692,Oak Island-Turtle Creek,P,-78.1000952,wintering,1,2025-01-01,EBIRD_ATL_NC,Traveling,,SOUTHPORT-SW,0,1,Ruby-throated Hummingbird,,,
S207474678,S207474678,1,Brunswick,137.0,0.428,,33.9085692,Oak Island-Turtle Creek,P,-78.1000952,wintering,1,2025-01-01,EBIRD_ATL_NC,Traveling,,SOUTHPORT-SW,0,1,Ruby-crowned Kinglet,,,
S207474678,S207474678,1,Brunswick,137.0,0.428,,33.9085692,Oak Island-Turtle Creek,P,-78.1000952,wintering,1,2025-01-01,EBIRD_ATL_NC,Traveling,,SOUTHPORT-SW,0,1,Song Sparrow,,,
S207474678,S207474678,1,Brunswick,137.0,0.428,,33.9085692,Oak Island-Turtle Creek,P,-78.1000952,wintering,1,2025-01-01,EBIRD_ATL_NC,Traveling,,SOUTHPORT-SW,0,1,Tufted Titmouse,,,
S207474678,S207474678,1,Brunswick,137.0,0.428,,33.9085692,Oak Island-Turtle Creek,P,-78.1000952,wintering,1,2025-01-01,EBIRD_ATL_NC,Traveling,,SOUTHPORT-SW,0,1,White-throated Sparrow,,,
S207474678,S207474678,1,Brunswick,137.0,0.428,,33.9085692,Oak Island-Turtle Creek,P,-78.1000952,wintering,1,2025-01-01,EBIRD_ATL_NC,Traveling,,SOUTHPORT-SW,0,1,American Coot,,,
S207474678,S207474678,1,Brunswick,137.0,0.428,,33.9085692,Oak Island-Turtle Creek,P,-78.1000952,wintering,1,2025-01-01,EBIRD_ATL_NC,Traveling,,SOUTHPORT-SW,0,1,Yellow-rumped Warbler,,,
S207525243,S207525243,1,Buncombe,30.0,0.458,,35.518066,Baldwin Fields,P,-82.647081,wintering,1,2025-01-01,EBIRD_ATL_NC,Traveling,,ENKA-SE,1,1,American Crow,,,
S207525243,S207525243,1,Buncombe,30.0,0.458,,35.518066,Baldwin Fields,P,-82.647081,wintering,1,2025-01-01,EBIRD_ATL_NC,Traveling,,ENKA-SE,1,1,Carolina Chickadee,,,
S207525243,S207525243,1,Buncombe,30.0,0.458,,35.518066,Baldwin Fields,P,-82.647081,wintering,1,2025-01-01,EBIRD_ATL_NC,Traveling,,ENKA-SE,1,1,Carolina Wren,,,
S207525243,S207525243,1,Buncombe,30.0,0.458,,35.518066,Baldwin Fields,P,-82.647081,wintering,1,2025-01-01,EBIRD_ATL_NC,Traveling,,ENKA-SE,1,1,Eastern Phoebe,,,
S207525243,S207525243,1,Buncombe,30.0,0.458,,35.518066,Baldwin Fields,P,-82.647081,wintering,1,2025-01-01,EBIRD_ATL_NC,Traveling,,ENKA-SE,1,1,Eastern Towhee,,,
S207525243,S207525243,1,Buncombe,30.0,0.458,,35.518066,Baldwin Fields,P,-82.647081,wintering,1,2025-01-01,EBIRD_ATL_NC,Traveling,,ENKA-SE,1,1,Pileated Woodpecker,,,
S207525243,S207525243,1,Buncombe,30.0,0.458,,35.518066,Baldwin Fields,P,-82.647081,wintering,1,2025-01-01,EBIRD_ATL_NC,Traveling,,ENKA-SE,1,1,Turkey Vulture,,,
S207489432,S207489432,1,Buncombe,11.0,0.13,,35.4794464,Lake Julian Park,H,-82.538002,wintering,1,2025-01-01,EBIRD_ATL_NC,Traveling,,SKYLAND-NE,0,1,American Crow,,,
S207489432,S207489432,1,Buncombe,11.0,0.13,,35.4794464,Lake Julian Park,H,-82.538002,wintering,1,2025-01-01,EBIRD_ATL_NC,Traveling,,SKYLAND-NE,0,1,American Robin,,,
S207489432,S207489432,1,Buncombe,11.0,0.13,,35.4794464,Lake Julian Park,H,-82.538002,wintering,1,2025-01-01,EBIRD_ATL_NC,Traveling,,SKYLAND-NE,0,1,Bufflehead,,,
S207489432,S207489432,1,Buncombe,11.0,0.13,,35.4794464,Lake Julian Park,H,-82.538002,wintering,1,2025-01-01,EBIRD_ATL_NC,Traveling,,SKYLAND-NE,0,1,Golden-crowned Kinglet,,,
S207489432,S207489432,1,Buncombe,11.0,0.13,,35.4794464,Lake Julian Park,H,-82.538002,wintering,1,2025-01-01,EBIRD_ATL_NC,Traveling,,SKYLAND-NE,0,1,Red-tailed Hawk,,,
S207489432,S207489432,1,Buncombe,11.0,0.13,,35.4794464,Lake Julian Park,H,-82.538002,wintering,1,2025-01-01,EBIRD_ATL_NC,Traveling,,SKYLAND-NE,0,1,Tufted Titmouse,,,
S207489432,S207489432,1,Buncombe,11.0,0.13,,35.4794464,Lake Julian Park,H,-82.538002,wintering,1,2025-01-01,EBIRD_ATL_NC,Traveling,,SKYLAND-NE,0,1,American Coot,,,
S207474651,S207474651,1,Buncombe,10.0,0.397,,35.5534398,Biltmore Estate--Deer Park River Trail,H,-82.5865245,wintering,1,2025-01-01,EBIRD_ATL_NC,Traveling,,ASHEVILLE-CW,0,1,American Crow,,,
S207474651,S207474651,1,Buncombe,10.0,0.397,,35.5534398,Biltmore Estate--Deer Park River Trail,H,-82.5865245,wintering,1,2025-01-01,EBIRD_ATL_NC,Traveling,,ASHEVILLE-CW,0,1,American Robin,,,
S207474651,S207474651,1,Buncombe,10.0,0.397,,35.5534398,Biltmore Estate--Deer Park River Trail,H,-82.5865245,wintering,1,2025-01-01,EBIRD_ATL_NC,Traveling,,ASHEVILLE-CW,0,1,Black Vulture,,,
S207474651,S207474651,1,Buncombe,10.0,0.397,,35.5534398,Biltmore Estate--Deer Park River Trail,H,-82.5865245,wintering,1,2025-01-01,EBIRD_ATL_NC,Traveling,,ASHEVILLE-CW,0,1,Eastern Meadowlark,,,
S207474651,S207474651,1,Buncombe,10.0,0.397,,35.5534398,Biltmore Estate--Deer Park River Trail,H,-82.5865245,wintering,1,2025-01-01,EBIRD_ATL_NC,Traveling,,ASHEVILLE-CW,0,1,Fish Crow,,,
S207474651,S207474651,1,Buncombe,10.0,0.397,,35.5534398,Biltmore Estate--Deer Park River Trail,H,-82.5865245,wintering,1,2025-01-01,EBIRD_ATL_NC,Traveling,,ASHEVILLE-CW,0,1,Killdeer,,,
S207474651,S207474651,1,Buncombe,10.0,0.397,,35.5534398,Biltmore Estate--Deer Park River Trail,H,-82.5865245,wintering,1,2025-01-01,EBIRD_ATL_NC,Traveling,,ASHEVILLE-CW,0,1,Mourning Dove,,,
S207474651,S207474651,1,Buncombe,10.0,0.397,,35.5534398,Biltmore Estate--Deer Park River Trail,H,-82.5865245,wintering,1,2025-01-01,EBIRD_ATL_NC,Traveling,,ASHEVILLE-CW,0,1,Savannah Sparrow,,,
S207474651,S207474651,1,Buncombe,10.0,0.397,,35.5534398,Biltmore Estate--Deer Park River Trail,H,-82.5865245,wintering,1,2025-01-01,EBIRD_ATL_NC,Traveling,,ASHEVILLE-CW,0,1,Song Sparrow,,,
S207474651,S207474651,1,Buncombe,10.0,0.397,,35.5534398,Biltmore Estate--Deer Park River Trail,H,-82.5865245,wintering,1,2025-01-01,EBIRD_ATL_NC,Traveling,,ASHEVILLE-CW,0,1,Turkey Vulture,,,
S207506131,S207506131,1,Buncombe,107.0,0.958,G13685934,35.476398,"Lake Julian Frisbee Golf Course 28704, Arden US-NC (35.4764,-82.5252)",P,-82.52523,wintering,2,2025-01-01,EBIRD_ATL_NC,Traveling,,SKYLAND-NE,0,1,American Crow,,,
S207506131,S207506131,1,Buncombe,107.0,0.958,G13685934,35.476398,"Lake Julian Frisbee Golf Course 28704, Arden US-NC (35.4764,-82.5252)",P,-82.52523,wintering,2,2025-01-01,EBIRD_ATL_NC,Traveling,,SKYLAND-NE,0,1,American Robin,,,
S207506131,S207506131,1,Buncombe,107.0,0.958,G13685934,35.476398,"Lake Julian Frisbee Golf Course 28704, Arden US-NC (35.4764,-82.5252)",P,-82.52523,wintering,2,2025-01-01,EBIRD_ATL_NC,Traveling,,SKYLAND-NE,0,1,Blue Jay,,,
S207506131,S207506131,1,Buncombe,107.0,0.958,G13685934,35.476398,"Lake Julian Frisbee Golf Course 28704, Arden US-NC (35.4764,-82.5252)",P,-82.52523,wintering,2,2025-01-01,EBIRD_ATL_NC,Traveling,,SKYLAND-NE,0,1,Bufflehead,,,
S207506131,S207506131,1,Buncombe,107.0,0.958,G13685934,35.476398,"Lake Julian Frisbee Golf Course 28704, Arden US-NC (35.4764,-82.5252)",P,-82.52523,wintering,2,2025-01-01,EBIRD_ATL_NC,Traveling,,SKYLAND-NE,0,1,Carolina Chickadee,,,
S207506131,S207506131,1,Buncombe,107.0,0.958,G13685934,35.476398,"Lake Julian Frisbee Golf Course 28704, Arden US-NC (35.4764,-82.5252)",P,-82.52523,wintering,2,2025-01-01,EBIRD_ATL_NC,Traveling,,SKYLAND-NE,0,1,Carolina Wren,,,
S207506131,S207506131,1,Buncombe,107.0,0.958,G13685934,35.476398,"Lake Julian Frisbee Golf Course 28704, Arden US-NC (35.4764,-82.5252)",P,-82.52523,wintering,2,2025-01-01,EBIRD_ATL_NC,Traveling,,SKYLAND-NE,0,1,Downy Woodpecker,,,
S207506131,S207506131,1,Buncombe,107.0,0.958,G13685934,35.476398,"Lake Julian Frisbee Golf Course 28704, Arden US-NC (35.4764,-82.5252)",P,-82.52523,wintering,2,2025-01-01,EBIRD_ATL_NC,Traveling,,SKYLAND-NE,0,1,Eastern Phoebe,,,
S207506131,S207506131,1,Buncombe,107.0,0.958,G13685934,35.476398,"Lake Julian Frisbee Golf Course 28704, Arden US-NC (35.4764,-82.5252)",P,-82.52523,wintering,2,2025-01-01,EBIRD_ATL_NC,Traveling,,SKYLAND-NE,0,1,Field Sparrow,,,
S207506131,S207506131,1,Buncombe,107.0,0.958,G13685934,35.476398,"Lake Julian Frisbee Golf Course 28704, Arden US-NC (35.4764,-82.5252)",P,-82.52523,wintering,2,2025-01-01,EBIRD_ATL_NC,Traveling,,SKYLAND-NE,0,1,Great Blue Heron,,,
S207506131,S207506131,1,Buncombe,107.0,0.958,G13685934,35.476398,"Lake Julian Frisbee Golf Course 28704, Arden US-NC (35.4764,-82.5252)",P,-82.52523,wintering,2,2025-01-01,EBIRD_ATL_NC,Traveling,,SKYLAND-NE,0,1,Hooded Merganser,,,
S207506131,S207506131,1,Buncombe,107.0,0.958,G13685934,35.476398,"Lake Julian Frisbee Golf Course 28704, Arden US-NC (35.4764,-82.5252)",P,-82.52523,wintering,2,2025-01-01,EBIRD_ATL_NC,Traveling,,SKYLAND-NE,0,1,House Finch,,,
S207506131,S207506131,1,Buncombe,107.0,0.958,G13685934,35.476398,"Lake Julian Frisbee Golf Course 28704, Arden US-NC (35.4764,-82.5252)",P,-82.52523,wintering,2,2025-01-01,EBIRD_ATL_NC,Traveling,,SKYLAND-NE,0,1,Mourning Dove,,,
S207506131,S207506131,1,Buncombe,107.0,0.958,G13685934,35.476398,"Lake Julian Frisbee Golf Course 28704, Arden US-NC (35.4764,-82.5252)",P,-82.52523,wintering,2,2025-01-01,EBIRD_ATL_NC,Traveling,,SKYLAND-NE,0,1,Northern Cardinal,,,
S207506131,S207506131,1,Buncombe,107.0,0.958,G13685934,35.476398,"Lake Julian Frisbee Golf Course 28704, Arden US-NC (35.4764,-82.5252)",P,-82.52523,wintering,2,2025-01-01,EBIRD_ATL_NC,Traveling,,SKYLAND-NE,0,1,Northern Mockingbird,,,
S207506131,S207506131,1,Buncombe,107.0,0.958,G13685934,35.476398,"Lake Julian Frisbee Golf Course 28704, Arden US-NC (35.4764,-82.5252)",P,-82.52523,wintering,2,2025-01-01,EBIRD_ATL_NC,Traveling,,SKYLAND-NE,0,1,Pileated Woodpecker,,,
S207506131,S207506131,1,Buncombe,107.0,0.958,G13685934,35.476398,"Lake Julian Frisbee Golf Course 28704, Arden US-NC (35.4764,-82.5252)",P,-82.52523,wintering,2,2025-01-01,EBIRD_ATL_NC,Traveling,,SKYLAND-NE,0,1,Red-bellied Woodpecker,,,
S207506131,S207506131,1,Buncombe,107.0,0.958,G13685934,35.476398,"Lake Julian Frisbee Golf Course 28704, Arden US-NC (35.4764,-82.5252)",P,-82.52523,wintering,2,2025-01-01,EBIRD_ATL_NC,Traveling,,SKYLAND-NE,0,1,Savannah Sparrow,,,
S207506131,S207506131,1,Buncombe,107.0,0.958,G13685934,35.476398,"Lake Julian Frisbee Golf Course 28704, Arden US-NC (35.4764,-82.5252)",P,-82.52523,wintering,2,2025-01-01,EBIRD_ATL_NC,Traveling,,SKYLAND-NE,0,1,Song Sparrow,,,
S207506131,S207506131,1,Buncombe,107.0,0.958,G13685934,35.476398,"Lake Julian Frisbee Golf Course 28704, Arden US-NC (35.4764,-82.5252)",P,-82.52523,wintering,2,2025-01-01,EBIRD_ATL_NC,Traveling,,SKYLAND-NE,0,1,Tufted Titmouse,,,
S207506131,S207506131,1,Buncombe,107.0,0.958,G13685934,35.476398,"Lake Julian Frisbee Golf Course 28704, Arden US-NC (35.4764,-82.5252)",P,-82.52523,wintering,2,2025-01-01,EBIRD_ATL_NC,Traveling,,SKYLAND-NE,0,1,White-throated Sparrow,,,
S207581008,S207581008,1,Buncombe,70.0,1.609,,35.4794464,Lake Julian Park,H,-82.538002,wintering,1,2025-01-01,EBIRD_ATL_NC,Traveling,,SKYLAND-NE,0,1.0,American Crow,,,
S207581008,S207581008,1,Buncombe,70.0,1.609,,35.4794464,Lake Julian Park,H,-82.538002,wintering,1,2025-01-01,EBIRD_ATL_NC,Traveling,,SKYLAND-NE,0,1.0,American Goldfinch,,,
S207581008,S207581008,1,Buncombe,70.0,1.609,,35.4794464,Lake Julian Park,H,-82.538002,wintering,1,2025-01-01,EBIRD_ATL_NC,Traveling,,SKYLAND-NE,0,1.0,Blue Jay,,,
S207581008,S207581008,1,Buncombe,70.0,1.609,,35.4794464,Lake Julian Park,H,-82.538002,wintering,1,2025-01-01,EBIRD_ATL_NC,Traveling,,SKYLAND-NE,0,1.0,Bufflehead,,,
S207581008,S207581008,1,Buncombe,70.0,1.609,,35.4794464,Lake Julian Park,H,-82.538002,wintering,1,2025-01-01,EBIRD_ATL_NC,Traveling,,SKYLAND-NE,0,1.0,Carolina Chickadee,,,
S207581008,S207581008,1,Buncombe,70.0,1.609,,35.4794464,Lake Julian Park,H,-82.538002,wintering,1,2025-01-01,EBIRD_ATL_NC,Traveling,,SKYLAND-NE,0,1.0,Domestic goose sp. (Domestic type),,,
S207581008,S207581008,1,Buncombe,70.0,1.609,,35.4794464,Lake Julian Park,H,-82.538002,wintering,1,2025-01-01,EBIRD_ATL_NC,Traveling,,SKYLAND-NE,0,1.0,Egyptian Goose,,,
S207581008,S207581008,1,Buncombe,70.0,1.609,,35.4794464,Lake Julian Park,H,-82.538002,wintering,1,2025-01-01,EBIRD_ATL_NC,Traveling,,SKYLAND-NE,0,1.0,Golden-crowned Kinglet,,,
S207581008,S207581008,1,Buncombe,70.0,1.609,,35.4794464,Lake Julian Park,H,-82.538002,wintering,1,2025-01-01,EBIRD_ATL_NC,Traveling,,SKYLAND-NE,0,1.0,Mourning Dove,,,
S207581008,S207581008,1,Buncombe,70.0,1.609,,35.4794464,Lake Julian Park,H,-82.538002,wintering,1,2025-01-01,EBIRD_ATL_NC,Traveling,,SKYLAND-NE,0,1.0,Muscovy Duck,,,
S207581008,S207581008,1,Buncombe,70.0,1.609,,35.4794464,Lake Julian Park,H,-82.538002,wintering,1,2025-01-01,EBIRD_ATL_NC,Traveling,,SKYLAND-NE,0,1.0,Northern Mockingbird,,,
S207581008,S207581008,1,Buncombe,70.0,1.609,,35.4794464,Lake Julian Park,H,-82.538002,wintering,1,2025-01-01,EBIRD_ATL_NC,Traveling,,SKYLAND-NE,0,1.0,Red-shouldered Hawk,,,
S207581008,S207581008,1,Buncombe,70.0,1.609,,35.4794464,Lake Julian Park,H,-82.538002,wintering,1,2025-01-01,EBIRD_ATL_NC,Traveling,,SKYLAND-NE,0,1.0,Ruby-crowned Kinglet,,,
S207581008,S207581008,1,Buncombe,70.0,1.609,,35.4794464,Lake Julian Park,H,-82.538002,wintering,1,2025-01-01,EBIRD_ATL_NC,Traveling,,SKYLAND-NE,0,1.0,Ruddy Duck,,,
S207581008,S207581008,1,Buncombe,70.0,1.609,,35.4794464,Lake Julian Park,H,-82.538002,wintering,1,2025-01-01,EBIRD_ATL_NC,Traveling,,SKYLAND-NE,0,1.0,Tufted Titmouse,,,
S207581008,S207581008,1,Buncombe,70.0,1.609,,35.4794464,Lake Julian Park,H,-82.538002,wintering,1,2025-01-01,EBIRD_ATL_NC,Traveling,,SKYLAND-NE,0,1.0,American Coot,,,
S207581008,S207581008,1,Buncombe,70.0,1.609,,35.4794464,Lake Julian Park,H,-82.538002,wintering,1,2025-01-01,EBIRD_ATL_NC,Traveling,,SKYLAND-NE,0,1.0,Yellow-bellied Sapsucker,,,
S207562483,S207562483,1,Buncombe,19.0,0,,35.5734568,Home,P,-82.597792,wintering,1,2025-01-01,EBIRD_ATL_NC,Stationary,,ASHEVILLE-CW,0,1.0,American Crow,,,
S207562483,S207562483,1,Buncombe,19.0,0,,35.5734568,Home,P,-82.597792,wintering,1,2025-01-01,EBIRD_ATL_NC,Stationary,,ASHEVILLE-CW,0,1.0,American Robin,,,
S207562483,S207562483,1,Buncombe,19.0,0,,35.5734568,Home,P,-82.597792,wintering,1,2025-01-01,EBIRD_ATL_NC,Stationary,,ASHEVILLE-CW,0,1.0,Canada Goose,,,Heard
S207562483,S207562483,1,Buncombe,19.0,0,,35.5734568,Home,P,-82.597792,wintering,1,2025-01-01,EBIRD_ATL_NC,Stationary,,ASHEVILLE-CW,0,1.0,Carolina Wren,,,
S207562483,S207562483,1,Buncombe,19.0,0,,35.5734568,Home,P,-82.597792,wintering,1,2025-01-01,EBIRD_ATL_NC,Stationary,,ASHEVILLE-CW,0,1.0,Common Grackle,,,
S207562483,S207562483,1,Buncombe,19.0,0,,35.5734568,Home,P,-82.597792,wintering,1,2025-01-01,EBIRD_ATL_NC,Stationary,,ASHEVILLE-CW,0,1.0,Eastern Towhee,,,
S207562483,S207562483,1,Buncombe,19.0,0,,35.5734568,Home,P,-82.597792,wintering,1,2025-01-01,EBIRD_ATL_NC,Stationary,,ASHEVILLE-CW,0,1.0,Hairy Woodpecker,,,
S207562483,S207562483,1,Buncombe,19.0,0,,35.5734568,Home,P,-82.597792,wintering,1,2025-01-01,EBIRD_ATL_NC,Stationary,,ASHEVILLE-CW,0,1.0,Northern Cardinal,,,
S207562483,S207562483,1,Buncombe,19.0,0,,35.5734568,Home,P,-82.597792,wintering,1,2025-01-01,EBIRD_ATL_NC,Stationary,,ASHEVILLE-CW,0,1.0,Song Sparrow,,,
S207562483,S207562483,1,Buncombe,19.0,0,,35.5734568,Home,P,-82.597792,wintering,1,2025-01-01,EBIRD_ATL_NC,Stationary,,ASHEVILLE-CW,0,1.0,White-throated Sparrow,,,
S207509843,S207509843,1,Buncombe,107.0,0.958,G13685934,35.476398,"Lake Julian Frisbee Golf Course 28704, Arden US-NC (35.4764,-82.5252)",P,-82.52523,wintering,2,2025-01-01,EBIRD_ATL_NC,Traveling,,SKYLAND-NE,0,1,American Crow,,,
S207509843,S207509843,1,Buncombe,107.0,0.958,G13685934,35.476398,"Lake Julian Frisbee Golf Course 28704, Arden US-NC (35.4764,-82.5252)",P,-82.52523,wintering,2,2025-01-01,EBIRD_ATL_NC,Traveling,,SKYLAND-NE,0,1,American Robin,,,
S207509843,S207509843,1,Buncombe,107.0,0.958,G13685934,35.476398,"Lake Julian Frisbee Golf Course 28704, Arden US-NC (35.4764,-82.5252)",P,-82.52523,wintering,2,2025-01-01,EBIRD_ATL_NC,Traveling,,SKYLAND-NE,0,1,Blue Jay,,,
S207509843,S207509843,1,Buncombe,107.0,0.958,G13685934,35.476398,"Lake Julian Frisbee Golf Course 28704, Arden US-NC (35.4764,-82.5252)",P,-82.52523,wintering,2,2025-01-01,EBIRD_ATL_NC,Traveling,,SKYLAND-NE,0,1,Bufflehead,,,
S207509843,S207509843,1,Buncombe,107.0,0.958,G13685934,35.476398,"Lake Julian Frisbee Golf Course 28704, Arden US-NC (35.4764,-82.5252)",P,-82.52523,wintering,2,2025-01-01,EBIRD_ATL_NC,Traveling,,SKYLAND-NE,0,1,Carolina Chickadee,,,
S207509843,S207509843,1,Buncombe,107.0,0.958,G13685934,35.476398,"Lake Julian Frisbee Golf Course 28704, Arden US-NC (35.4764,-82.5252)",P,-82.52523,wintering,2,2025-01-01,EBIRD_ATL_NC,Traveling,,SKYLAND-NE,0,1,Carolina Wren,,,
S207509843,S207509843,1,Buncombe,107.0,0.958,G13685934,35.476398,"Lake Julian Frisbee Golf Course 28704, Arden US-NC (35.4764,-82.5252)",P,-82.52523,wintering,2,2025-01-01,EBIRD_ATL_NC,Traveling,,SKYLAND-NE,0,1,Downy Woodpecker,,,
S207509843,S207509843,1,Buncombe,107.0,0.958,G13685934,35.476398,"Lake Julian Frisbee Golf Course 28704, Arden US-NC (35.4764,-82.5252)",P,-82.52523,wintering,2,2025-01-01,EBIRD_ATL_NC,Traveling,,SKYLAND-NE,0,1,Eastern Phoebe,,,
S207509843,S207509843,1,Buncombe,107.0,0.958,G13685934,35.476398,"Lake Julian Frisbee Golf Course 28704, Arden US-NC (35.4764,-82.5252)",P,-82.52523,wintering,2,2025-01-01,EBIRD_ATL_NC,Traveling,,SKYLAND-NE,0,1,Field Sparrow,,,
S207509843,S207509843,1,Buncombe,107.0,0.958,G13685934,35.476398,"Lake Julian Frisbee Golf Course 28704, Arden US-NC (35.4764,-82.5252)",P,-82.52523,wintering,2,2025-01-01,EBIRD_ATL_NC,Traveling,,SKYLAND-NE,0,1,Great Blue Heron,,,
S207509843,S207509843,1,Buncombe,107.0,0.958,G13685934,35.476398,"Lake Julian Frisbee Golf Course 28704, Arden US-NC (35.4764,-82.5252)",P,-82.52523,wintering,2,2025-01-01,EBIRD_ATL_NC,Traveling,,SKYLAND-NE,0,1,Hooded Merganser,,,
S207509843,S207509843,1,Buncombe,107.0,0.958,G13685934,35.476398,"Lake Julian Frisbee Golf Course 28704, Arden US-NC (35.4764,-82.5252)",P,-82.52523,wintering,2,2025-01-01,EBIRD_ATL_NC,Traveling,,SKYLAND-NE,0,1,House Finch,,,
S207509843,S207509843,1,Buncombe,107.0,0.958,G13685934,35.476398,"Lake Julian Frisbee Golf Course 28704, Arden US-NC (35.4764,-82.5252)",P,-82.52523,wintering,2,2025-01-01,EBIRD_ATL_NC,Traveling,,SKYLAND-NE,0,1,Mourning Dove,,,
S207509843,S207509843,1,Buncombe,107.0,0.958,G13685934,35.476398,"Lake Julian Frisbee Golf Course 28704, Arden US-NC (35.4764,-82.5252)",P,-82.52523,wintering,2,2025-01-01,EBIRD_ATL_NC,Traveling,,SKYLAND-NE,0,1,Northern Cardinal,,,
S207509843,S207509843,1,Buncombe,107.0,0.958,G13685934,35.476398,"Lake Julian Frisbee Golf Course 28704, Arden US-NC (35.4764,-82.5252)",P,-82.52523,wintering,2,2025-01-01,EBIRD_ATL_NC,Traveling,,SKYLAND-NE,0,1,Northern Mockingbird,,,
S207509843,S207509843,1,Buncombe,107.0,0.958,G13685934,35.476398,"Lake Julian Frisbee Golf Course 28704, Arden US-NC (35.4764,-82.5252)",P,-82.52523,wintering,2,2025-01-01,EBIRD_ATL_NC,Traveling,,SKYLAND-NE,0,1,Pileated Woodpecker,,,
S207509843,S207509843,1,Buncombe,107.0,0.958,G13685934,35.476398,"Lake Julian Frisbee Golf Course 28704, Arden US-NC (35.4764,-82.5252)",P,-82.52523,wintering,2,2025-01-01,EBIRD_ATL_NC,Traveling,,SKYLAND-NE,0,1,Red-bellied Woodpecker,,,
S207509843,S207509843,1,Buncombe,107.0,0.958,G13685934,35.476398,"Lake Julian Frisbee Golf Course 28704, Arden US-NC (35.4764,-82.5252)",P,-82.52523,wintering,2,2025-01-01,EBIRD_ATL_NC,Traveling,,SKYLAND-NE,0,1,Savannah Sparrow,,,
S207509843,S207509843,1,Buncombe,107.0,0.958,G13685934,35.476398,"Lake Julian Frisbee Golf Course 28704, Arden US-NC (35.4764,-82.5252)",P,-82.52523,wintering,2,2025-01-01,EBIRD_ATL_NC,Traveling,,SKYLAND-NE,0,1,Song Sparrow,,,
S207509843,S207509843,1,Buncombe,107.0,0.958,G13685934,35.476398,"Lake Julian Frisbee Golf Course 28704, Arden US-NC (35.4764,-82.5252)",P,-82.52523,wintering,2,2025-01-01,EBIRD_ATL_NC,Traveling,,SKYLAND-NE,0,1,Tufted Titmouse,,,
S207509843,S207509843,1,Buncombe,107.0,0.958,G13685934,35.476398,"Lake Julian Frisbee Golf Course 28704, Arden US-NC (35.4764,-82.5252)",P,-82.52523,wintering,2,2025-01-01,EBIRD_ATL_NC,Traveling,,SKYLAND-NE,0,1,White-throated Sparrow,,,
S207449087,S207449087,1,Buncombe,21.0,0.599,,35.633465,Beaver Lake Bird Sanctuary,H,-82.55752,wintering,1,2025-01-01,EBIRD_ATL_NC,Traveling,,WEAVERVILLE-SE,1,1.0,American Crow,,,
S207449087,S207449087,1,Buncombe,21.0,0.599,,35.633465,Beaver Lake Bird Sanctuary,H,-82.55752,wintering,1,2025-01-01,EBIRD_ATL_NC,Traveling,,WEAVERVILLE-SE,1,1.0,American Goldfinch,,,
S207449087,S207449087,1,Buncombe,21.0,0.599,,35.633465,Beaver Lake Bird Sanctuary,H,-82.55752,wintering,1,2025-01-01,EBIRD_ATL_NC,Traveling,,WEAVERVILLE-SE,1,1.0,American Robin,,,
S207449087,S207449087,1,Buncombe,21.0,0.599,,35.633465,Beaver Lake Bird Sanctuary,H,-82.55752,wintering,1,2025-01-01,EBIRD_ATL_NC,Traveling,,WEAVERVILLE-SE,1,1.0,Blue Jay,,,
S207449087,S207449087,1,Buncombe,21.0,0.599,,35.633465,Beaver Lake Bird Sanctuary,H,-82.55752,wintering,1,2025-01-01,EBIRD_ATL_NC,Traveling,,WEAVERVILLE-SE,1,1.0,Brown-headed Nuthatch,,,
S207449087,S207449087,1,Buncombe,21.0,0.599,,35.633465,Beaver Lake Bird Sanctuary,H,-82.55752,wintering,1,2025-01-01,EBIRD_ATL_NC,Traveling,,WEAVERVILLE-SE,1,1.0,Canada Goose,,,
S207449087,S207449087,1,Buncombe,21.0,0.599,,35.633465,Beaver Lake Bird Sanctuary,H,-82.55752,wintering,1,2025-01-01,EBIRD_ATL_NC,Traveling,,WEAVERVILLE-SE,1,1.0,Carolina Chickadee,,,
S207449087,S207449087,1,Buncombe,21.0,0.599,,35.633465,Beaver Lake Bird Sanctuary,H,-82.55752,wintering,1,2025-01-01,EBIRD_ATL_NC,Traveling,,WEAVERVILLE-SE,1,1.0,Carolina Wren,,,
S207449087,S207449087,1,Buncombe,21.0,0.599,,35.633465,Beaver Lake Bird Sanctuary,H,-82.55752,wintering,1,2025-01-01,EBIRD_ATL_NC,Traveling,,WEAVERVILLE-SE,1,1.0,Downy Woodpecker,,,
S207449087,S207449087,1,Buncombe,21.0,0.599,,35.633465,Beaver Lake Bird Sanctuary,H,-82.55752,wintering,1,2025-01-01,EBIRD_ATL_NC,Traveling,,WEAVERVILLE-SE,1,1.0,Eastern Bluebird,,,
S207449087,S207449087,1,Buncombe,21.0,0.599,,35.633465,Beaver Lake Bird Sanctuary,H,-82.55752,wintering,1,2025-01-01,EBIRD_ATL_NC,Traveling,,WEAVERVILLE-SE,1,1.0,Eastern Phoebe,,,
S207449087,S207449087,1,Buncombe,21.0,0.599,,35.633465,Beaver Lake Bird Sanctuary,H,-82.55752,wintering,1,2025-01-01,EBIRD_ATL_NC,Traveling,,WEAVERVILLE-SE,1,1.0,Eastern Towhee,,,
S207449087,S207449087,1,Buncombe,21.0,0.599,,35.633465,Beaver Lake Bird Sanctuary,H,-82.55752,wintering,1,2025-01-01,EBIRD_ATL_NC,Traveling,,WEAVERVILLE-SE,1,1.0,Great Blue Heron,,,
S207449087,S207449087,1,Buncombe,21.0,0.599,,35.633465,Beaver Lake Bird Sanctuary,H,-82.55752,wintering,1,2025-01-01,EBIRD_ATL_NC,Traveling,,WEAVERVILLE-SE,1,1.0,House Finch,,,
S207449087,S207449087,1,Buncombe,21.0,0.599,,35.633465,Beaver Lake Bird Sanctuary,H,-82.55752,wintering,1,2025-01-01,EBIRD_ATL_NC,Traveling,,WEAVERVILLE-SE,1,1.0,Mallard,,,
S207449087,S207449087,1,Buncombe,21.0,0.599,,35.633465,Beaver Lake Bird Sanctuary,H,-82.55752,wintering,1,2025-01-01,EBIRD_ATL_NC,Traveling,,WEAVERVILLE-SE,1,1.0,Northern Cardinal,,,
S207449087,S207449087,1,Buncombe,21.0,0.599,,35.633465,Beaver Lake Bird Sanctuary,H,-82.55752,wintering,1,2025-01-01,EBIRD_ATL_NC,Traveling,,WEAVERVILLE-SE,1,1.0,Pied-billed Grebe,,,
S207449087,S207449087,1,Buncombe,21.0,0.599,,35.633465,Beaver Lake Bird Sanctuary,H,-82.55752,wintering,1,2025-01-01,EBIRD_ATL_NC,Traveling,,WEAVERVILLE-SE,1,1.0,Red-shouldered Hawk,,,
S207449087,S207449087,1,Buncombe,21.0,0.599,,35.633465,Beaver Lake Bird Sanctuary,H,-82.55752,wintering,1,2025-01-01,EBIRD_ATL_NC,Traveling,,WEAVERVILLE-SE,1,1.0,Song Sparrow,,,
S207449087,S207449087,1,Buncombe,21.0,0.599,,35.633465,Beaver Lake Bird Sanctuary,H,-82.55752,wintering,1,2025-01-01,EBIRD_ATL_NC,Traveling,,WEAVERVILLE-SE,1,1.0,Swamp Sparrow,,,
S207449087,S207449087,1,Buncombe,21.0,0.599,,35.633465,Beaver Lake Bird Sanctuary,H,-82.55752,wintering,1,2025-01-01,EBIRD_ATL_NC,Traveling,,WEAVERVILLE-SE,1,1.0,Tufted Titmouse,,,
S207449087,S207449087,1,Buncombe,21.0,0.599,,35.633465,Beaver Lake Bird Sanctuary,H,-82.55752,wintering,1,2025-01-01,EBIRD_ATL_NC,Traveling,,WEAVERVILLE-SE,1,1.0,White-breasted Nuthatch,,,
S207449087,S207449087,1,Buncombe,21.0,0.599,,35.633465,Beaver Lake Bird Sanctuary,H,-82.55752,wintering,1,2025-01-01,EBIRD_ATL_NC,Traveling,,WEAVERVILLE-SE,1,1.0,White-throated Sparrow,,,
S207449087,S207449087,1,Buncombe,21.0,0.599,,35.633465,Beaver Lake Bird Sanctuary,H,-82.55752,wintering,1,2025-01-01,EBIRD_ATL_NC,Traveling,,WEAVERVILLE-SE,1,1.0,Winter Wren,,,
S207466240,S207466240,0,Buncombe,0,0,,35.5653536,Carrier Park,H,-82.577228,wintering,1,2025-01-01,EBIRD_ATL_NC,Incidental,,ASHEVILLE-CW,0,1.0,American Crow,,,
S207466240,S207466240,0,Buncombe,0,0,,35.5653536,Carrier Park,H,-82.577228,wintering,1,2025-01-01,EBIRD_ATL_NC,Incidental,,ASHEVILLE-CW,0,1.0,Rock Pigeon,,,
S207466240,S207466240,0,Buncombe,0,0,,35.5653536,Carrier Park,H,-82.577228,wintering,1,2025-01-01,EBIRD_ATL_NC,Incidental,,ASHEVILLE-CW,0,1.0,Turkey Vulture,,,
S207556269,S207556269,1,Buncombe,5.0,0,,35.7096008,40 Flack Valley Road,P,-82.6052141,wintering,1,2025-01-01,EBIRD_ATL_NC,Stationary,,WEAVERVILLE-NW,0,1.0,American Crow,,,
S207556269,S207556269,1,Buncombe,5.0,0,,35.7096008,40 Flack Valley Road,P,-82.6052141,wintering,1,2025-01-01,EBIRD_ATL_NC,Stationary,,WEAVERVILLE-NW,0,1.0,Brown Creeper,,,
S207556269,S207556269,1,Buncombe,5.0,0,,35.7096008,40 Flack Valley Road,P,-82.6052141,wintering,1,2025-01-01,EBIRD_ATL_NC,Stationary,,WEAVERVILLE-NW,0,1.0,Carolina Wren,,,
S207556269,S207556269,1,Buncombe,5.0,0,,35.7096008,40 Flack Valley Road,P,-82.6052141,wintering,1,2025-01-01,EBIRD_ATL_NC,Stationary,,WEAVERVILLE-NW,0,1.0,Red-bellied Woodpecker,,,
S207453856,S207453856,1,Buncombe,106.0,0.324,,35.7096008,40 Flack Valley Road,P,-82.6052141,wintering,1,2025-01-01,EBIRD_ATL_NC,Traveling,At the feeder and in the yard.,WEAVERVILLE-NW,0,1,American Crow,,,
S207453856,S207453856,1,Buncombe,106.0,0.324,,35.7096008,40 Flack Valley Road,P,-82.6052141,wintering,1,2025-01-01,EBIRD_ATL_NC,Traveling,At the feeder and in the yard.,WEAVERVILLE-NW,0,1,American Goldfinch,,,
S207453856,S207453856,1,Buncombe,106.0,0.324,,35.7096008,40 Flack Valley Road,P,-82.6052141,wintering,1,2025-01-01,EBIRD_ATL_NC,Traveling,At the feeder and in the yard.,WEAVERVILLE-NW,0,1,American Robin,,,
S207453856,S207453856,1,Buncombe,106.0,0.324,,35.7096008,40 Flack Valley Road,P,-82.6052141,wintering,1,2025-01-01,EBIRD_ATL_NC,Traveling,At the feeder and in the yard.,WEAVERVILLE-NW,0,1,Black Vulture,,,
S207453856,S207453856,1,Buncombe,106.0,0.324,,35.7096008,40 Flack Valley Road,P,-82.6052141,wintering,1,2025-01-01,EBIRD_ATL_NC,Traveling,At the feeder and in the yard.,WEAVERVILLE-NW,0,1,Blue Jay,,,
S207453856,S207453856,1,Buncombe,106.0,0.324,,35.7096008,40 Flack Valley Road,P,-82.6052141,wintering,1,2025-01-01,EBIRD_ATL_NC,Traveling,At the feeder and in the yard.,WEAVERVILLE-NW,0,1,Brown-headed Nuthatch,,,
S207453856,S207453856,1,Buncombe,106.0,0.324,,35.7096008,40 Flack Valley Road,P,-82.6052141,wintering,1,2025-01-01,EBIRD_ATL_NC,Traveling,At the feeder and in the yard.,WEAVERVILLE-NW,0,1,Brown Creeper,,,
S207453856,S207453856,1,Buncombe,106.0,0.324,,35.7096008,40 Flack Valley Road,P,-82.6052141,wintering,1,2025-01-01,EBIRD_ATL_NC,Traveling,At the feeder and in the yard.,WEAVERVILLE-NW,0,1,Carolina Chickadee,,,
S207453856,S207453856,1,Buncombe,106.0,0.324,,35.7096008,40 Flack Valley Road,P,-82.6052141,wintering,1,2025-01-01,EBIRD_ATL_NC,Traveling,At the feeder and in the yard.,WEAVERVILLE-NW,0,1,Carolina Wren,,,
S207453856,S207453856,1,Buncombe,106.0,0.324,,35.7096008,40 Flack Valley Road,P,-82.6052141,wintering,1,2025-01-01,EBIRD_ATL_NC,Traveling,At the feeder and in the yard.,WEAVERVILLE-NW,0,1,Chipping Sparrow,,,
S207453856,S207453856,1,Buncombe,106.0,0.324,,35.7096008,40 Flack Valley Road,P,-82.6052141,wintering,1,2025-01-01,EBIRD_ATL_NC,Traveling,At the feeder and in the yard.,WEAVERVILLE-NW,0,1,Dark-eyed Junco,,,
S207453856,S207453856,1,Buncombe,106.0,0.324,,35.7096008,40 Flack Valley Road,P,-82.6052141,wintering,1,2025-01-01,EBIRD_ATL_NC,Traveling,At the feeder and in the yard.,WEAVERVILLE-NW,0,1,Downy Woodpecker,,,
S207453856,S207453856,1,Buncombe,106.0,0.324,,35.7096008,40 Flack Valley Road,P,-82.6052141,wintering,1,2025-01-01,EBIRD_ATL_NC,Traveling,At the feeder and in the yard.,WEAVERVILLE-NW,0,1,Field Sparrow,,,
S207453856,S207453856,1,Buncombe,106.0,0.324,,35.7096008,40 Flack Valley Road,P,-82.6052141,wintering,1,2025-01-01,EBIRD_ATL_NC,Traveling,At the feeder and in the yard.,WEAVERVILLE-NW,0,1,House Finch,,,
S207453856,S207453856,1,Buncombe,106.0,0.324,,35.7096008,40 Flack Valley Road,P,-82.6052141,wintering,1,2025-01-01,EBIRD_ATL_NC,Traveling,At the feeder and in the yard.,WEAVERVILLE-NW,0,1,Mourning Dove,,,
S207453856,S207453856,1,Buncombe,106.0,0.324,,35.7096008,40 Flack Valley Road,P,-82.6052141,wintering,1,2025-01-01,EBIRD_ATL_NC,Traveling,At the feeder and in the yard.,WEAVERVILLE-NW,0,1,Northern Cardinal,,,
S207453856,S207453856,1,Buncombe,106.0,0.324,,35.7096008,40 Flack Valley Road,P,-82.6052141,wintering,1,2025-01-01,EBIRD_ATL_NC,Traveling,At the feeder and in the yard.,WEAVERVILLE-NW,0,1,Purple Finch,,,
S207453856,S207453856,1,Buncombe,106.0,0.324,,35.7096008,40 Flack Valley Road,P,-82.6052141,wintering,1,2025-01-01,EBIRD_ATL_NC,Traveling,At the feeder and in the yard.,WEAVERVILLE-NW,0,1,Red-bellied Woodpecker,,,
S207453856,S207453856,1,Buncombe,106.0,0.324,,35.7096008,40 Flack Valley Road,P,-82.6052141,wintering,1,2025-01-01,EBIRD_ATL_NC,Traveling,At the feeder and in the yard.,WEAVERVILLE-NW,0,1,Ruby-crowned Kinglet,,,
S207453856,S207453856,1,Buncombe,106.0,0.324,,35.7096008,40 Flack Valley Road,P,-82.6052141,wintering,1,2025-01-01,EBIRD_ATL_NC,Traveling,At the feeder and in the yard.,WEAVERVILLE-NW,0,1,Song Sparrow,,,
S207453856,S207453856,1,Buncombe,106.0,0.324,,35.7096008,40 Flack Valley Road,P,-82.6052141,wintering,1,2025-01-01,EBIRD_ATL_NC,Traveling,At the feeder and in the yard.,WEAVERVILLE-NW,0,1,Tufted Titmouse,,,
S207453856,S207453856,1,Buncombe,106.0,0.324,,35.7096008,40 Flack Valley Road,P,-82.6052141,wintering,1,2025-01-01,EBIRD_ATL_NC,Traveling,At the feeder and in the yard.,WEAVERVILLE-NW,0,1,Turkey Vulture,,,
S207453856,S207453856,1,Buncombe,106.0,0.324,,35.7096008,40 Flack Valley Road,P,-82.6052141,wintering,1,2025-01-01,EBIRD_ATL_NC,Traveling,At the feeder and in the yard.,WEAVERVILLE-NW,0,1,White-breasted Nuthatch,,,
S207453856,S207453856,1,Buncombe,106.0,0.324,,35.7096008,40 Flack Valley Road,P,-82.6052141,wintering,1,2025-01-01,EBIRD_ATL_NC,Traveling,At the feeder and in the yard.,WEAVERVILLE-NW,0,1,White-throated Sparrow,,,
S207453856,S207453856,1,Buncombe,106.0,0.324,,35.7096008,40 Flack Valley Road,P,-82.6052141,wintering,1,2025-01-01,EBIRD_ATL_NC,Traveling,At the feeder and in the yard.,WEAVERVILLE-NW,0,1,Yellow-rumped Warbler,,,
S207439942,S207439942,1,Buncombe,23.0,0.837,,35.6092375,"18 Verde Drive, Asheville, North Carolina, US (35.609, -82.614)",P,-82.6135226,wintering,1,2025-01-01,EBIRD_ATL_NC,Traveling,Windy. 33F.  Partly cloudy,ASHEVILLE-NW,0,1.0,American Crow,,,
S207439942,S207439942,1,Buncombe,23.0,0.837,,35.6092375,"18 Verde Drive, Asheville, North Carolina, US (35.609, -82.614)",P,-82.6135226,wintering,1,2025-01-01,EBIRD_ATL_NC,Traveling,Windy. 33F.  Partly cloudy,ASHEVILLE-NW,0,1.0,American Goldfinch,,,
S207439942,S207439942,1,Buncombe,23.0,0.837,,35.6092375,"18 Verde Drive, Asheville, North Carolina, US (35.609, -82.614)",P,-82.6135226,wintering,1,2025-01-01,EBIRD_ATL_NC,Traveling,Windy. 33F.  Partly cloudy,ASHEVILLE-NW,0,1.0,American Robin,,,
S207439942,S207439942,1,Buncombe,23.0,0.837,,35.6092375,"18 Verde Drive, Asheville, North Carolina, US (35.609, -82.614)",P,-82.6135226,wintering,1,2025-01-01,EBIRD_ATL_NC,Traveling,Windy. 33F.  Partly cloudy,ASHEVILLE-NW,0,1.0,Blue Jay,,,
S207439942,S207439942,1,Buncombe,23.0,0.837,,35.6092375,"18 Verde Drive, Asheville, North Carolina, US (35.609, -82.614)",P,-82.6135226,wintering,1,2025-01-01,EBIRD_ATL_NC,Traveling,Windy. 33F.  Partly cloudy,ASHEVILLE-NW,0,1.0,Carolina Wren,,,
S207439942,S207439942,1,Buncombe,23.0,0.837,,35.6092375,"18 Verde Drive, Asheville, North Carolina, US (35.609, -82.614)",P,-82.6135226,wintering,1,2025-01-01,EBIRD_ATL_NC,Traveling,Windy. 33F.  Partly cloudy,ASHEVILLE-NW,0,1.0,Eastern Bluebird,,,
S207439942,S207439942,1,Buncombe,23.0,0.837,,35.6092375,"18 Verde Drive, Asheville, North Carolina, US (35.609, -82.614)",P,-82.6135226,wintering,1,2025-01-01,EBIRD_ATL_NC,Traveling,Windy. 33F.  Partly cloudy,ASHEVILLE-NW,0,1.0,House Finch,,,
S207439942,S207439942,1,Buncombe,23.0,0.837,,35.6092375,"18 Verde Drive, Asheville, North Carolina, US (35.609, -82.614)",P,-82.6135226,wintering,1,2025-01-01,EBIRD_ATL_NC,Traveling,Windy. 33F.  Partly cloudy,ASHEVILLE-NW,0,1.0,Song Sparrow,,,Singing
S207447336,S207447336,1,Buncombe,151.0,6.465,,35.53351,Enka Lake,P,-82.653568,wintering,1,2025-01-01,EBIRD_ATL_NC,Traveling,,ENKA-SE,1,1.0,American Crow,,,
S207447336,S207447336,1,Buncombe,151.0,6.465,,35.53351,Enka Lake,P,-82.653568,wintering,1,2025-01-01,EBIRD_ATL_NC,Traveling,,ENKA-SE,1,1.0,American Goldfinch,,,
S207447336,S207447336,1,Buncombe,151.0,6.465,,35.53351,Enka Lake,P,-82.653568,wintering,1,2025-01-01,EBIRD_ATL_NC,Traveling,,ENKA-SE,1,1.0,American Robin,,,
S207447336,S207447336,1,Buncombe,151.0,6.465,,35.53351,Enka Lake,P,-82.653568,wintering,1,2025-01-01,EBIRD_ATL_NC,Traveling,,ENKA-SE,1,1.0,Belted Kingfisher,,,
S207447336,S207447336,1,Buncombe,151.0,6.465,,35.53351,Enka Lake,P,-82.653568,wintering,1,2025-01-01,EBIRD_ATL_NC,Traveling,,ENKA-SE,1,1.0,Black Vulture,,,
S207447336,S207447336,1,Buncombe,151.0,6.465,,35.53351,Enka Lake,P,-82.653568,wintering,1,2025-01-01,EBIRD_ATL_NC,Traveling,,ENKA-SE,1,1.0,Blue Jay,,,
S207447336,S207447336,1,Buncombe,151.0,6.465,,35.53351,Enka Lake,P,-82.653568,wintering,1,2025-01-01,EBIRD_ATL_NC,Traveling,,ENKA-SE,1,1.0,Brown-headed Nuthatch,,,
S207447336,S207447336,1,Buncombe,151.0,6.465,,35.53351,Enka Lake,P,-82.653568,wintering,1,2025-01-01,EBIRD_ATL_NC,Traveling,,ENKA-SE,1,1.0,Bufflehead,,,
S207447336,S207447336,1,Buncombe,151.0,6.465,,35.53351,Enka Lake,P,-82.653568,wintering,1,2025-01-01,EBIRD_ATL_NC,Traveling,,ENKA-SE,1,1.0,Canada Goose,,,
S207447336,S207447336,1,Buncombe,151.0,6.465,,35.53351,Enka Lake,P,-82.653568,wintering,1,2025-01-01,EBIRD_ATL_NC,Traveling,,ENKA-SE,1,1.0,Carolina Chickadee,,,
S207447336,S207447336,1,Buncombe,151.0,6.465,,35.53351,Enka Lake,P,-82.653568,wintering,1,2025-01-01,EBIRD_ATL_NC,Traveling,,ENKA-SE,1,1.0,Carolina Wren,,,
S207447336,S207447336,1,Buncombe,151.0,6.465,,35.53351,Enka Lake,P,-82.653568,wintering,1,2025-01-01,EBIRD_ATL_NC,Traveling,,ENKA-SE,1,1.0,Cedar Waxwing,,,
S207447336,S207447336,1,Buncombe,151.0,6.465,,35.53351,Enka Lake,P,-82.653568,wintering,1,2025-01-01,EBIRD_ATL_NC,Traveling,,ENKA-SE,1,1.0,Common Goldeneye,,,Continuing
S207447336,S207447336,1,Buncombe,151.0,6.465,,35.53351,Enka Lake,P,-82.653568,wintering,1,2025-01-01,EBIRD_ATL_NC,Traveling,,ENKA-SE,1,1.0,Dark-eyed Junco,,,
S207447336,S207447336,1,Buncombe,151.0,6.465,,35.53351,Enka Lake,P,-82.653568,wintering,1,2025-01-01,EBIRD_ATL_NC,Traveling,,ENKA-SE,1,1.0,Downy Woodpecker,,,
S207447336,S207447336,1,Buncombe,151.0,6.465,,35.53351,Enka Lake,P,-82.653568,wintering,1,2025-01-01,EBIRD_ATL_NC,Traveling,,ENKA-SE,1,1.0,Eastern Bluebird,,,
S207447336,S207447336,1,Buncombe,151.0,6.465,,35.53351,Enka Lake,P,-82.653568,wintering,1,2025-01-01,EBIRD_ATL_NC,Traveling,,ENKA-SE,1,1.0,Eastern Screech-Owl,,,
S207447336,S207447336,1,Buncombe,151.0,6.465,,35.53351,Enka Lake,P,-82.653568,wintering,1,2025-01-01,EBIRD_ATL_NC,Traveling,,ENKA-SE,1,1.0,Eastern Phoebe,,,
S207447336,S207447336,1,Buncombe,151.0,6.465,,35.53351,Enka Lake,P,-82.653568,wintering,1,2025-01-01,EBIRD_ATL_NC,Traveling,,ENKA-SE,1,1.0,Eastern Towhee,,,
S207447336,S207447336,1,Buncombe,151.0,6.465,,35.53351,Enka Lake,P,-82.653568,wintering,1,2025-01-01,EBIRD_ATL_NC,Traveling,,ENKA-SE,1,1.0,European Starling,,,
S207447336,S207447336,1,Buncombe,151.0,6.465,,35.53351,Enka Lake,P,-82.653568,wintering,1,2025-01-01,EBIRD_ATL_NC,Traveling,,ENKA-SE,1,1.0,Field Sparrow,,,
S207447336,S207447336,1,Buncombe,151.0,6.465,,35.53351,Enka Lake,P,-82.653568,wintering,1,2025-01-01,EBIRD_ATL_NC,Traveling,,ENKA-SE,1,1.0,Fish Crow,,,
S207447336,S207447336,1,Buncombe,151.0,6.465,,35.53351,Enka Lake,P,-82.653568,wintering,1,2025-01-01,EBIRD_ATL_NC,Traveling,,ENKA-SE,1,1.0,Golden-crowned Kinglet,,,
S207447336,S207447336,1,Buncombe,151.0,6.465,,35.53351,Enka Lake,P,-82.653568,wintering,1,2025-01-01,EBIRD_ATL_NC,Traveling,,ENKA-SE,1,1.0,Hermit Thrush,,,
S207447336,S207447336,1,Buncombe,151.0,6.465,,35.53351,Enka Lake,P,-82.653568,wintering,1,2025-01-01,EBIRD_ATL_NC,Traveling,,ENKA-SE,1,1.0,House Finch,,,
S207447336,S207447336,1,Buncombe,151.0,6.465,,35.53351,Enka Lake,P,-82.653568,wintering,1,2025-01-01,EBIRD_ATL_NC,Traveling,,ENKA-SE,1,1.0,Mallard,,,
S207447336,S207447336,1,Buncombe,151.0,6.465,,35.53351,Enka Lake,P,-82.653568,wintering,1,2025-01-01,EBIRD_ATL_NC,Traveling,,ENKA-SE,1,1.0,Mourning Dove,,,
S207447336,S207447336,1,Buncombe,151.0,6.465,,35.53351,Enka Lake,P,-82.653568,wintering,1,2025-01-01,EBIRD_ATL_NC,Traveling,,ENKA-SE,1,1.0,Northern Cardinal,,,
S207447336,S207447336,1,Buncombe,151.0,6.465,,35.53351,Enka Lake,P,-82.653568,wintering,1,2025-01-01,EBIRD_ATL_NC,Traveling,,ENKA-SE,1,1.0,Northern Flicker,,,
S207447336,S207447336,1,Buncombe,151.0,6.465,,35.53351,Enka Lake,P,-82.653568,wintering,1,2025-01-01,EBIRD_ATL_NC,Traveling,,ENKA-SE,1,1.0,Northern Mockingbird,,,
S207447336,S207447336,1,Buncombe,151.0,6.465,,35.53351,Enka Lake,P,-82.653568,wintering,1,2025-01-01,EBIRD_ATL_NC,Traveling,,ENKA-SE,1,1.0,Pied-billed Grebe,,,
S207447336,S207447336,1,Buncombe,151.0,6.465,,35.53351,Enka Lake,P,-82.653568,wintering,1,2025-01-01,EBIRD_ATL_NC,Traveling,,ENKA-SE,1,1.0,Pileated Woodpecker,,,
S207447336,S207447336,1,Buncombe,151.0,6.465,,35.53351,Enka Lake,P,-82.653568,wintering,1,2025-01-01,EBIRD_ATL_NC,Traveling,,ENKA-SE,1,1.0,Purple Finch,,,
S207447336,S207447336,1,Buncombe,151.0,6.465,,35.53351,Enka Lake,P,-82.653568,wintering,1,2025-01-01,EBIRD_ATL_NC,Traveling,,ENKA-SE,1,1.0,Red-bellied Woodpecker,,,
S207447336,S207447336,1,Buncombe,151.0,6.465,,35.53351,Enka Lake,P,-82.653568,wintering,1,2025-01-01,EBIRD_ATL_NC,Traveling,,ENKA-SE,1,1.0,Red-shouldered Hawk,,,
S207447336,S207447336,1,Buncombe,151.0,6.465,,35.53351,Enka Lake,P,-82.653568,wintering,1,2025-01-01,EBIRD_ATL_NC,Traveling,,ENKA-SE,1,1.0,Ruby-crowned Kinglet,,,
S207447336,S207447336,1,Buncombe,151.0,6.465,,35.53351,Enka Lake,P,-82.653568,wintering,1,2025-01-01,EBIRD_ATL_NC,Traveling,,ENKA-SE,1,1.0,Ruddy Duck,,,
S207447336,S207447336,1,Buncombe,151.0,6.465,,35.53351,Enka Lake,P,-82.653568,wintering,1,2025-01-01,EBIRD_ATL_NC,Traveling,,ENKA-SE,1,1.0,Song Sparrow,,,
S207447336,S207447336,1,Buncombe,151.0,6.465,,35.53351,Enka Lake,P,-82.653568,wintering,1,2025-01-01,EBIRD_ATL_NC,Traveling,,ENKA-SE,1,1.0,Swamp Sparrow,,,
S207447336,S207447336,1,Buncombe,151.0,6.465,,35.53351,Enka Lake,P,-82.653568,wintering,1,2025-01-01,EBIRD_ATL_NC,Traveling,,ENKA-SE,1,1.0,Tufted Titmouse,,,
S207447336,S207447336,1,Buncombe,151.0,6.465,,35.53351,Enka Lake,P,-82.653568,wintering,1,2025-01-01,EBIRD_ATL_NC,Traveling,,ENKA-SE,1,1.0,White-breasted Nuthatch,,,
S207447336,S207447336,1,Buncombe,151.0,6.465,,35.53351,Enka Lake,P,-82.653568,wintering,1,2025-01-01,EBIRD_ATL_NC,Traveling,,ENKA-SE,1,1.0,White-throated Sparrow,,,
S207447336,S207447336,1,Buncombe,151.0,6.465,,35.53351,Enka Lake,P,-82.653568,wintering,1,2025-01-01,EBIRD_ATL_NC,Traveling,,ENKA-SE,1,1.0,Winter Wren,,,
S207447336,S207447336,1,Buncombe,151.0,6.465,,35.53351,Enka Lake,P,-82.653568,wintering,1,2025-01-01,EBIRD_ATL_NC,Traveling,,ENKA-SE,1,1.0,Wood Duck x Mallard (hybrid),,,Continuing
S207447336,S207447336,1,Buncombe,151.0,6.465,,35.53351,Enka Lake,P,-82.653568,wintering,1,2025-01-01,EBIRD_ATL_NC,Traveling,,ENKA-SE,1,1.0,Yellow-bellied Sapsucker,,,
S207636539,S207636539,1,Buncombe,25.0,0,,35.6209483,*25 Jazaka Ridge Ln,P,-82.4279147,wintering,2,2025-01-01,EBIRD_ATL_NC,Stationary,,OTEEN-NE,0,1.0,American Crow,,,
S207636539,S207636539,1,Buncombe,25.0,0,,35.6209483,*25 Jazaka Ridge Ln,P,-82.4279147,wintering,2,2025-01-01,EBIRD_ATL_NC,Stationary,,OTEEN-NE,0,1.0,Carolina Chickadee,,,
S207636539,S207636539,1,Buncombe,25.0,0,,35.6209483,*25 Jazaka Ridge Ln,P,-82.4279147,wintering,2,2025-01-01,EBIRD_ATL_NC,Stationary,,OTEEN-NE,0,1.0,Carolina Wren,,,First Bird I saw in 2025.
S207636539,S207636539,1,Buncombe,25.0,0,,35.6209483,*25 Jazaka Ridge Ln,P,-82.4279147,wintering,2,2025-01-01,EBIRD_ATL_NC,Stationary,,OTEEN-NE,0,1.0,Dark-eyed Junco,,,
S207636539,S207636539,1,Buncombe,25.0,0,,35.6209483,*25 Jazaka Ridge Ln,P,-82.4279147,wintering,2,2025-01-01,EBIRD_ATL_NC,Stationary,,OTEEN-NE,0,1.0,Downy Woodpecker,,,
S207636539,S207636539,1,Buncombe,25.0,0,,35.6209483,*25 Jazaka Ridge Ln,P,-82.4279147,wintering,2,2025-01-01,EBIRD_ATL_NC,Stationary,,OTEEN-NE,0,1.0,Eastern Towhee,,,
S207636539,S207636539,1,Buncombe,25.0,0,,35.6209483,*25 Jazaka Ridge Ln,P,-82.4279147,wintering,2,2025-01-01,EBIRD_ATL_NC,Stationary,,OTEEN-NE,0,1.0,Mourning Dove,,,
S207636539,S207636539,1,Buncombe,25.0,0,,35.6209483,*25 Jazaka Ridge Ln,P,-82.4279147,wintering,2,2025-01-01,EBIRD_ATL_NC,Stationary,,OTEEN-NE,0,1.0,Northern Cardinal,,,First bird heard of 2025.
S207636539,S207636539,1,Buncombe,25.0,0,,35.6209483,*25 Jazaka Ridge Ln,P,-82.4279147,wintering,2,2025-01-01,EBIRD_ATL_NC,Stationary,,OTEEN-NE,0,1.0,Red-bellied Woodpecker,,,
S207636539,S207636539,1,Buncombe,25.0,0,,35.6209483,*25 Jazaka Ridge Ln,P,-82.4279147,wintering,2,2025-01-01,EBIRD_ATL_NC,Stationary,,OTEEN-NE,0,1.0,Song Sparrow,,,
S207636539,S207636539,1,Buncombe,25.0,0,,35.6209483,*25 Jazaka Ridge Ln,P,-82.4279147,wintering,2,2025-01-01,EBIRD_ATL_NC,Stationary,,OTEEN-NE,0,1.0,Tufted Titmouse,,,
S207636539,S207636539,1,Buncombe,25.0,0,,35.6209483,*25 Jazaka Ridge Ln,P,-82.4279147,wintering,2,2025-01-01,EBIRD_ATL_NC,Stationary,,OTEEN-NE,0,1.0,White-breasted Nuthatch,,,
S207529230,S207529230,1,Caswell,9.0,0,,36.333925,"1672 Marshall Graves Rd, Yanceyville US-NC 36.33393, -79.38477",P,-79.384767,wintering,1,2025-01-01,EBIRD_ATL_NC,Stationary,"Clear, breezy, 55 degrees",CHERRY_GROVE-NE,0,1.0,American Crow,,,
S207529230,S207529230,1,Caswell,9.0,0,,36.333925,"1672 Marshall Graves Rd, Yanceyville US-NC 36.33393, -79.38477",P,-79.384767,wintering,1,2025-01-01,EBIRD_ATL_NC,Stationary,"Clear, breezy, 55 degrees",CHERRY_GROVE-NE,0,1.0,Brown Creeper,,,"Visually observed on red oak, also singing and second singing in response from trees nearby."
S207529230,S207529230,1,Caswell,9.0,0,,36.333925,"1672 Marshall Graves Rd, Yanceyville US-NC 36.33393, -79.38477",P,-79.384767,wintering,1,2025-01-01,EBIRD_ATL_NC,Stationary,"Clear, breezy, 55 degrees",CHERRY_GROVE-NE,0,1.0,Carolina Chickadee,,,
S207529230,S207529230,1,Caswell,9.0,0,,36.333925,"1672 Marshall Graves Rd, Yanceyville US-NC 36.33393, -79.38477",P,-79.384767,wintering,1,2025-01-01,EBIRD_ATL_NC,Stationary,"Clear, breezy, 55 degrees",CHERRY_GROVE-NE,0,1.0,Dark-eyed Junco,,,
S207529230,S207529230,1,Caswell,9.0,0,,36.333925,"1672 Marshall Graves Rd, Yanceyville US-NC 36.33393, -79.38477",P,-79.384767,wintering,1,2025-01-01,EBIRD_ATL_NC,Stationary,"Clear, breezy, 55 degrees",CHERRY_GROVE-NE,0,1.0,Golden-crowned Kinglet,,,
S207529230,S207529230,1,Caswell,9.0,0,,36.333925,"1672 Marshall Graves Rd, Yanceyville US-NC 36.33393, -79.38477",P,-79.384767,wintering,1,2025-01-01,EBIRD_ATL_NC,Stationary,"Clear, breezy, 55 degrees",CHERRY_GROVE-NE,0,1.0,White-breasted Nuthatch,,,
S207529230,S207529230,1,Caswell,9.0,0,,36.333925,"1672 Marshall Graves Rd, Yanceyville US-NC 36.33393, -79.38477",P,-79.384767,wintering,1,2025-01-01,EBIRD_ATL_NC,Stationary,"Clear, breezy, 55 degrees",CHERRY_GROVE-NE,0,1.0,Yellow-bellied Sapsucker,,,White oak
S207516412,S207516412,1,Catawba,104.0,1.068,G13686356,35.6766872,Murrays Mill and Pond,H,-81.0945317,wintering,2,2025-01-01,EBIRD_ATL_NC,Traveling,,CATAWBA-CW,0,1,American Crow,,,
S207516412,S207516412,1,Catawba,104.0,1.068,G13686356,35.6766872,Murrays Mill and Pond,H,-81.0945317,wintering,2,2025-01-01,EBIRD_ATL_NC,Traveling,,CATAWBA-CW,0,1,American Kestrel,,,
S207516412,S207516412,1,Catawba,104.0,1.068,G13686356,35.6766872,Murrays Mill and Pond,H,-81.0945317,wintering,2,2025-01-01,EBIRD_ATL_NC,Traveling,,CATAWBA-CW,0,1,American Pipit,,,
S207516412,S207516412,1,Catawba,104.0,1.068,G13686356,35.6766872,Murrays Mill and Pond,H,-81.0945317,wintering,2,2025-01-01,EBIRD_ATL_NC,Traveling,,CATAWBA-CW,0,1,American Robin,,,
S207516412,S207516412,1,Catawba,104.0,1.068,G13686356,35.6766872,Murrays Mill and Pond,H,-81.0945317,wintering,2,2025-01-01,EBIRD_ATL_NC,Traveling,,CATAWBA-CW,0,1,Belted Kingfisher,,,
S207516412,S207516412,1,Catawba,104.0,1.068,G13686356,35.6766872,Murrays Mill and Pond,H,-81.0945317,wintering,2,2025-01-01,EBIRD_ATL_NC,Traveling,,CATAWBA-CW,0,1,Blue Jay,,,
S207516412,S207516412,1,Catawba,104.0,1.068,G13686356,35.6766872,Murrays Mill and Pond,H,-81.0945317,wintering,2,2025-01-01,EBIRD_ATL_NC,Traveling,,CATAWBA-CW,0,1,Carolina Wren,,,
S207516412,S207516412,1,Catawba,104.0,1.068,G13686356,35.6766872,Murrays Mill and Pond,H,-81.0945317,wintering,2,2025-01-01,EBIRD_ATL_NC,Traveling,,CATAWBA-CW,0,1,Cedar Waxwing,,,
S207516412,S207516412,1,Catawba,104.0,1.068,G13686356,35.6766872,Murrays Mill and Pond,H,-81.0945317,wintering,2,2025-01-01,EBIRD_ATL_NC,Traveling,,CATAWBA-CW,0,1,Downy Woodpecker,,,
S207516412,S207516412,1,Catawba,104.0,1.068,G13686356,35.6766872,Murrays Mill and Pond,H,-81.0945317,wintering,2,2025-01-01,EBIRD_ATL_NC,Traveling,,CATAWBA-CW,0,1,Eastern Bluebird,,,
S207516412,S207516412,1,Catawba,104.0,1.068,G13686356,35.6766872,Murrays Mill and Pond,H,-81.0945317,wintering,2,2025-01-01,EBIRD_ATL_NC,Traveling,,CATAWBA-CW,0,1,Eastern Phoebe,,,
S207516412,S207516412,1,Catawba,104.0,1.068,G13686356,35.6766872,Murrays Mill and Pond,H,-81.0945317,wintering,2,2025-01-01,EBIRD_ATL_NC,Traveling,,CATAWBA-CW,0,1,Eastern Towhee,,,
S207516412,S207516412,1,Catawba,104.0,1.068,G13686356,35.6766872,Murrays Mill and Pond,H,-81.0945317,wintering,2,2025-01-01,EBIRD_ATL_NC,Traveling,,CATAWBA-CW,0,1,Hairy Woodpecker,,,
S207516412,S207516412,1,Catawba,104.0,1.068,G13686356,35.6766872,Murrays Mill and Pond,H,-81.0945317,wintering,2,2025-01-01,EBIRD_ATL_NC,Traveling,,CATAWBA-CW,0,1,Hermit Thrush,,,
S207516412,S207516412,1,Catawba,104.0,1.068,G13686356,35.6766872,Murrays Mill and Pond,H,-81.0945317,wintering,2,2025-01-01,EBIRD_ATL_NC,Traveling,,CATAWBA-CW,0,1,Killdeer,,,
S207516412,S207516412,1,Catawba,104.0,1.068,G13686356,35.6766872,Murrays Mill and Pond,H,-81.0945317,wintering,2,2025-01-01,EBIRD_ATL_NC,Traveling,,CATAWBA-CW,0,1,Northern Cardinal,,,
S207516412,S207516412,1,Catawba,104.0,1.068,G13686356,35.6766872,Murrays Mill and Pond,H,-81.0945317,wintering,2,2025-01-01,EBIRD_ATL_NC,Traveling,,CATAWBA-CW,0,1,Pine Warbler,,,
S207516412,S207516412,1,Catawba,104.0,1.068,G13686356,35.6766872,Murrays Mill and Pond,H,-81.0945317,wintering,2,2025-01-01,EBIRD_ATL_NC,Traveling,,CATAWBA-CW,0,1,Red-bellied Woodpecker,,,
S207516412,S207516412,1,Catawba,104.0,1.068,G13686356,35.6766872,Murrays Mill and Pond,H,-81.0945317,wintering,2,2025-01-01,EBIRD_ATL_NC,Traveling,,CATAWBA-CW,0,1,Song Sparrow,,,
S207516412,S207516412,1,Catawba,104.0,1.068,G13686356,35.6766872,Murrays Mill and Pond,H,-81.0945317,wintering,2,2025-01-01,EBIRD_ATL_NC,Traveling,,CATAWBA-CW,0,1,Tufted Titmouse,,,
S207516412,S207516412,1,Catawba,104.0,1.068,G13686356,35.6766872,Murrays Mill and Pond,H,-81.0945317,wintering,2,2025-01-01,EBIRD_ATL_NC,Traveling,,CATAWBA-CW,0,1,Turkey Vulture,,,
S207516412,S207516412,1,Catawba,104.0,1.068,G13686356,35.6766872,Murrays Mill and Pond,H,-81.0945317,wintering,2,2025-01-01,EBIRD_ATL_NC,Traveling,,CATAWBA-CW,0,1,White-throated Sparrow,,,
S207552836,S207552836,1,Catawba,142.0,7.513,,35.818417,Riverbend Park,H,-81.185905,wintering,1,2025-01-01,EBIRD_ATL_NC,Traveling,,MILLERSVILLE-CE,0,1,American Crow,,,
S207552836,S207552836,1,Catawba,142.0,7.513,,35.818417,Riverbend Park,H,-81.185905,wintering,1,2025-01-01,EBIRD_ATL_NC,Traveling,,MILLERSVILLE-CE,0,1,American Robin,,,
S207552836,S207552836,1,Catawba,142.0,7.513,,35.818417,Riverbend Park,H,-81.185905,wintering,1,2025-01-01,EBIRD_ATL_NC,Traveling,,MILLERSVILLE-CE,0,1,Great Blue Heron,,,
S207552836,S207552836,1,Catawba,142.0,7.513,,35.818417,Riverbend Park,H,-81.185905,wintering,1,2025-01-01,EBIRD_ATL_NC,Traveling,,MILLERSVILLE-CE,0,1,Northern Mockingbird,,,
S207552836,S207552836,1,Catawba,142.0,7.513,,35.818417,Riverbend Park,H,-81.185905,wintering,1,2025-01-01,EBIRD_ATL_NC,Traveling,,MILLERSVILLE-CE,0,1,Red-bellied Woodpecker,,,
S207552836,S207552836,1,Catawba,142.0,7.513,,35.818417,Riverbend Park,H,-81.185905,wintering,1,2025-01-01,EBIRD_ATL_NC,Traveling,,MILLERSVILLE-CE,0,1,Red-shouldered Hawk,,,
S207552836,S207552836,1,Catawba,142.0,7.513,,35.818417,Riverbend Park,H,-81.185905,wintering,1,2025-01-01,EBIRD_ATL_NC,Traveling,,MILLERSVILLE-CE,0,1,Song Sparrow,,,
S207552836,S207552836,1,Catawba,142.0,7.513,,35.818417,Riverbend Park,H,-81.185905,wintering,1,2025-01-01,EBIRD_ATL_NC,Traveling,,MILLERSVILLE-CE,0,1,Tufted Titmouse,,,
S207552836,S207552836,1,Catawba,142.0,7.513,,35.818417,Riverbend Park,H,-81.185905,wintering,1,2025-01-01,EBIRD_ATL_NC,Traveling,,MILLERSVILLE-CE,0,1,White-throated Sparrow,,,
S207461177,S207461177,1,Chatham,151.0,2.144,G13682499,35.6542495,Jordan Lake--B. Everett Jordan Dam,H,-79.0678176,wintering,21,2025-01-01,EBIRD_ATL_NC,Traveling,,MERRY_OAKS-SW,0,1.0,American Crow,,,
S207461177,S207461177,1,Chatham,151.0,2.144,G13682499,35.6542495,Jordan Lake--B. Everett Jordan Dam,H,-79.0678176,wintering,21,2025-01-01,EBIRD_ATL_NC,Traveling,,MERRY_OAKS-SW,0,1.0,American Goldfinch,,,
S207461177,S207461177,1,Chatham,151.0,2.144,G13682499,35.6542495,Jordan Lake--B. Everett Jordan Dam,H,-79.0678176,wintering,21,2025-01-01,EBIRD_ATL_NC,Traveling,,MERRY_OAKS-SW,0,1.0,American Robin,,,
S207461177,S207461177,1,Chatham,151.0,2.144,G13682499,35.6542495,Jordan Lake--B. Everett Jordan Dam,H,-79.0678176,wintering,21,2025-01-01,EBIRD_ATL_NC,Traveling,,MERRY_OAKS-SW,0,1.0,Bald Eagle,,,
S207461177,S207461177,1,Chatham,151.0,2.144,G13682499,35.6542495,Jordan Lake--B. Everett Jordan Dam,H,-79.0678176,wintering,21,2025-01-01,EBIRD_ATL_NC,Traveling,,MERRY_OAKS-SW,0,1.0,Blue Jay,,,
S207461177,S207461177,1,Chatham,151.0,2.144,G13682499,35.6542495,Jordan Lake--B. Everett Jordan Dam,H,-79.0678176,wintering,21,2025-01-01,EBIRD_ATL_NC,Traveling,,MERRY_OAKS-SW,0,1.0,Bonapartes Gull,,,
S207461177,S207461177,1,Chatham,151.0,2.144,G13682499,35.6542495,Jordan Lake--B. Everett Jordan Dam,H,-79.0678176,wintering,21,2025-01-01,EBIRD_ATL_NC,Traveling,,MERRY_OAKS-SW,0,1.0,Carolina Wren,,,
S207461177,S207461177,1,Chatham,151.0,2.144,G13682499,35.6542495,Jordan Lake--B. Everett Jordan Dam,H,-79.0678176,wintering,21,2025-01-01,EBIRD_ATL_NC,Traveling,,MERRY_OAKS-SW,0,1.0,Coopers Hawk,,,
S207461177,S207461177,1,Chatham,151.0,2.144,G13682499,35.6542495,Jordan Lake--B. Everett Jordan Dam,H,-79.0678176,wintering,21,2025-01-01,EBIRD_ATL_NC,Traveling,,MERRY_OAKS-SW,0,1.0,Double-crested Cormorant,,,
S207461177,S207461177,1,Chatham,151.0,2.144,G13682499,35.6542495,Jordan Lake--B. Everett Jordan Dam,H,-79.0678176,wintering,21,2025-01-01,EBIRD_ATL_NC,Traveling,,MERRY_OAKS-SW,0,1.0,Eastern Bluebird,,,
S207461177,S207461177,1,Chatham,151.0,2.144,G13682499,35.6542495,Jordan Lake--B. Everett Jordan Dam,H,-79.0678176,wintering,21,2025-01-01,EBIRD_ATL_NC,Traveling,,MERRY_OAKS-SW,0,1.0,Eastern Towhee,,,
S207461177,S207461177,1,Chatham,151.0,2.144,G13682499,35.6542495,Jordan Lake--B. Everett Jordan Dam,H,-79.0678176,wintering,21,2025-01-01,EBIRD_ATL_NC,Traveling,,MERRY_OAKS-SW,0,1.0,Field Sparrow,,,
S207461177,S207461177,1,Chatham,151.0,2.144,G13682499,35.6542495,Jordan Lake--B. Everett Jordan Dam,H,-79.0678176,wintering,21,2025-01-01,EBIRD_ATL_NC,Traveling,,MERRY_OAKS-SW,0,1.0,Golden-crowned Kinglet,,,
S207461177,S207461177,1,Chatham,151.0,2.144,G13682499,35.6542495,Jordan Lake--B. Everett Jordan Dam,H,-79.0678176,wintering,21,2025-01-01,EBIRD_ATL_NC,Traveling,,MERRY_OAKS-SW,0,1.0,Great Blue Heron,,,
S207461177,S207461177,1,Chatham,151.0,2.144,G13682499,35.6542495,Jordan Lake--B. Everett Jordan Dam,H,-79.0678176,wintering,21,2025-01-01,EBIRD_ATL_NC,Traveling,,MERRY_OAKS-SW,0,1.0,Hairy Woodpecker,,,
S207461177,S207461177,1,Chatham,151.0,2.144,G13682499,35.6542495,Jordan Lake--B. Everett Jordan Dam,H,-79.0678176,wintering,21,2025-01-01,EBIRD_ATL_NC,Traveling,,MERRY_OAKS-SW,0,1.0,Northern Cardinal,,,
S207461177,S207461177,1,Chatham,151.0,2.144,G13682499,35.6542495,Jordan Lake--B. Everett Jordan Dam,H,-79.0678176,wintering,21,2025-01-01,EBIRD_ATL_NC,Traveling,,MERRY_OAKS-SW,0,1.0,Northern Flicker,,,
S207461177,S207461177,1,Chatham,151.0,2.144,G13682499,35.6542495,Jordan Lake--B. Everett Jordan Dam,H,-79.0678176,wintering,21,2025-01-01,EBIRD_ATL_NC,Traveling,,MERRY_OAKS-SW,0,1.0,Northern Mockingbird,,,
S207461177,S207461177,1,Chatham,151.0,2.144,G13682499,35.6542495,Jordan Lake--B. Everett Jordan Dam,H,-79.0678176,wintering,21,2025-01-01,EBIRD_ATL_NC,Traveling,,MERRY_OAKS-SW,0,1.0,Ring-billed Gull,,,
S207461177,S207461177,1,Chatham,151.0,2.144,G13682499,35.6542495,Jordan Lake--B. Everett Jordan Dam,H,-79.0678176,wintering,21,2025-01-01,EBIRD_ATL_NC,Traveling,,MERRY_OAKS-SW,0,1.0,Savannah Sparrow,,,
S207461177,S207461177,1,Chatham,151.0,2.144,G13682499,35.6542495,Jordan Lake--B. Everett Jordan Dam,H,-79.0678176,wintering,21,2025-01-01,EBIRD_ATL_NC,Traveling,,MERRY_OAKS-SW,0,1.0,Song Sparrow,,,
S207461177,S207461177,1,Chatham,151.0,2.144,G13682499,35.6542495,Jordan Lake--B. Everett Jordan Dam,H,-79.0678176,wintering,21,2025-01-01,EBIRD_ATL_NC,Traveling,,MERRY_OAKS-SW,0,1.0,Swamp Sparrow,,,
S207461177,S207461177,1,Chatham,151.0,2.144,G13682499,35.6542495,Jordan Lake--B. Everett Jordan Dam,H,-79.0678176,wintering,21,2025-01-01,EBIRD_ATL_NC,Traveling,,MERRY_OAKS-SW,0,1.0,Tufted Titmouse,,,
S207461177,S207461177,1,Chatham,151.0,2.144,G13682499,35.6542495,Jordan Lake--B. Everett Jordan Dam,H,-79.0678176,wintering,21,2025-01-01,EBIRD_ATL_NC,Traveling,,MERRY_OAKS-SW,0,1.0,Turkey Vulture,,,
S207461177,S207461177,1,Chatham,151.0,2.144,G13682499,35.6542495,Jordan Lake--B. Everett Jordan Dam,H,-79.0678176,wintering,21,2025-01-01,EBIRD_ATL_NC,Traveling,,MERRY_OAKS-SW,0,1.0,White-throated Sparrow,,,
S207468024,S207468024,1,Chatham,60.0,0,,35.8609848,Jones Ferry Road,P,-79.1743949,wintering,1,2025-01-01,EBIRD_ATL_NC,Stationary,"Partly sunny, 45. Feeder watch.",BYNUM-NE,0,1.0,American Crow,,,
S207468024,S207468024,1,Chatham,60.0,0,,35.8609848,Jones Ferry Road,P,-79.1743949,wintering,1,2025-01-01,EBIRD_ATL_NC,Stationary,"Partly sunny, 45. Feeder watch.",BYNUM-NE,0,1.0,American Goldfinch,,,
S207468024,S207468024,1,Chatham,60.0,0,,35.8609848,Jones Ferry Road,P,-79.1743949,wintering,1,2025-01-01,EBIRD_ATL_NC,Stationary,"Partly sunny, 45. Feeder watch.",BYNUM-NE,0,1.0,Blue Jay,,,
S207468024,S207468024,1,Chatham,60.0,0,,35.8609848,Jones Ferry Road,P,-79.1743949,wintering,1,2025-01-01,EBIRD_ATL_NC,Stationary,"Partly sunny, 45. Feeder watch.",BYNUM-NE,0,1.0,Brown-headed Nuthatch,,,
S207468024,S207468024,1,Chatham,60.0,0,,35.8609848,Jones Ferry Road,P,-79.1743949,wintering,1,2025-01-01,EBIRD_ATL_NC,Stationary,"Partly sunny, 45. Feeder watch.",BYNUM-NE,0,1.0,Brown Creeper,,,
S207468024,S207468024,1,Chatham,60.0,0,,35.8609848,Jones Ferry Road,P,-79.1743949,wintering,1,2025-01-01,EBIRD_ATL_NC,Stationary,"Partly sunny, 45. Feeder watch.",BYNUM-NE,0,1.0,Carolina Chickadee,,,
S207468024,S207468024,1,Chatham,60.0,0,,35.8609848,Jones Ferry Road,P,-79.1743949,wintering,1,2025-01-01,EBIRD_ATL_NC,Stationary,"Partly sunny, 45. Feeder watch.",BYNUM-NE,0,1.0,Carolina Wren,,,
S207468024,S207468024,1,Chatham,60.0,0,,35.8609848,Jones Ferry Road,P,-79.1743949,wintering,1,2025-01-01,EBIRD_ATL_NC,Stationary,"Partly sunny, 45. Feeder watch.",BYNUM-NE,0,1.0,Dark-eyed Junco,,,
S207468024,S207468024,1,Chatham,60.0,0,,35.8609848,Jones Ferry Road,P,-79.1743949,wintering,1,2025-01-01,EBIRD_ATL_NC,Stationary,"Partly sunny, 45. Feeder watch.",BYNUM-NE,0,1.0,Downy Woodpecker,,,
S207468024,S207468024,1,Chatham,60.0,0,,35.8609848,Jones Ferry Road,P,-79.1743949,wintering,1,2025-01-01,EBIRD_ATL_NC,Stationary,"Partly sunny, 45. Feeder watch.",BYNUM-NE,0,1.0,Eastern Bluebird,,,
S207468024,S207468024,1,Chatham,60.0,0,,35.8609848,Jones Ferry Road,P,-79.1743949,wintering,1,2025-01-01,EBIRD_ATL_NC,Stationary,"Partly sunny, 45. Feeder watch.",BYNUM-NE,0,1.0,Hairy Woodpecker,,,
S207468024,S207468024,1,Chatham,60.0,0,,35.8609848,Jones Ferry Road,P,-79.1743949,wintering,1,2025-01-01,EBIRD_ATL_NC,Stationary,"Partly sunny, 45. Feeder watch.",BYNUM-NE,0,1.0,Mourning Dove,,,
S207468024,S207468024,1,Chatham,60.0,0,,35.8609848,Jones Ferry Road,P,-79.1743949,wintering,1,2025-01-01,EBIRD_ATL_NC,Stationary,"Partly sunny, 45. Feeder watch.",BYNUM-NE,0,1.0,Northern Cardinal,,,
S207468024,S207468024,1,Chatham,60.0,0,,35.8609848,Jones Ferry Road,P,-79.1743949,wintering,1,2025-01-01,EBIRD_ATL_NC,Stationary,"Partly sunny, 45. Feeder watch.",BYNUM-NE,0,1.0,Pine Warbler,,,
S207468024,S207468024,1,Chatham,60.0,0,,35.8609848,Jones Ferry Road,P,-79.1743949,wintering,1,2025-01-01,EBIRD_ATL_NC,Stationary,"Partly sunny, 45. Feeder watch.",BYNUM-NE,0,1.0,Purple Finch,,,
S207468024,S207468024,1,Chatham,60.0,0,,35.8609848,Jones Ferry Road,P,-79.1743949,wintering,1,2025-01-01,EBIRD_ATL_NC,Stationary,"Partly sunny, 45. Feeder watch.",BYNUM-NE,0,1.0,Red-bellied Woodpecker,,,
S207468024,S207468024,1,Chatham,60.0,0,,35.8609848,Jones Ferry Road,P,-79.1743949,wintering,1,2025-01-01,EBIRD_ATL_NC,Stationary,"Partly sunny, 45. Feeder watch.",BYNUM-NE,0,1.0,Ruby-crowned Kinglet,,,
S207468024,S207468024,1,Chatham,60.0,0,,35.8609848,Jones Ferry Road,P,-79.1743949,wintering,1,2025-01-01,EBIRD_ATL_NC,Stationary,"Partly sunny, 45. Feeder watch.",BYNUM-NE,0,1.0,Tufted Titmouse,,,
S207468024,S207468024,1,Chatham,60.0,0,,35.8609848,Jones Ferry Road,P,-79.1743949,wintering,1,2025-01-01,EBIRD_ATL_NC,Stationary,"Partly sunny, 45. Feeder watch.",BYNUM-NE,0,1.0,White-breasted Nuthatch,,,
S207468024,S207468024,1,Chatham,60.0,0,,35.8609848,Jones Ferry Road,P,-79.1743949,wintering,1,2025-01-01,EBIRD_ATL_NC,Stationary,"Partly sunny, 45. Feeder watch.",BYNUM-NE,0,1.0,White-throated Sparrow,,,
S207468024,S207468024,1,Chatham,60.0,0,,35.8609848,Jones Ferry Road,P,-79.1743949,wintering,1,2025-01-01,EBIRD_ATL_NC,Stationary,"Partly sunny, 45. Feeder watch.",BYNUM-NE,0,1.0,Yellow-bellied Sapsucker,,,
S207468024,S207468024,1,Chatham,60.0,0,,35.8609848,Jones Ferry Road,P,-79.1743949,wintering,1,2025-01-01,EBIRD_ATL_NC,Stationary,"Partly sunny, 45. Feeder watch.",BYNUM-NE,0,1.0,Yellow-rumped Warbler,,,
S207600289,S207600289,1,Chatham,45.0,0.666,,35.861602,"100 Deer Mountain Rd, Pittsboro US-NC 35.86160, -79.17614",P,-79.176141,wintering,1,2025-01-01,EBIRD_ATL_NC,Traveling,,BYNUM-NE,0,1,American Crow,,,
S207600289,S207600289,1,Chatham,45.0,0.666,,35.861602,"100 Deer Mountain Rd, Pittsboro US-NC 35.86160, -79.17614",P,-79.176141,wintering,1,2025-01-01,EBIRD_ATL_NC,Traveling,,BYNUM-NE,0,1,Black Vulture,,,
S207600289,S207600289,1,Chatham,45.0,0.666,,35.861602,"100 Deer Mountain Rd, Pittsboro US-NC 35.86160, -79.17614",P,-79.176141,wintering,1,2025-01-01,EBIRD_ATL_NC,Traveling,,BYNUM-NE,0,1,Brown Creeper,,,
S207600289,S207600289,1,Chatham,45.0,0.666,,35.861602,"100 Deer Mountain Rd, Pittsboro US-NC 35.86160, -79.17614",P,-79.176141,wintering,1,2025-01-01,EBIRD_ATL_NC,Traveling,,BYNUM-NE,0,1,Carolina Chickadee,,,
S207600289,S207600289,1,Chatham,45.0,0.666,,35.861602,"100 Deer Mountain Rd, Pittsboro US-NC 35.86160, -79.17614",P,-79.176141,wintering,1,2025-01-01,EBIRD_ATL_NC,Traveling,,BYNUM-NE,0,1,Carolina Wren,,,
S207600289,S207600289,1,Chatham,45.0,0.666,,35.861602,"100 Deer Mountain Rd, Pittsboro US-NC 35.86160, -79.17614",P,-79.176141,wintering,1,2025-01-01,EBIRD_ATL_NC,Traveling,,BYNUM-NE,0,1,Dark-eyed Junco,,,
S207600289,S207600289,1,Chatham,45.0,0.666,,35.861602,"100 Deer Mountain Rd, Pittsboro US-NC 35.86160, -79.17614",P,-79.176141,wintering,1,2025-01-01,EBIRD_ATL_NC,Traveling,,BYNUM-NE,0,1,Golden-crowned Kinglet,,,
S207600289,S207600289,1,Chatham,45.0,0.666,,35.861602,"100 Deer Mountain Rd, Pittsboro US-NC 35.86160, -79.17614",P,-79.176141,wintering,1,2025-01-01,EBIRD_ATL_NC,Traveling,,BYNUM-NE,0,1,Hairy Woodpecker,,,
S207600289,S207600289,1,Chatham,45.0,0.666,,35.861602,"100 Deer Mountain Rd, Pittsboro US-NC 35.86160, -79.17614",P,-79.176141,wintering,1,2025-01-01,EBIRD_ATL_NC,Traveling,,BYNUM-NE,0,1,Pine Warbler,,,
S207600289,S207600289,1,Chatham,45.0,0.666,,35.861602,"100 Deer Mountain Rd, Pittsboro US-NC 35.86160, -79.17614",P,-79.176141,wintering,1,2025-01-01,EBIRD_ATL_NC,Traveling,,BYNUM-NE,0,1,Red-bellied Woodpecker,,,
S207600289,S207600289,1,Chatham,45.0,0.666,,35.861602,"100 Deer Mountain Rd, Pittsboro US-NC 35.86160, -79.17614",P,-79.176141,wintering,1,2025-01-01,EBIRD_ATL_NC,Traveling,,BYNUM-NE,0,1,Red-shouldered Hawk,,,
S207600289,S207600289,1,Chatham,45.0,0.666,,35.861602,"100 Deer Mountain Rd, Pittsboro US-NC 35.86160, -79.17614",P,-79.176141,wintering,1,2025-01-01,EBIRD_ATL_NC,Traveling,,BYNUM-NE,0,1,Ruby-crowned Kinglet,,,
S207600289,S207600289,1,Chatham,45.0,0.666,,35.861602,"100 Deer Mountain Rd, Pittsboro US-NC 35.86160, -79.17614",P,-79.176141,wintering,1,2025-01-01,EBIRD_ATL_NC,Traveling,,BYNUM-NE,0,1,Tufted Titmouse,,,
S207600289,S207600289,1,Chatham,45.0,0.666,,35.861602,"100 Deer Mountain Rd, Pittsboro US-NC 35.86160, -79.17614",P,-79.176141,wintering,1,2025-01-01,EBIRD_ATL_NC,Traveling,,BYNUM-NE,0,1,Turkey Vulture,,,
S207600289,S207600289,1,Chatham,45.0,0.666,,35.861602,"100 Deer Mountain Rd, Pittsboro US-NC 35.86160, -79.17614",P,-79.176141,wintering,1,2025-01-01,EBIRD_ATL_NC,Traveling,,BYNUM-NE,0,1,White-breasted Nuthatch,,,
S207461176,S207461176,1,Chatham,151.0,2.144,G13682499,35.6542495,Jordan Lake--B. Everett Jordan Dam,H,-79.0678176,wintering,21,2025-01-01,EBIRD_ATL_NC,Traveling,,MERRY_OAKS-SW,0,1.0,American Crow,,,
S207461176,S207461176,1,Chatham,151.0,2.144,G13682499,35.6542495,Jordan Lake--B. Everett Jordan Dam,H,-79.0678176,wintering,21,2025-01-01,EBIRD_ATL_NC,Traveling,,MERRY_OAKS-SW,0,1.0,American Goldfinch,,,
S207461176,S207461176,1,Chatham,151.0,2.144,G13682499,35.6542495,Jordan Lake--B. Everett Jordan Dam,H,-79.0678176,wintering,21,2025-01-01,EBIRD_ATL_NC,Traveling,,MERRY_OAKS-SW,0,1.0,American Robin,,,
S207461176,S207461176,1,Chatham,151.0,2.144,G13682499,35.6542495,Jordan Lake--B. Everett Jordan Dam,H,-79.0678176,wintering,21,2025-01-01,EBIRD_ATL_NC,Traveling,,MERRY_OAKS-SW,0,1.0,Bald Eagle,,,
S207461176,S207461176,1,Chatham,151.0,2.144,G13682499,35.6542495,Jordan Lake--B. Everett Jordan Dam,H,-79.0678176,wintering,21,2025-01-01,EBIRD_ATL_NC,Traveling,,MERRY_OAKS-SW,0,1.0,Blue Jay,,,
S207461176,S207461176,1,Chatham,151.0,2.144,G13682499,35.6542495,Jordan Lake--B. Everett Jordan Dam,H,-79.0678176,wintering,21,2025-01-01,EBIRD_ATL_NC,Traveling,,MERRY_OAKS-SW,0,1.0,Bonapartes Gull,,,
S207461176,S207461176,1,Chatham,151.0,2.144,G13682499,35.6542495,Jordan Lake--B. Everett Jordan Dam,H,-79.0678176,wintering,21,2025-01-01,EBIRD_ATL_NC,Traveling,,MERRY_OAKS-SW,0,1.0,Carolina Wren,,,
S207461176,S207461176,1,Chatham,151.0,2.144,G13682499,35.6542495,Jordan Lake--B. Everett Jordan Dam,H,-79.0678176,wintering,21,2025-01-01,EBIRD_ATL_NC,Traveling,,MERRY_OAKS-SW,0,1.0,Coopers Hawk,,,
S207461176,S207461176,1,Chatham,151.0,2.144,G13682499,35.6542495,Jordan Lake--B. Everett Jordan Dam,H,-79.0678176,wintering,21,2025-01-01,EBIRD_ATL_NC,Traveling,,MERRY_OAKS-SW,0,1.0,Double-crested Cormorant,,,
S207461176,S207461176,1,Chatham,151.0,2.144,G13682499,35.6542495,Jordan Lake--B. Everett Jordan Dam,H,-79.0678176,wintering,21,2025-01-01,EBIRD_ATL_NC,Traveling,,MERRY_OAKS-SW,0,1.0,Eastern Bluebird,,,
S207461176,S207461176,1,Chatham,151.0,2.144,G13682499,35.6542495,Jordan Lake--B. Everett Jordan Dam,H,-79.0678176,wintering,21,2025-01-01,EBIRD_ATL_NC,Traveling,,MERRY_OAKS-SW,0,1.0,Eastern Towhee,,,
S207461176,S207461176,1,Chatham,151.0,2.144,G13682499,35.6542495,Jordan Lake--B. Everett Jordan Dam,H,-79.0678176,wintering,21,2025-01-01,EBIRD_ATL_NC,Traveling,,MERRY_OAKS-SW,0,1.0,Field Sparrow,,,
S207461176,S207461176,1,Chatham,151.0,2.144,G13682499,35.6542495,Jordan Lake--B. Everett Jordan Dam,H,-79.0678176,wintering,21,2025-01-01,EBIRD_ATL_NC,Traveling,,MERRY_OAKS-SW,0,1.0,Golden-crowned Kinglet,,,
S207461176,S207461176,1,Chatham,151.0,2.144,G13682499,35.6542495,Jordan Lake--B. Everett Jordan Dam,H,-79.0678176,wintering,21,2025-01-01,EBIRD_ATL_NC,Traveling,,MERRY_OAKS-SW,0,1.0,Great Blue Heron,,,
S207461176,S207461176,1,Chatham,151.0,2.144,G13682499,35.6542495,Jordan Lake--B. Everett Jordan Dam,H,-79.0678176,wintering,21,2025-01-01,EBIRD_ATL_NC,Traveling,,MERRY_OAKS-SW,0,1.0,Hairy Woodpecker,,,
S207461176,S207461176,1,Chatham,151.0,2.144,G13682499,35.6542495,Jordan Lake--B. Everett Jordan Dam,H,-79.0678176,wintering,21,2025-01-01,EBIRD_ATL_NC,Traveling,,MERRY_OAKS-SW,0,1.0,Northern Cardinal,,,
S207461176,S207461176,1,Chatham,151.0,2.144,G13682499,35.6542495,Jordan Lake--B. Everett Jordan Dam,H,-79.0678176,wintering,21,2025-01-01,EBIRD_ATL_NC,Traveling,,MERRY_OAKS-SW,0,1.0,Northern Flicker,,,
S207461176,S207461176,1,Chatham,151.0,2.144,G13682499,35.6542495,Jordan Lake--B. Everett Jordan Dam,H,-79.0678176,wintering,21,2025-01-01,EBIRD_ATL_NC,Traveling,,MERRY_OAKS-SW,0,1.0,Northern Mockingbird,,,
S207461176,S207461176,1,Chatham,151.0,2.144,G13682499,35.6542495,Jordan Lake--B. Everett Jordan Dam,H,-79.0678176,wintering,21,2025-01-01,EBIRD_ATL_NC,Traveling,,MERRY_OAKS-SW,0,1.0,Ring-billed Gull,,,
S207461176,S207461176,1,Chatham,151.0,2.144,G13682499,35.6542495,Jordan Lake--B. Everett Jordan Dam,H,-79.0678176,wintering,21,2025-01-01,EBIRD_ATL_NC,Traveling,,MERRY_OAKS-SW,0,1.0,Savannah Sparrow,,,
S207461176,S207461176,1,Chatham,151.0,2.144,G13682499,35.6542495,Jordan Lake--B. Everett Jordan Dam,H,-79.0678176,wintering,21,2025-01-01,EBIRD_ATL_NC,Traveling,,MERRY_OAKS-SW,0,1.0,Song Sparrow,,,
S207461176,S207461176,1,Chatham,151.0,2.144,G13682499,35.6542495,Jordan Lake--B. Everett Jordan Dam,H,-79.0678176,wintering,21,2025-01-01,EBIRD_ATL_NC,Traveling,,MERRY_OAKS-SW,0,1.0,Swamp Sparrow,,,
S207461176,S207461176,1,Chatham,151.0,2.144,G13682499,35.6542495,Jordan Lake--B. Everett Jordan Dam,H,-79.0678176,wintering,21,2025-01-01,EBIRD_ATL_NC,Traveling,,MERRY_OAKS-SW,0,1.0,Tufted Titmouse,,,
S207461176,S207461176,1,Chatham,151.0,2.144,G13682499,35.6542495,Jordan Lake--B. Everett Jordan Dam,H,-79.0678176,wintering,21,2025-01-01,EBIRD_ATL_NC,Traveling,,MERRY_OAKS-SW,0,1.0,Turkey Vulture,,,
S207461176,S207461176,1,Chatham,151.0,2.144,G13682499,35.6542495,Jordan Lake--B. Everett Jordan Dam,H,-79.0678176,wintering,21,2025-01-01,EBIRD_ATL_NC,Traveling,,MERRY_OAKS-SW,0,1.0,White-throated Sparrow,,,
S207467966,S207467966,1,Craven,23.0,0.352,,35.0680055,"Marion Drive, New Bern, North Carolina, US (35.068, -77.054)",P,-77.0537046,wintering,1,2025-01-01,EBIRD_ATL_NC,Traveling,"Sunny, winds NW-16, 54°",NEW_BERN-CE,0,1,American Crow,,,
S207467966,S207467966,1,Craven,23.0,0.352,,35.0680055,"Marion Drive, New Bern, North Carolina, US (35.068, -77.054)",P,-77.0537046,wintering,1,2025-01-01,EBIRD_ATL_NC,Traveling,"Sunny, winds NW-16, 54°",NEW_BERN-CE,0,1,American Kestrel,,,
S207467966,S207467966,1,Craven,23.0,0.352,,35.0680055,"Marion Drive, New Bern, North Carolina, US (35.068, -77.054)",P,-77.0537046,wintering,1,2025-01-01,EBIRD_ATL_NC,Traveling,"Sunny, winds NW-16, 54°",NEW_BERN-CE,0,1,Blue Jay,,,
S207467966,S207467966,1,Craven,23.0,0.352,,35.0680055,"Marion Drive, New Bern, North Carolina, US (35.068, -77.054)",P,-77.0537046,wintering,1,2025-01-01,EBIRD_ATL_NC,Traveling,"Sunny, winds NW-16, 54°",NEW_BERN-CE,0,1,Brown-headed Cowbird,,,
S207467966,S207467966,1,Craven,23.0,0.352,,35.0680055,"Marion Drive, New Bern, North Carolina, US (35.068, -77.054)",P,-77.0537046,wintering,1,2025-01-01,EBIRD_ATL_NC,Traveling,"Sunny, winds NW-16, 54°",NEW_BERN-CE,0,1,Canada Goose,FO,C1,
S207467966,S207467966,1,Craven,23.0,0.352,,35.0680055,"Marion Drive, New Bern, North Carolina, US (35.068, -77.054)",P,-77.0537046,wintering,1,2025-01-01,EBIRD_ATL_NC,Traveling,"Sunny, winds NW-16, 54°",NEW_BERN-CE,0,1,Carolina Wren,,,
S207467966,S207467966,1,Craven,23.0,0.352,,35.0680055,"Marion Drive, New Bern, North Carolina, US (35.068, -77.054)",P,-77.0537046,wintering,1,2025-01-01,EBIRD_ATL_NC,Traveling,"Sunny, winds NW-16, 54°",NEW_BERN-CE,0,1,Eastern Bluebird,,,
S207467966,S207467966,1,Craven,23.0,0.352,,35.0680055,"Marion Drive, New Bern, North Carolina, US (35.068, -77.054)",P,-77.0537046,wintering,1,2025-01-01,EBIRD_ATL_NC,Traveling,"Sunny, winds NW-16, 54°",NEW_BERN-CE,0,1,Eastern Meadowlark,,,
S207467966,S207467966,1,Craven,23.0,0.352,,35.0680055,"Marion Drive, New Bern, North Carolina, US (35.068, -77.054)",P,-77.0537046,wintering,1,2025-01-01,EBIRD_ATL_NC,Traveling,"Sunny, winds NW-16, 54°",NEW_BERN-CE,0,1,Killdeer,,,
S207467966,S207467966,1,Craven,23.0,0.352,,35.0680055,"Marion Drive, New Bern, North Carolina, US (35.068, -77.054)",P,-77.0537046,wintering,1,2025-01-01,EBIRD_ATL_NC,Traveling,"Sunny, winds NW-16, 54°",NEW_BERN-CE,0,1,Mourning Dove,,,
S207467966,S207467966,1,Craven,23.0,0.352,,35.0680055,"Marion Drive, New Bern, North Carolina, US (35.068, -77.054)",P,-77.0537046,wintering,1,2025-01-01,EBIRD_ATL_NC,Traveling,"Sunny, winds NW-16, 54°",NEW_BERN-CE,0,1,Northern Cardinal,,,
S207467966,S207467966,1,Craven,23.0,0.352,,35.0680055,"Marion Drive, New Bern, North Carolina, US (35.068, -77.054)",P,-77.0537046,wintering,1,2025-01-01,EBIRD_ATL_NC,Traveling,"Sunny, winds NW-16, 54°",NEW_BERN-CE,0,1,Red-tailed Hawk,,,
S207467966,S207467966,1,Craven,23.0,0.352,,35.0680055,"Marion Drive, New Bern, North Carolina, US (35.068, -77.054)",P,-77.0537046,wintering,1,2025-01-01,EBIRD_ATL_NC,Traveling,"Sunny, winds NW-16, 54°",NEW_BERN-CE,0,1,Rock Pigeon,,,
S207467966,S207467966,1,Craven,23.0,0.352,,35.0680055,"Marion Drive, New Bern, North Carolina, US (35.068, -77.054)",P,-77.0537046,wintering,1,2025-01-01,EBIRD_ATL_NC,Traveling,"Sunny, winds NW-16, 54°",NEW_BERN-CE,0,1,Turkey Vulture,,,
S207499463,S207499463,1,Cumberland,30.0,1.609,,35.0562,Linear Park (Dog Park),P,-78.862722,wintering,1,2025-01-01,EBIRD_ATL_NC,Traveling,,VANDER-CW,0,1.0,American Crow,,,
S207499463,S207499463,1,Cumberland,30.0,1.609,,35.0562,Linear Park (Dog Park),P,-78.862722,wintering,1,2025-01-01,EBIRD_ATL_NC,Traveling,,VANDER-CW,0,1.0,American Goldfinch,,,
S207499463,S207499463,1,Cumberland,30.0,1.609,,35.0562,Linear Park (Dog Park),P,-78.862722,wintering,1,2025-01-01,EBIRD_ATL_NC,Traveling,,VANDER-CW,0,1.0,American Kestrel,,,
S207499463,S207499463,1,Cumberland,30.0,1.609,,35.0562,Linear Park (Dog Park),P,-78.862722,wintering,1,2025-01-01,EBIRD_ATL_NC,Traveling,,VANDER-CW,0,1.0,American Robin,,,
S207499463,S207499463,1,Cumberland,30.0,1.609,,35.0562,Linear Park (Dog Park),P,-78.862722,wintering,1,2025-01-01,EBIRD_ATL_NC,Traveling,,VANDER-CW,0,1.0,Carolina Chickadee,,,
S207499463,S207499463,1,Cumberland,30.0,1.609,,35.0562,Linear Park (Dog Park),P,-78.862722,wintering,1,2025-01-01,EBIRD_ATL_NC,Traveling,,VANDER-CW,0,1.0,Carolina Wren,,,
S207499463,S207499463,1,Cumberland,30.0,1.609,,35.0562,Linear Park (Dog Park),P,-78.862722,wintering,1,2025-01-01,EBIRD_ATL_NC,Traveling,,VANDER-CW,0,1.0,Chipping Sparrow,,,
S207499463,S207499463,1,Cumberland,30.0,1.609,,35.0562,Linear Park (Dog Park),P,-78.862722,wintering,1,2025-01-01,EBIRD_ATL_NC,Traveling,,VANDER-CW,0,1.0,Dark-eyed Junco,,,
S207499463,S207499463,1,Cumberland,30.0,1.609,,35.0562,Linear Park (Dog Park),P,-78.862722,wintering,1,2025-01-01,EBIRD_ATL_NC,Traveling,,VANDER-CW,0,1.0,Downy Woodpecker,,,
S207499463,S207499463,1,Cumberland,30.0,1.609,,35.0562,Linear Park (Dog Park),P,-78.862722,wintering,1,2025-01-01,EBIRD_ATL_NC,Traveling,,VANDER-CW,0,1.0,Eastern Bluebird,,,
S207499463,S207499463,1,Cumberland,30.0,1.609,,35.0562,Linear Park (Dog Park),P,-78.862722,wintering,1,2025-01-01,EBIRD_ATL_NC,Traveling,,VANDER-CW,0,1.0,Eastern Towhee,,,
S207499463,S207499463,1,Cumberland,30.0,1.609,,35.0562,Linear Park (Dog Park),P,-78.862722,wintering,1,2025-01-01,EBIRD_ATL_NC,Traveling,,VANDER-CW,0,1.0,Golden-crowned Kinglet,,,
S207499463,S207499463,1,Cumberland,30.0,1.609,,35.0562,Linear Park (Dog Park),P,-78.862722,wintering,1,2025-01-01,EBIRD_ATL_NC,Traveling,,VANDER-CW,0,1.0,Killdeer,,,
S207499463,S207499463,1,Cumberland,30.0,1.609,,35.0562,Linear Park (Dog Park),P,-78.862722,wintering,1,2025-01-01,EBIRD_ATL_NC,Traveling,,VANDER-CW,0,1.0,Mourning Dove,,,
S207499463,S207499463,1,Cumberland,30.0,1.609,,35.0562,Linear Park (Dog Park),P,-78.862722,wintering,1,2025-01-01,EBIRD_ATL_NC,Traveling,,VANDER-CW,0,1.0,Northern Cardinal,,,
S207499463,S207499463,1,Cumberland,30.0,1.609,,35.0562,Linear Park (Dog Park),P,-78.862722,wintering,1,2025-01-01,EBIRD_ATL_NC,Traveling,,VANDER-CW,0,1.0,Northern Mockingbird,,,
S207499463,S207499463,1,Cumberland,30.0,1.609,,35.0562,Linear Park (Dog Park),P,-78.862722,wintering,1,2025-01-01,EBIRD_ATL_NC,Traveling,,VANDER-CW,0,1.0,Red-bellied Woodpecker,,,
S207499463,S207499463,1,Cumberland,30.0,1.609,,35.0562,Linear Park (Dog Park),P,-78.862722,wintering,1,2025-01-01,EBIRD_ATL_NC,Traveling,,VANDER-CW,0,1.0,Red-shouldered Hawk,,,
S207499463,S207499463,1,Cumberland,30.0,1.609,,35.0562,Linear Park (Dog Park),P,-78.862722,wintering,1,2025-01-01,EBIRD_ATL_NC,Traveling,,VANDER-CW,0,1.0,Ring-billed Gull,,,
S207499463,S207499463,1,Cumberland,30.0,1.609,,35.0562,Linear Park (Dog Park),P,-78.862722,wintering,1,2025-01-01,EBIRD_ATL_NC,Traveling,,VANDER-CW,0,1.0,Ruby-crowned Kinglet,,,
S207499463,S207499463,1,Cumberland,30.0,1.609,,35.0562,Linear Park (Dog Park),P,-78.862722,wintering,1,2025-01-01,EBIRD_ATL_NC,Traveling,,VANDER-CW,0,1.0,Song Sparrow,,,
S207499463,S207499463,1,Cumberland,30.0,1.609,,35.0562,Linear Park (Dog Park),P,-78.862722,wintering,1,2025-01-01,EBIRD_ATL_NC,Traveling,,VANDER-CW,0,1.0,Tufted Titmouse,,,
S207499463,S207499463,1,Cumberland,30.0,1.609,,35.0562,Linear Park (Dog Park),P,-78.862722,wintering,1,2025-01-01,EBIRD_ATL_NC,Traveling,,VANDER-CW,0,1.0,Turkey Vulture,,,
S207499463,S207499463,1,Cumberland,30.0,1.609,,35.0562,Linear Park (Dog Park),P,-78.862722,wintering,1,2025-01-01,EBIRD_ATL_NC,Traveling,,VANDER-CW,0,1.0,White-breasted Nuthatch,,,
S207499463,S207499463,1,Cumberland,30.0,1.609,,35.0562,Linear Park (Dog Park),P,-78.862722,wintering,1,2025-01-01,EBIRD_ATL_NC,Traveling,,VANDER-CW,0,1.0,White-throated Sparrow,,,
S207499463,S207499463,1,Cumberland,30.0,1.609,,35.0562,Linear Park (Dog Park),P,-78.862722,wintering,1,2025-01-01,EBIRD_ATL_NC,Traveling,,VANDER-CW,0,1.0,Yellow-bellied Sapsucker,,,
S207447272,S207447272,1,Dare,14.0,0,G13682403,36.0552402,Kitty Hawk Windgrass Circle Walking Trail,H,-75.69417,wintering,2,2025-01-01,EBIRD_ATL_NC,Stationary,,KITTY_HAWK-CW,0,1.0,American Crow,,,
S207447272,S207447272,1,Dare,14.0,0,G13682403,36.0552402,Kitty Hawk Windgrass Circle Walking Trail,H,-75.69417,wintering,2,2025-01-01,EBIRD_ATL_NC,Stationary,,KITTY_HAWK-CW,0,1.0,American Herring Gull,,,
S207447272,S207447272,1,Dare,14.0,0,G13682403,36.0552402,Kitty Hawk Windgrass Circle Walking Trail,H,-75.69417,wintering,2,2025-01-01,EBIRD_ATL_NC,Stationary,,KITTY_HAWK-CW,0,1.0,Carolina Wren,,,
S207447272,S207447272,1,Dare,14.0,0,G13682403,36.0552402,Kitty Hawk Windgrass Circle Walking Trail,H,-75.69417,wintering,2,2025-01-01,EBIRD_ATL_NC,Stationary,,KITTY_HAWK-CW,0,1.0,Double-crested Cormorant,,,
S207447272,S207447272,1,Dare,14.0,0,G13682403,36.0552402,Kitty Hawk Windgrass Circle Walking Trail,H,-75.69417,wintering,2,2025-01-01,EBIRD_ATL_NC,Stationary,,KITTY_HAWK-CW,0,1.0,Golden-crowned Kinglet,,,
S207447272,S207447272,1,Dare,14.0,0,G13682403,36.0552402,Kitty Hawk Windgrass Circle Walking Trail,H,-75.69417,wintering,2,2025-01-01,EBIRD_ATL_NC,Stationary,,KITTY_HAWK-CW,0,1.0,Lesser Scaup,,,
S207447272,S207447272,1,Dare,14.0,0,G13682403,36.0552402,Kitty Hawk Windgrass Circle Walking Trail,H,-75.69417,wintering,2,2025-01-01,EBIRD_ATL_NC,Stationary,,KITTY_HAWK-CW,0,1.0,Mourning Dove,,,
S207447272,S207447272,1,Dare,14.0,0,G13682403,36.0552402,Kitty Hawk Windgrass Circle Walking Trail,H,-75.69417,wintering,2,2025-01-01,EBIRD_ATL_NC,Stationary,,KITTY_HAWK-CW,0,1.0,Northern Mockingbird,,,
S207447272,S207447272,1,Dare,14.0,0,G13682403,36.0552402,Kitty Hawk Windgrass Circle Walking Trail,H,-75.69417,wintering,2,2025-01-01,EBIRD_ATL_NC,Stationary,,KITTY_HAWK-CW,0,1.0,Orange-crowned Warbler,,,
S207447272,S207447272,1,Dare,14.0,0,G13682403,36.0552402,Kitty Hawk Windgrass Circle Walking Trail,H,-75.69417,wintering,2,2025-01-01,EBIRD_ATL_NC,Stationary,,KITTY_HAWK-CW,0,1.0,Ring-billed Gull,,,
S207447272,S207447272,1,Dare,14.0,0,G13682403,36.0552402,Kitty Hawk Windgrass Circle Walking Trail,H,-75.69417,wintering,2,2025-01-01,EBIRD_ATL_NC,Stationary,,KITTY_HAWK-CW,0,1.0,Ruddy Duck,,,
S207447272,S207447272,1,Dare,14.0,0,G13682403,36.0552402,Kitty Hawk Windgrass Circle Walking Trail,H,-75.69417,wintering,2,2025-01-01,EBIRD_ATL_NC,Stationary,,KITTY_HAWK-CW,0,1.0,Song Sparrow,,,
S207447272,S207447272,1,Dare,14.0,0,G13682403,36.0552402,Kitty Hawk Windgrass Circle Walking Trail,H,-75.69417,wintering,2,2025-01-01,EBIRD_ATL_NC,Stationary,,KITTY_HAWK-CW,0,1.0,Tree Swallow,,,
S207447272,S207447272,1,Dare,14.0,0,G13682403,36.0552402,Kitty Hawk Windgrass Circle Walking Trail,H,-75.69417,wintering,2,2025-01-01,EBIRD_ATL_NC,Stationary,,KITTY_HAWK-CW,0,1.0,Turkey Vulture,,,
S207447272,S207447272,1,Dare,14.0,0,G13682403,36.0552402,Kitty Hawk Windgrass Circle Walking Trail,H,-75.69417,wintering,2,2025-01-01,EBIRD_ATL_NC,Stationary,,KITTY_HAWK-CW,0,1.0,Winter Wren,,,
S207447272,S207447272,1,Dare,14.0,0,G13682403,36.0552402,Kitty Hawk Windgrass Circle Walking Trail,H,-75.69417,wintering,2,2025-01-01,EBIRD_ATL_NC,Stationary,,KITTY_HAWK-CW,0,1.0,Yellow-rumped Warbler,,,
S207459742,S207459742,1,Dare,14.0,0,G13682403,36.0552402,Kitty Hawk Windgrass Circle Walking Trail,H,-75.69417,wintering,2,2025-01-01,EBIRD_ATL_NC,Stationary,,KITTY_HAWK-CW,0,1.0,American Crow,,,
S207459742,S207459742,1,Dare,14.0,0,G13682403,36.0552402,Kitty Hawk Windgrass Circle Walking Trail,H,-75.69417,wintering,2,2025-01-01,EBIRD_ATL_NC,Stationary,,KITTY_HAWK-CW,0,1.0,American Herring Gull,,,
S207459742,S207459742,1,Dare,14.0,0,G13682403,36.0552402,Kitty Hawk Windgrass Circle Walking Trail,H,-75.69417,wintering,2,2025-01-01,EBIRD_ATL_NC,Stationary,,KITTY_HAWK-CW,0,1.0,Carolina Wren,,,
S207459742,S207459742,1,Dare,14.0,0,G13682403,36.0552402,Kitty Hawk Windgrass Circle Walking Trail,H,-75.69417,wintering,2,2025-01-01,EBIRD_ATL_NC,Stationary,,KITTY_HAWK-CW,0,1.0,Double-crested Cormorant,,,
S207459742,S207459742,1,Dare,14.0,0,G13682403,36.0552402,Kitty Hawk Windgrass Circle Walking Trail,H,-75.69417,wintering,2,2025-01-01,EBIRD_ATL_NC,Stationary,,KITTY_HAWK-CW,0,1.0,Golden-crowned Kinglet,,,
S207459742,S207459742,1,Dare,14.0,0,G13682403,36.0552402,Kitty Hawk Windgrass Circle Walking Trail,H,-75.69417,wintering,2,2025-01-01,EBIRD_ATL_NC,Stationary,,KITTY_HAWK-CW,0,1.0,Mourning Dove,,,
S207459742,S207459742,1,Dare,14.0,0,G13682403,36.0552402,Kitty Hawk Windgrass Circle Walking Trail,H,-75.69417,wintering,2,2025-01-01,EBIRD_ATL_NC,Stationary,,KITTY_HAWK-CW,0,1.0,Northern Mockingbird,,,
S207459742,S207459742,1,Dare,14.0,0,G13682403,36.0552402,Kitty Hawk Windgrass Circle Walking Trail,H,-75.69417,wintering,2,2025-01-01,EBIRD_ATL_NC,Stationary,,KITTY_HAWK-CW,0,1.0,Orange-crowned Warbler,,,
S207459742,S207459742,1,Dare,14.0,0,G13682403,36.0552402,Kitty Hawk Windgrass Circle Walking Trail,H,-75.69417,wintering,2,2025-01-01,EBIRD_ATL_NC,Stationary,,KITTY_HAWK-CW,0,1.0,Ring-billed Gull,,,
S207459742,S207459742,1,Dare,14.0,0,G13682403,36.0552402,Kitty Hawk Windgrass Circle Walking Trail,H,-75.69417,wintering,2,2025-01-01,EBIRD_ATL_NC,Stationary,,KITTY_HAWK-CW,0,1.0,Ruddy Duck,,,
S207459742,S207459742,1,Dare,14.0,0,G13682403,36.0552402,Kitty Hawk Windgrass Circle Walking Trail,H,-75.69417,wintering,2,2025-01-01,EBIRD_ATL_NC,Stationary,,KITTY_HAWK-CW,0,1.0,Song Sparrow,,,
S207459742,S207459742,1,Dare,14.0,0,G13682403,36.0552402,Kitty Hawk Windgrass Circle Walking Trail,H,-75.69417,wintering,2,2025-01-01,EBIRD_ATL_NC,Stationary,,KITTY_HAWK-CW,0,1.0,Tree Swallow,,,
S207459742,S207459742,1,Dare,14.0,0,G13682403,36.0552402,Kitty Hawk Windgrass Circle Walking Trail,H,-75.69417,wintering,2,2025-01-01,EBIRD_ATL_NC,Stationary,,KITTY_HAWK-CW,0,1.0,Turkey Vulture,,,
S207459742,S207459742,1,Dare,14.0,0,G13682403,36.0552402,Kitty Hawk Windgrass Circle Walking Trail,H,-75.69417,wintering,2,2025-01-01,EBIRD_ATL_NC,Stationary,,KITTY_HAWK-CW,0,1.0,Winter Wren,,,
S207459742,S207459742,1,Dare,14.0,0,G13682403,36.0552402,Kitty Hawk Windgrass Circle Walking Trail,H,-75.69417,wintering,2,2025-01-01,EBIRD_ATL_NC,Stationary,,KITTY_HAWK-CW,0,1.0,Yellow-rumped Warbler,,,
S207590076,S207590076,1,Dare,140.0,25.117,,36.060175,"27949, Kitty Hawk US-NC 36.06018, -75.72313",P,-75.723133,wintering,2,2025-01-01,EBIRD_ATL_NC,Traveling,,KITTY_HAWK-CW,0,1,American Crow,OS,C2,
S207590076,S207590076,1,Dare,140.0,25.117,,36.060175,"27949, Kitty Hawk US-NC 36.06018, -75.72313",P,-75.723133,wintering,2,2025-01-01,EBIRD_ATL_NC,Traveling,,KITTY_HAWK-CW,0,1,Belted Kingfisher,FO,C1,
S207590076,S207590076,1,Dare,140.0,25.117,,36.060175,"27949, Kitty Hawk US-NC 36.06018, -75.72313",P,-75.723133,wintering,2,2025-01-01,EBIRD_ATL_NC,Traveling,,KITTY_HAWK-CW,0,1,Black Vulture,FO,C1,
S207590076,S207590076,1,Dare,140.0,25.117,,36.060175,"27949, Kitty Hawk US-NC 36.06018, -75.72313",P,-75.723133,wintering,2,2025-01-01,EBIRD_ATL_NC,Traveling,,KITTY_HAWK-CW,0,1,Brown-headed Nuthatch,OS,C2,
S207590076,S207590076,1,Dare,140.0,25.117,,36.060175,"27949, Kitty Hawk US-NC 36.06018, -75.72313",P,-75.723133,wintering,2,2025-01-01,EBIRD_ATL_NC,Traveling,,KITTY_HAWK-CW,0,1,Downy Woodpecker,OS,C2,
S207590076,S207590076,1,Dare,140.0,25.117,,36.060175,"27949, Kitty Hawk US-NC 36.06018, -75.72313",P,-75.723133,wintering,2,2025-01-01,EBIRD_ATL_NC,Traveling,,KITTY_HAWK-CW,0,1,Golden-crowned Kinglet,OS,C2,
S207590076,S207590076,1,Dare,140.0,25.117,,36.060175,"27949, Kitty Hawk US-NC 36.06018, -75.72313",P,-75.723133,wintering,2,2025-01-01,EBIRD_ATL_NC,Traveling,,KITTY_HAWK-CW,0,1,Northern Cardinal,OS,C2,
S207590076,S207590076,1,Dare,140.0,25.117,,36.060175,"27949, Kitty Hawk US-NC 36.06018, -75.72313",P,-75.723133,wintering,2,2025-01-01,EBIRD_ATL_NC,Traveling,,KITTY_HAWK-CW,0,1,Northern Flicker,OS,C2,
S207590076,S207590076,1,Dare,140.0,25.117,,36.060175,"27949, Kitty Hawk US-NC 36.06018, -75.72313",P,-75.723133,wintering,2,2025-01-01,EBIRD_ATL_NC,Traveling,,KITTY_HAWK-CW,0,1,Song Sparrow,OS,C2,
S207590076,S207590076,1,Dare,140.0,25.117,,36.060175,"27949, Kitty Hawk US-NC 36.06018, -75.72313",P,-75.723133,wintering,2,2025-01-01,EBIRD_ATL_NC,Traveling,,KITTY_HAWK-CW,0,1,Swamp Sparrow,OS,C2,
S207590076,S207590076,1,Dare,140.0,25.117,,36.060175,"27949, Kitty Hawk US-NC 36.06018, -75.72313",P,-75.723133,wintering,2,2025-01-01,EBIRD_ATL_NC,Traveling,,KITTY_HAWK-CW,0,1,Tufted Titmouse,OS,C2,
S207590076,S207590076,1,Dare,140.0,25.117,,36.060175,"27949, Kitty Hawk US-NC 36.06018, -75.72313",P,-75.723133,wintering,2,2025-01-01,EBIRD_ATL_NC,Traveling,,KITTY_HAWK-CW,0,1,Wood Duck,FO,C1,
S207590076,S207590076,1,Dare,140.0,25.117,,36.060175,"27949, Kitty Hawk US-NC 36.06018, -75.72313",P,-75.723133,wintering,2,2025-01-01,EBIRD_ATL_NC,Traveling,,KITTY_HAWK-CW,0,1,Yellow-rumped Warbler,OS,C2,
S207748149,S207748149,1,Dare,28.0,0.848,G13703766,36.0725753,Sandy Run Park,H,-75.7189354,wintering,2,2025-01-01,EBIRD_ATL_NC,Traveling,,KITTY_HAWK-CW,0,1.0,American Crow,,,
S207748149,S207748149,1,Dare,28.0,0.848,G13703766,36.0725753,Sandy Run Park,H,-75.7189354,wintering,2,2025-01-01,EBIRD_ATL_NC,Traveling,,KITTY_HAWK-CW,0,1.0,Brown-headed Nuthatch,,,
S207748149,S207748149,1,Dare,28.0,0.848,G13703766,36.0725753,Sandy Run Park,H,-75.7189354,wintering,2,2025-01-01,EBIRD_ATL_NC,Traveling,,KITTY_HAWK-CW,0,1.0,Brown Creeper,,,
S207748149,S207748149,1,Dare,28.0,0.848,G13703766,36.0725753,Sandy Run Park,H,-75.7189354,wintering,2,2025-01-01,EBIRD_ATL_NC,Traveling,,KITTY_HAWK-CW,0,1.0,Carolina Chickadee,,,
S207748149,S207748149,1,Dare,28.0,0.848,G13703766,36.0725753,Sandy Run Park,H,-75.7189354,wintering,2,2025-01-01,EBIRD_ATL_NC,Traveling,,KITTY_HAWK-CW,0,1.0,Eastern Phoebe,,,
S207748149,S207748149,1,Dare,28.0,0.848,G13703766,36.0725753,Sandy Run Park,H,-75.7189354,wintering,2,2025-01-01,EBIRD_ATL_NC,Traveling,,KITTY_HAWK-CW,0,1.0,Golden-crowned Kinglet,,,
S207748149,S207748149,1,Dare,28.0,0.848,G13703766,36.0725753,Sandy Run Park,H,-75.7189354,wintering,2,2025-01-01,EBIRD_ATL_NC,Traveling,,KITTY_HAWK-CW,0,1.0,Great Egret,,,
S207748149,S207748149,1,Dare,28.0,0.848,G13703766,36.0725753,Sandy Run Park,H,-75.7189354,wintering,2,2025-01-01,EBIRD_ATL_NC,Traveling,,KITTY_HAWK-CW,0,1.0,Gray Catbird,,,
S207748149,S207748149,1,Dare,28.0,0.848,G13703766,36.0725753,Sandy Run Park,H,-75.7189354,wintering,2,2025-01-01,EBIRD_ATL_NC,Traveling,,KITTY_HAWK-CW,0,1.0,House Finch,,,
S207748149,S207748149,1,Dare,28.0,0.848,G13703766,36.0725753,Sandy Run Park,H,-75.7189354,wintering,2,2025-01-01,EBIRD_ATL_NC,Traveling,,KITTY_HAWK-CW,0,1.0,Northern Cardinal,,,
S207748149,S207748149,1,Dare,28.0,0.848,G13703766,36.0725753,Sandy Run Park,H,-75.7189354,wintering,2,2025-01-01,EBIRD_ATL_NC,Traveling,,KITTY_HAWK-CW,0,1.0,Northern Mockingbird,,,
S207748149,S207748149,1,Dare,28.0,0.848,G13703766,36.0725753,Sandy Run Park,H,-75.7189354,wintering,2,2025-01-01,EBIRD_ATL_NC,Traveling,,KITTY_HAWK-CW,0,1.0,Ruby-crowned Kinglet,,,
S207748149,S207748149,1,Dare,28.0,0.848,G13703766,36.0725753,Sandy Run Park,H,-75.7189354,wintering,2,2025-01-01,EBIRD_ATL_NC,Traveling,,KITTY_HAWK-CW,0,1.0,Snow Goose,,,Flyover flock
S207748149,S207748149,1,Dare,28.0,0.848,G13703766,36.0725753,Sandy Run Park,H,-75.7189354,wintering,2,2025-01-01,EBIRD_ATL_NC,Traveling,,KITTY_HAWK-CW,0,1.0,Turkey Vulture,,,
S207748149,S207748149,1,Dare,28.0,0.848,G13703766,36.0725753,Sandy Run Park,H,-75.7189354,wintering,2,2025-01-01,EBIRD_ATL_NC,Traveling,,KITTY_HAWK-CW,0,1.0,Yellow-rumped Warbler,,,
S207748148,S207748148,1,Dare,17.0,0.078,G13703765,36.0643644,Kitty Hawk Woods Coastal Reserve--Paddle Trail,H,-75.72258,wintering,2,2025-01-01,EBIRD_ATL_NC,Traveling,,KITTY_HAWK-CW,0,1,American Crow,,,
S207748148,S207748148,1,Dare,17.0,0.078,G13703765,36.0643644,Kitty Hawk Woods Coastal Reserve--Paddle Trail,H,-75.72258,wintering,2,2025-01-01,EBIRD_ATL_NC,Traveling,,KITTY_HAWK-CW,0,1,American Robin,,,
S207748148,S207748148,1,Dare,17.0,0.078,G13703765,36.0643644,Kitty Hawk Woods Coastal Reserve--Paddle Trail,H,-75.72258,wintering,2,2025-01-01,EBIRD_ATL_NC,Traveling,,KITTY_HAWK-CW,0,1,Bald Eagle,,,
S207748148,S207748148,1,Dare,17.0,0.078,G13703765,36.0643644,Kitty Hawk Woods Coastal Reserve--Paddle Trail,H,-75.72258,wintering,2,2025-01-01,EBIRD_ATL_NC,Traveling,,KITTY_HAWK-CW,0,1,Carolina Chickadee,,,
S207748148,S207748148,1,Dare,17.0,0.078,G13703765,36.0643644,Kitty Hawk Woods Coastal Reserve--Paddle Trail,H,-75.72258,wintering,2,2025-01-01,EBIRD_ATL_NC,Traveling,,KITTY_HAWK-CW,0,1,Northern Cardinal,,,
S207748148,S207748148,1,Dare,17.0,0.078,G13703765,36.0643644,Kitty Hawk Woods Coastal Reserve--Paddle Trail,H,-75.72258,wintering,2,2025-01-01,EBIRD_ATL_NC,Traveling,,KITTY_HAWK-CW,0,1,Northern Flicker,,,
S207748148,S207748148,1,Dare,17.0,0.078,G13703765,36.0643644,Kitty Hawk Woods Coastal Reserve--Paddle Trail,H,-75.72258,wintering,2,2025-01-01,EBIRD_ATL_NC,Traveling,,KITTY_HAWK-CW,0,1,Orange-crowned Warbler,,,
S207748148,S207748148,1,Dare,17.0,0.078,G13703765,36.0643644,Kitty Hawk Woods Coastal Reserve--Paddle Trail,H,-75.72258,wintering,2,2025-01-01,EBIRD_ATL_NC,Traveling,,KITTY_HAWK-CW,0,1,Red-tailed Hawk,,,
S207748148,S207748148,1,Dare,17.0,0.078,G13703765,36.0643644,Kitty Hawk Woods Coastal Reserve--Paddle Trail,H,-75.72258,wintering,2,2025-01-01,EBIRD_ATL_NC,Traveling,,KITTY_HAWK-CW,0,1,Red-winged Blackbird,,,
S207748148,S207748148,1,Dare,17.0,0.078,G13703765,36.0643644,Kitty Hawk Woods Coastal Reserve--Paddle Trail,H,-75.72258,wintering,2,2025-01-01,EBIRD_ATL_NC,Traveling,,KITTY_HAWK-CW,0,1,Swamp Sparrow,,,
S207748148,S207748148,1,Dare,17.0,0.078,G13703765,36.0643644,Kitty Hawk Woods Coastal Reserve--Paddle Trail,H,-75.72258,wintering,2,2025-01-01,EBIRD_ATL_NC,Traveling,,KITTY_HAWK-CW,0,1,Turkey Vulture,,,
S207748148,S207748148,1,Dare,17.0,0.078,G13703765,36.0643644,Kitty Hawk Woods Coastal Reserve--Paddle Trail,H,-75.72258,wintering,2,2025-01-01,EBIRD_ATL_NC,Traveling,,KITTY_HAWK-CW,0,1,Yellow-rumped Warbler,,,
S207476269,S207476269,1,Dare,17.0,0.078,G13703765,36.0643644,Kitty Hawk Woods Coastal Reserve--Paddle Trail,H,-75.72258,wintering,2,2025-01-01,EBIRD_ATL_NC,Traveling,,KITTY_HAWK-CW,0,1,American Crow,,,
S207476269,S207476269,1,Dare,17.0,0.078,G13703765,36.0643644,Kitty Hawk Woods Coastal Reserve--Paddle Trail,H,-75.72258,wintering,2,2025-01-01,EBIRD_ATL_NC,Traveling,,KITTY_HAWK-CW,0,1,American Robin,,,
S207476269,S207476269,1,Dare,17.0,0.078,G13703765,36.0643644,Kitty Hawk Woods Coastal Reserve--Paddle Trail,H,-75.72258,wintering,2,2025-01-01,EBIRD_ATL_NC,Traveling,,KITTY_HAWK-CW,0,1,Bald Eagle,,,
S207476269,S207476269,1,Dare,17.0,0.078,G13703765,36.0643644,Kitty Hawk Woods Coastal Reserve--Paddle Trail,H,-75.72258,wintering,2,2025-01-01,EBIRD_ATL_NC,Traveling,,KITTY_HAWK-CW,0,1,Carolina Chickadee,,,
S207476269,S207476269,1,Dare,17.0,0.078,G13703765,36.0643644,Kitty Hawk Woods Coastal Reserve--Paddle Trail,H,-75.72258,wintering,2,2025-01-01,EBIRD_ATL_NC,Traveling,,KITTY_HAWK-CW,0,1,Northern Cardinal,,,
S207476269,S207476269,1,Dare,17.0,0.078,G13703765,36.0643644,Kitty Hawk Woods Coastal Reserve--Paddle Trail,H,-75.72258,wintering,2,2025-01-01,EBIRD_ATL_NC,Traveling,,KITTY_HAWK-CW,0,1,Northern Flicker,,,
S207476269,S207476269,1,Dare,17.0,0.078,G13703765,36.0643644,Kitty Hawk Woods Coastal Reserve--Paddle Trail,H,-75.72258,wintering,2,2025-01-01,EBIRD_ATL_NC,Traveling,,KITTY_HAWK-CW,0,1,Orange-crowned Warbler,,,
S207476269,S207476269,1,Dare,17.0,0.078,G13703765,36.0643644,Kitty Hawk Woods Coastal Reserve--Paddle Trail,H,-75.72258,wintering,2,2025-01-01,EBIRD_ATL_NC,Traveling,,KITTY_HAWK-CW,0,1,Red-tailed Hawk,,,
S207476269,S207476269,1,Dare,17.0,0.078,G13703765,36.0643644,Kitty Hawk Woods Coastal Reserve--Paddle Trail,H,-75.72258,wintering,2,2025-01-01,EBIRD_ATL_NC,Traveling,,KITTY_HAWK-CW,0,1,Red-winged Blackbird,,,
S207476269,S207476269,1,Dare,17.0,0.078,G13703765,36.0643644,Kitty Hawk Woods Coastal Reserve--Paddle Trail,H,-75.72258,wintering,2,2025-01-01,EBIRD_ATL_NC,Traveling,,KITTY_HAWK-CW,0,1,Swamp Sparrow,,,
S207476269,S207476269,1,Dare,17.0,0.078,G13703765,36.0643644,Kitty Hawk Woods Coastal Reserve--Paddle Trail,H,-75.72258,wintering,2,2025-01-01,EBIRD_ATL_NC,Traveling,,KITTY_HAWK-CW,0,1,Turkey Vulture,,,
S207476269,S207476269,1,Dare,17.0,0.078,G13703765,36.0643644,Kitty Hawk Woods Coastal Reserve--Paddle Trail,H,-75.72258,wintering,2,2025-01-01,EBIRD_ATL_NC,Traveling,,KITTY_HAWK-CW,0,1,Yellow-rumped Warbler,,,
S207471433,S207471433,1,Dare,28.0,0.848,G13703766,36.0725753,Sandy Run Park,H,-75.7189354,wintering,2,2025-01-01,EBIRD_ATL_NC,Traveling,,KITTY_HAWK-CW,0,1.0,American Crow,,,
S207471433,S207471433,1,Dare,28.0,0.848,G13703766,36.0725753,Sandy Run Park,H,-75.7189354,wintering,2,2025-01-01,EBIRD_ATL_NC,Traveling,,KITTY_HAWK-CW,0,1.0,Brown-headed Nuthatch,,,
S207471433,S207471433,1,Dare,28.0,0.848,G13703766,36.0725753,Sandy Run Park,H,-75.7189354,wintering,2,2025-01-01,EBIRD_ATL_NC,Traveling,,KITTY_HAWK-CW,0,1.0,Brown Creeper,,,
S207471433,S207471433,1,Dare,28.0,0.848,G13703766,36.0725753,Sandy Run Park,H,-75.7189354,wintering,2,2025-01-01,EBIRD_ATL_NC,Traveling,,KITTY_HAWK-CW,0,1.0,Carolina Chickadee,,,
S207471433,S207471433,1,Dare,28.0,0.848,G13703766,36.0725753,Sandy Run Park,H,-75.7189354,wintering,2,2025-01-01,EBIRD_ATL_NC,Traveling,,KITTY_HAWK-CW,0,1.0,Eastern Phoebe,,,
S207471433,S207471433,1,Dare,28.0,0.848,G13703766,36.0725753,Sandy Run Park,H,-75.7189354,wintering,2,2025-01-01,EBIRD_ATL_NC,Traveling,,KITTY_HAWK-CW,0,1.0,Golden-crowned Kinglet,,,
S207471433,S207471433,1,Dare,28.0,0.848,G13703766,36.0725753,Sandy Run Park,H,-75.7189354,wintering,2,2025-01-01,EBIRD_ATL_NC,Traveling,,KITTY_HAWK-CW,0,1.0,Great Egret,,,
S207471433,S207471433,1,Dare,28.0,0.848,G13703766,36.0725753,Sandy Run Park,H,-75.7189354,wintering,2,2025-01-01,EBIRD_ATL_NC,Traveling,,KITTY_HAWK-CW,0,1.0,Gray Catbird,,,
S207471433,S207471433,1,Dare,28.0,0.848,G13703766,36.0725753,Sandy Run Park,H,-75.7189354,wintering,2,2025-01-01,EBIRD_ATL_NC,Traveling,,KITTY_HAWK-CW,0,1.0,House Finch,,,
S207471433,S207471433,1,Dare,28.0,0.848,G13703766,36.0725753,Sandy Run Park,H,-75.7189354,wintering,2,2025-01-01,EBIRD_ATL_NC,Traveling,,KITTY_HAWK-CW,0,1.0,Northern Cardinal,,,
S207471433,S207471433,1,Dare,28.0,0.848,G13703766,36.0725753,Sandy Run Park,H,-75.7189354,wintering,2,2025-01-01,EBIRD_ATL_NC,Traveling,,KITTY_HAWK-CW,0,1.0,Northern Mockingbird,,,
S207471433,S207471433,1,Dare,28.0,0.848,G13703766,36.0725753,Sandy Run Park,H,-75.7189354,wintering,2,2025-01-01,EBIRD_ATL_NC,Traveling,,KITTY_HAWK-CW,0,1.0,Ruby-crowned Kinglet,,,
S207471433,S207471433,1,Dare,28.0,0.848,G13703766,36.0725753,Sandy Run Park,H,-75.7189354,wintering,2,2025-01-01,EBIRD_ATL_NC,Traveling,,KITTY_HAWK-CW,0,1.0,Snow Goose,,,Flyover flock
S207471433,S207471433,1,Dare,28.0,0.848,G13703766,36.0725753,Sandy Run Park,H,-75.7189354,wintering,2,2025-01-01,EBIRD_ATL_NC,Traveling,,KITTY_HAWK-CW,0,1.0,Turkey Vulture,,,
S207471433,S207471433,1,Dare,28.0,0.848,G13703766,36.0725753,Sandy Run Park,H,-75.7189354,wintering,2,2025-01-01,EBIRD_ATL_NC,Traveling,,KITTY_HAWK-CW,0,1.0,Yellow-rumped Warbler,,,
S207471204,S207471204,1,Durham,95.0,2.092,,35.9681599,Sandy Creek Park,H,-78.9675164,wintering,1,2025-01-01,EBIRD_ATL_NC,Traveling,,SOUTHWEST_DURHAM-NW,0,1.0,American Crow,,,
S207471204,S207471204,1,Durham,95.0,2.092,,35.9681599,Sandy Creek Park,H,-78.9675164,wintering,1,2025-01-01,EBIRD_ATL_NC,Traveling,,SOUTHWEST_DURHAM-NW,0,1.0,American Goldfinch,,,
S207471204,S207471204,1,Durham,95.0,2.092,,35.9681599,Sandy Creek Park,H,-78.9675164,wintering,1,2025-01-01,EBIRD_ATL_NC,Traveling,,SOUTHWEST_DURHAM-NW,0,1.0,American Robin,,,
S207471204,S207471204,1,Durham,95.0,2.092,,35.9681599,Sandy Creek Park,H,-78.9675164,wintering,1,2025-01-01,EBIRD_ATL_NC,Traveling,,SOUTHWEST_DURHAM-NW,0,1.0,Black Vulture,,,
S207471204,S207471204,1,Durham,95.0,2.092,,35.9681599,Sandy Creek Park,H,-78.9675164,wintering,1,2025-01-01,EBIRD_ATL_NC,Traveling,,SOUTHWEST_DURHAM-NW,0,1.0,Brown-headed Nuthatch,,,
S207471204,S207471204,1,Durham,95.0,2.092,,35.9681599,Sandy Creek Park,H,-78.9675164,wintering,1,2025-01-01,EBIRD_ATL_NC,Traveling,,SOUTHWEST_DURHAM-NW,0,1.0,Brown Creeper,,,
S207471204,S207471204,1,Durham,95.0,2.092,,35.9681599,Sandy Creek Park,H,-78.9675164,wintering,1,2025-01-01,EBIRD_ATL_NC,Traveling,,SOUTHWEST_DURHAM-NW,0,1.0,Canada Goose,,,
S207471204,S207471204,1,Durham,95.0,2.092,,35.9681599,Sandy Creek Park,H,-78.9675164,wintering,1,2025-01-01,EBIRD_ATL_NC,Traveling,,SOUTHWEST_DURHAM-NW,0,1.0,Carolina Chickadee,,,
S207471204,S207471204,1,Durham,95.0,2.092,,35.9681599,Sandy Creek Park,H,-78.9675164,wintering,1,2025-01-01,EBIRD_ATL_NC,Traveling,,SOUTHWEST_DURHAM-NW,0,1.0,Carolina Wren,,,
S207471204,S207471204,1,Durham,95.0,2.092,,35.9681599,Sandy Creek Park,H,-78.9675164,wintering,1,2025-01-01,EBIRD_ATL_NC,Traveling,,SOUTHWEST_DURHAM-NW,0,1.0,Coopers Hawk,,,
S207471204,S207471204,1,Durham,95.0,2.092,,35.9681599,Sandy Creek Park,H,-78.9675164,wintering,1,2025-01-01,EBIRD_ATL_NC,Traveling,,SOUTHWEST_DURHAM-NW,0,1.0,Downy Woodpecker,,,
S207471204,S207471204,1,Durham,95.0,2.092,,35.9681599,Sandy Creek Park,H,-78.9675164,wintering,1,2025-01-01,EBIRD_ATL_NC,Traveling,,SOUTHWEST_DURHAM-NW,0,1.0,Eastern Bluebird,,,
S207471204,S207471204,1,Durham,95.0,2.092,,35.9681599,Sandy Creek Park,H,-78.9675164,wintering,1,2025-01-01,EBIRD_ATL_NC,Traveling,,SOUTHWEST_DURHAM-NW,0,1.0,Eastern Phoebe,,,
S207471204,S207471204,1,Durham,95.0,2.092,,35.9681599,Sandy Creek Park,H,-78.9675164,wintering,1,2025-01-01,EBIRD_ATL_NC,Traveling,,SOUTHWEST_DURHAM-NW,0,1.0,Golden-crowned Kinglet,,,
S207471204,S207471204,1,Durham,95.0,2.092,,35.9681599,Sandy Creek Park,H,-78.9675164,wintering,1,2025-01-01,EBIRD_ATL_NC,Traveling,,SOUTHWEST_DURHAM-NW,0,1.0,Great Blue Heron,,,
S207471204,S207471204,1,Durham,95.0,2.092,,35.9681599,Sandy Creek Park,H,-78.9675164,wintering,1,2025-01-01,EBIRD_ATL_NC,Traveling,,SOUTHWEST_DURHAM-NW,0,1.0,Hairy Woodpecker,,,
S207471204,S207471204,1,Durham,95.0,2.092,,35.9681599,Sandy Creek Park,H,-78.9675164,wintering,1,2025-01-01,EBIRD_ATL_NC,Traveling,,SOUTHWEST_DURHAM-NW,0,1.0,Hermit Thrush,,,
S207471204,S207471204,1,Durham,95.0,2.092,,35.9681599,Sandy Creek Park,H,-78.9675164,wintering,1,2025-01-01,EBIRD_ATL_NC,Traveling,,SOUTHWEST_DURHAM-NW,0,1.0,House Finch,,,
S207471204,S207471204,1,Durham,95.0,2.092,,35.9681599,Sandy Creek Park,H,-78.9675164,wintering,1,2025-01-01,EBIRD_ATL_NC,Traveling,,SOUTHWEST_DURHAM-NW,0,1.0,Northern Cardinal,,,
S207471204,S207471204,1,Durham,95.0,2.092,,35.9681599,Sandy Creek Park,H,-78.9675164,wintering,1,2025-01-01,EBIRD_ATL_NC,Traveling,,SOUTHWEST_DURHAM-NW,0,1.0,Red-bellied Woodpecker,,,
S207471204,S207471204,1,Durham,95.0,2.092,,35.9681599,Sandy Creek Park,H,-78.9675164,wintering,1,2025-01-01,EBIRD_ATL_NC,Traveling,,SOUTHWEST_DURHAM-NW,0,1.0,Red-headed Woodpecker,,,
S207471204,S207471204,1,Durham,95.0,2.092,,35.9681599,Sandy Creek Park,H,-78.9675164,wintering,1,2025-01-01,EBIRD_ATL_NC,Traveling,,SOUTHWEST_DURHAM-NW,0,1.0,Red-shouldered Hawk,,,
S207471204,S207471204,1,Durham,95.0,2.092,,35.9681599,Sandy Creek Park,H,-78.9675164,wintering,1,2025-01-01,EBIRD_ATL_NC,Traveling,,SOUTHWEST_DURHAM-NW,0,1.0,Song Sparrow,,,
S207471204,S207471204,1,Durham,95.0,2.092,,35.9681599,Sandy Creek Park,H,-78.9675164,wintering,1,2025-01-01,EBIRD_ATL_NC,Traveling,,SOUTHWEST_DURHAM-NW,0,1.0,Swamp Sparrow,,,
S207471204,S207471204,1,Durham,95.0,2.092,,35.9681599,Sandy Creek Park,H,-78.9675164,wintering,1,2025-01-01,EBIRD_ATL_NC,Traveling,,SOUTHWEST_DURHAM-NW,0,1.0,Tufted Titmouse,,,
S207471204,S207471204,1,Durham,95.0,2.092,,35.9681599,Sandy Creek Park,H,-78.9675164,wintering,1,2025-01-01,EBIRD_ATL_NC,Traveling,,SOUTHWEST_DURHAM-NW,0,1.0,Turkey Vulture,,,
S207471204,S207471204,1,Durham,95.0,2.092,,35.9681599,Sandy Creek Park,H,-78.9675164,wintering,1,2025-01-01,EBIRD_ATL_NC,Traveling,,SOUTHWEST_DURHAM-NW,0,1.0,White-breasted Nuthatch,,,
S207471204,S207471204,1,Durham,95.0,2.092,,35.9681599,Sandy Creek Park,H,-78.9675164,wintering,1,2025-01-01,EBIRD_ATL_NC,Traveling,,SOUTHWEST_DURHAM-NW,0,1.0,White-throated Sparrow,,,
S207471204,S207471204,1,Durham,95.0,2.092,,35.9681599,Sandy Creek Park,H,-78.9675164,wintering,1,2025-01-01,EBIRD_ATL_NC,Traveling,,SOUTHWEST_DURHAM-NW,0,1.0,Yellow-rumped Warbler,,,
S207435281,S207435281,1,Durham,27.0,0.493,,35.8905668,Fairfield Neighborhood,P,-78.9249766,wintering,1,2025-01-01,EBIRD_ATL_NC,Traveling,,SOUTHWEST_DURHAM-SE,1,1,American Crow,,,
S207435281,S207435281,1,Durham,27.0,0.493,,35.8905668,Fairfield Neighborhood,P,-78.9249766,wintering,1,2025-01-01,EBIRD_ATL_NC,Traveling,,SOUTHWEST_DURHAM-SE,1,1,American Goldfinch,,,
S207435281,S207435281,1,Durham,27.0,0.493,,35.8905668,Fairfield Neighborhood,P,-78.9249766,wintering,1,2025-01-01,EBIRD_ATL_NC,Traveling,,SOUTHWEST_DURHAM-SE,1,1,American Robin,,,
S207435281,S207435281,1,Durham,27.0,0.493,,35.8905668,Fairfield Neighborhood,P,-78.9249766,wintering,1,2025-01-01,EBIRD_ATL_NC,Traveling,,SOUTHWEST_DURHAM-SE,1,1,Blue Jay,,,
S207435281,S207435281,1,Durham,27.0,0.493,,35.8905668,Fairfield Neighborhood,P,-78.9249766,wintering,1,2025-01-01,EBIRD_ATL_NC,Traveling,,SOUTHWEST_DURHAM-SE,1,1,Canada Goose,,,
S207435281,S207435281,1,Durham,27.0,0.493,,35.8905668,Fairfield Neighborhood,P,-78.9249766,wintering,1,2025-01-01,EBIRD_ATL_NC,Traveling,,SOUTHWEST_DURHAM-SE,1,1,Carolina Chickadee,,,
S207435281,S207435281,1,Durham,27.0,0.493,,35.8905668,Fairfield Neighborhood,P,-78.9249766,wintering,1,2025-01-01,EBIRD_ATL_NC,Traveling,,SOUTHWEST_DURHAM-SE,1,1,Carolina Wren,,,
S207435281,S207435281,1,Durham,27.0,0.493,,35.8905668,Fairfield Neighborhood,P,-78.9249766,wintering,1,2025-01-01,EBIRD_ATL_NC,Traveling,,SOUTHWEST_DURHAM-SE,1,1,Dark-eyed Junco,,,
S207435281,S207435281,1,Durham,27.0,0.493,,35.8905668,Fairfield Neighborhood,P,-78.9249766,wintering,1,2025-01-01,EBIRD_ATL_NC,Traveling,,SOUTHWEST_DURHAM-SE,1,1,Downy Woodpecker,,,
S207435281,S207435281,1,Durham,27.0,0.493,,35.8905668,Fairfield Neighborhood,P,-78.9249766,wintering,1,2025-01-01,EBIRD_ATL_NC,Traveling,,SOUTHWEST_DURHAM-SE,1,1,Eastern Bluebird,,,
S207435281,S207435281,1,Durham,27.0,0.493,,35.8905668,Fairfield Neighborhood,P,-78.9249766,wintering,1,2025-01-01,EBIRD_ATL_NC,Traveling,,SOUTHWEST_DURHAM-SE,1,1,Eastern Towhee,,,
S207435281,S207435281,1,Durham,27.0,0.493,,35.8905668,Fairfield Neighborhood,P,-78.9249766,wintering,1,2025-01-01,EBIRD_ATL_NC,Traveling,,SOUTHWEST_DURHAM-SE,1,1,House Finch,,,
S207435281,S207435281,1,Durham,27.0,0.493,,35.8905668,Fairfield Neighborhood,P,-78.9249766,wintering,1,2025-01-01,EBIRD_ATL_NC,Traveling,,SOUTHWEST_DURHAM-SE,1,1,Northern Cardinal,,,
S207435281,S207435281,1,Durham,27.0,0.493,,35.8905668,Fairfield Neighborhood,P,-78.9249766,wintering,1,2025-01-01,EBIRD_ATL_NC,Traveling,,SOUTHWEST_DURHAM-SE,1,1,Northern Mockingbird,,,
S207435281,S207435281,1,Durham,27.0,0.493,,35.8905668,Fairfield Neighborhood,P,-78.9249766,wintering,1,2025-01-01,EBIRD_ATL_NC,Traveling,,SOUTHWEST_DURHAM-SE,1,1,Red-bellied Woodpecker,,,
S207435281,S207435281,1,Durham,27.0,0.493,,35.8905668,Fairfield Neighborhood,P,-78.9249766,wintering,1,2025-01-01,EBIRD_ATL_NC,Traveling,,SOUTHWEST_DURHAM-SE,1,1,Red-shouldered Hawk,,,
S207435281,S207435281,1,Durham,27.0,0.493,,35.8905668,Fairfield Neighborhood,P,-78.9249766,wintering,1,2025-01-01,EBIRD_ATL_NC,Traveling,,SOUTHWEST_DURHAM-SE,1,1,Red-tailed Hawk,,,Being mobbed by the American Crows
S207435281,S207435281,1,Durham,27.0,0.493,,35.8905668,Fairfield Neighborhood,P,-78.9249766,wintering,1,2025-01-01,EBIRD_ATL_NC,Traveling,,SOUTHWEST_DURHAM-SE,1,1,Red-winged Blackbird,,,
S207435281,S207435281,1,Durham,27.0,0.493,,35.8905668,Fairfield Neighborhood,P,-78.9249766,wintering,1,2025-01-01,EBIRD_ATL_NC,Traveling,,SOUTHWEST_DURHAM-SE,1,1,Ruby-crowned Kinglet,,,
S207435281,S207435281,1,Durham,27.0,0.493,,35.8905668,Fairfield Neighborhood,P,-78.9249766,wintering,1,2025-01-01,EBIRD_ATL_NC,Traveling,,SOUTHWEST_DURHAM-SE,1,1,Song Sparrow,,,
S207435281,S207435281,1,Durham,27.0,0.493,,35.8905668,Fairfield Neighborhood,P,-78.9249766,wintering,1,2025-01-01,EBIRD_ATL_NC,Traveling,,SOUTHWEST_DURHAM-SE,1,1,Tufted Titmouse,,,
S207435281,S207435281,1,Durham,27.0,0.493,,35.8905668,Fairfield Neighborhood,P,-78.9249766,wintering,1,2025-01-01,EBIRD_ATL_NC,Traveling,,SOUTHWEST_DURHAM-SE,1,1,White-throated Sparrow,,,
S207435281,S207435281,1,Durham,27.0,0.493,,35.8905668,Fairfield Neighborhood,P,-78.9249766,wintering,1,2025-01-01,EBIRD_ATL_NC,Traveling,,SOUTHWEST_DURHAM-SE,1,1,Yellow-bellied Sapsucker,,,
S207528641,S207528641,1,Edgecombe,14.0,0,,35.77364,"3500–3748 NC-122, Pinetops US-NC 35.77364, -77.64991 overgrown house",P,-77.649914,wintering,1,2025-01-01,EBIRD_ATL_NC,Stationary,,PINETOPS-SE,1,1.0,American Crow,,,
S207528641,S207528641,1,Edgecombe,14.0,0,,35.77364,"3500–3748 NC-122, Pinetops US-NC 35.77364, -77.64991 overgrown house",P,-77.649914,wintering,1,2025-01-01,EBIRD_ATL_NC,Stationary,,PINETOPS-SE,1,1.0,Eastern Phoebe,,,
S207528641,S207528641,1,Edgecombe,14.0,0,,35.77364,"3500–3748 NC-122, Pinetops US-NC 35.77364, -77.64991 overgrown house",P,-77.649914,wintering,1,2025-01-01,EBIRD_ATL_NC,Stationary,,PINETOPS-SE,1,1.0,Gray Catbird,,,
S207528641,S207528641,1,Edgecombe,14.0,0,,35.77364,"3500–3748 NC-122, Pinetops US-NC 35.77364, -77.64991 overgrown house",P,-77.649914,wintering,1,2025-01-01,EBIRD_ATL_NC,Stationary,,PINETOPS-SE,1,1.0,White-throated Sparrow,,,
S207518621,S207518621,1,Edgecombe,10.0,0.135,,35.772634,"1652–2030 N Fountain Rd, Macclesfield US-NC (35.7726,-77.6834)",P,-77.683406,wintering,1,2025-01-01,EBIRD_ATL_NC,Traveling,,PINETOPS-SE,1,1,American Crow,,,
S207518621,S207518621,1,Edgecombe,10.0,0.135,,35.772634,"1652–2030 N Fountain Rd, Macclesfield US-NC (35.7726,-77.6834)",P,-77.683406,wintering,1,2025-01-01,EBIRD_ATL_NC,Traveling,,PINETOPS-SE,1,1,European Starling,,,
S207518621,S207518621,1,Edgecombe,10.0,0.135,,35.772634,"1652–2030 N Fountain Rd, Macclesfield US-NC (35.7726,-77.6834)",P,-77.683406,wintering,1,2025-01-01,EBIRD_ATL_NC,Traveling,,PINETOPS-SE,1,1,Killdeer,,,
S207518621,S207518621,1,Edgecombe,10.0,0.135,,35.772634,"1652–2030 N Fountain Rd, Macclesfield US-NC (35.7726,-77.6834)",P,-77.683406,wintering,1,2025-01-01,EBIRD_ATL_NC,Traveling,,PINETOPS-SE,1,1,Turkey Vulture,,,
S207473748,S207473748,1,Forsyth,108.0,0.067,,35.9980801,Tanglewood Park--Yadkin River Nature Trail,H,-80.4150724,wintering,1,2025-01-01,EBIRD_ATL_NC,Traveling,Very windy morning!,ADVANCE-NE,0,1,American Crow,,,
S207473748,S207473748,1,Forsyth,108.0,0.067,,35.9980801,Tanglewood Park--Yadkin River Nature Trail,H,-80.4150724,wintering,1,2025-01-01,EBIRD_ATL_NC,Traveling,Very windy morning!,ADVANCE-NE,0,1,Belted Kingfisher,,,
S207473748,S207473748,1,Forsyth,108.0,0.067,,35.9980801,Tanglewood Park--Yadkin River Nature Trail,H,-80.4150724,wintering,1,2025-01-01,EBIRD_ATL_NC,Traveling,Very windy morning!,ADVANCE-NE,0,1,Brown Creeper,,,
S207473748,S207473748,1,Forsyth,108.0,0.067,,35.9980801,Tanglewood Park--Yadkin River Nature Trail,H,-80.4150724,wintering,1,2025-01-01,EBIRD_ATL_NC,Traveling,Very windy morning!,ADVANCE-NE,0,1,Carolina Chickadee,,,
S207473748,S207473748,1,Forsyth,108.0,0.067,,35.9980801,Tanglewood Park--Yadkin River Nature Trail,H,-80.4150724,wintering,1,2025-01-01,EBIRD_ATL_NC,Traveling,Very windy morning!,ADVANCE-NE,0,1,Carolina Wren,,,
S207473748,S207473748,1,Forsyth,108.0,0.067,,35.9980801,Tanglewood Park--Yadkin River Nature Trail,H,-80.4150724,wintering,1,2025-01-01,EBIRD_ATL_NC,Traveling,Very windy morning!,ADVANCE-NE,0,1,Eastern Bluebird,,,
S207473748,S207473748,1,Forsyth,108.0,0.067,,35.9980801,Tanglewood Park--Yadkin River Nature Trail,H,-80.4150724,wintering,1,2025-01-01,EBIRD_ATL_NC,Traveling,Very windy morning!,ADVANCE-NE,0,1,Eastern Towhee,,,
S207473748,S207473748,1,Forsyth,108.0,0.067,,35.9980801,Tanglewood Park--Yadkin River Nature Trail,H,-80.4150724,wintering,1,2025-01-01,EBIRD_ATL_NC,Traveling,Very windy morning!,ADVANCE-NE,0,1,Fox Sparrow,,,
S207473748,S207473748,1,Forsyth,108.0,0.067,,35.9980801,Tanglewood Park--Yadkin River Nature Trail,H,-80.4150724,wintering,1,2025-01-01,EBIRD_ATL_NC,Traveling,Very windy morning!,ADVANCE-NE,0,1,Golden-crowned Kinglet,,,
S207473748,S207473748,1,Forsyth,108.0,0.067,,35.9980801,Tanglewood Park--Yadkin River Nature Trail,H,-80.4150724,wintering,1,2025-01-01,EBIRD_ATL_NC,Traveling,Very windy morning!,ADVANCE-NE,0,1,Mourning Dove,,,
S207473748,S207473748,1,Forsyth,108.0,0.067,,35.9980801,Tanglewood Park--Yadkin River Nature Trail,H,-80.4150724,wintering,1,2025-01-01,EBIRD_ATL_NC,Traveling,Very windy morning!,ADVANCE-NE,0,1,Northern Cardinal,,,
S207473748,S207473748,1,Forsyth,108.0,0.067,,35.9980801,Tanglewood Park--Yadkin River Nature Trail,H,-80.4150724,wintering,1,2025-01-01,EBIRD_ATL_NC,Traveling,Very windy morning!,ADVANCE-NE,0,1,Northern Flicker,,,
S207473748,S207473748,1,Forsyth,108.0,0.067,,35.9980801,Tanglewood Park--Yadkin River Nature Trail,H,-80.4150724,wintering,1,2025-01-01,EBIRD_ATL_NC,Traveling,Very windy morning!,ADVANCE-NE,0,1,Red-bellied Woodpecker,,,
S207473748,S207473748,1,Forsyth,108.0,0.067,,35.9980801,Tanglewood Park--Yadkin River Nature Trail,H,-80.4150724,wintering,1,2025-01-01,EBIRD_ATL_NC,Traveling,Very windy morning!,ADVANCE-NE,0,1,Ruby-crowned Kinglet,,,
S207473748,S207473748,1,Forsyth,108.0,0.067,,35.9980801,Tanglewood Park--Yadkin River Nature Trail,H,-80.4150724,wintering,1,2025-01-01,EBIRD_ATL_NC,Traveling,Very windy morning!,ADVANCE-NE,0,1,Song Sparrow,,,
S207473748,S207473748,1,Forsyth,108.0,0.067,,35.9980801,Tanglewood Park--Yadkin River Nature Trail,H,-80.4150724,wintering,1,2025-01-01,EBIRD_ATL_NC,Traveling,Very windy morning!,ADVANCE-NE,0,1,Tufted Titmouse,,,
S207473748,S207473748,1,Forsyth,108.0,0.067,,35.9980801,Tanglewood Park--Yadkin River Nature Trail,H,-80.4150724,wintering,1,2025-01-01,EBIRD_ATL_NC,Traveling,Very windy morning!,ADVANCE-NE,0,1,White-throated Sparrow,,,
S207555309,S207555309,1,Forsyth,90.0,1.346,,36.1060299,Salem Lake--Linville Rd.,H,-80.1597691,wintering,1,2025-01-01,EBIRD_ATL_NC,Traveling,Surprised by the number of grebes!,WINSTON-SALEM_EAST-NE,0,1,American Crow,,,
S207555309,S207555309,1,Forsyth,90.0,1.346,,36.1060299,Salem Lake--Linville Rd.,H,-80.1597691,wintering,1,2025-01-01,EBIRD_ATL_NC,Traveling,Surprised by the number of grebes!,WINSTON-SALEM_EAST-NE,0,1,Belted Kingfisher,,,
S207555309,S207555309,1,Forsyth,90.0,1.346,,36.1060299,Salem Lake--Linville Rd.,H,-80.1597691,wintering,1,2025-01-01,EBIRD_ATL_NC,Traveling,Surprised by the number of grebes!,WINSTON-SALEM_EAST-NE,0,1,Brown-headed Nuthatch,,,
S207555309,S207555309,1,Forsyth,90.0,1.346,,36.1060299,Salem Lake--Linville Rd.,H,-80.1597691,wintering,1,2025-01-01,EBIRD_ATL_NC,Traveling,Surprised by the number of grebes!,WINSTON-SALEM_EAST-NE,0,1,Brown Thrasher,,,Skulking (!) in the leaves very close to the shoreline
S207555309,S207555309,1,Forsyth,90.0,1.346,,36.1060299,Salem Lake--Linville Rd.,H,-80.1597691,wintering,1,2025-01-01,EBIRD_ATL_NC,Traveling,Surprised by the number of grebes!,WINSTON-SALEM_EAST-NE,0,1,Bufflehead,,,
S207555309,S207555309,1,Forsyth,90.0,1.346,,36.1060299,Salem Lake--Linville Rd.,H,-80.1597691,wintering,1,2025-01-01,EBIRD_ATL_NC,Traveling,Surprised by the number of grebes!,WINSTON-SALEM_EAST-NE,0,1,Carolina Chickadee,,,
S207555309,S207555309,1,Forsyth,90.0,1.346,,36.1060299,Salem Lake--Linville Rd.,H,-80.1597691,wintering,1,2025-01-01,EBIRD_ATL_NC,Traveling,Surprised by the number of grebes!,WINSTON-SALEM_EAST-NE,0,1,Carolina Wren,,,
S207555309,S207555309,1,Forsyth,90.0,1.346,,36.1060299,Salem Lake--Linville Rd.,H,-80.1597691,wintering,1,2025-01-01,EBIRD_ATL_NC,Traveling,Surprised by the number of grebes!,WINSTON-SALEM_EAST-NE,0,1,Downy Woodpecker,,,
S207555309,S207555309,1,Forsyth,90.0,1.346,,36.1060299,Salem Lake--Linville Rd.,H,-80.1597691,wintering,1,2025-01-01,EBIRD_ATL_NC,Traveling,Surprised by the number of grebes!,WINSTON-SALEM_EAST-NE,0,1,Eastern Phoebe,,,
S207555309,S207555309,1,Forsyth,90.0,1.346,,36.1060299,Salem Lake--Linville Rd.,H,-80.1597691,wintering,1,2025-01-01,EBIRD_ATL_NC,Traveling,Surprised by the number of grebes!,WINSTON-SALEM_EAST-NE,0,1,Golden-crowned Kinglet,,,
S207555309,S207555309,1,Forsyth,90.0,1.346,,36.1060299,Salem Lake--Linville Rd.,H,-80.1597691,wintering,1,2025-01-01,EBIRD_ATL_NC,Traveling,Surprised by the number of grebes!,WINSTON-SALEM_EAST-NE,0,1,Great Blue Heron,,,
S207555309,S207555309,1,Forsyth,90.0,1.346,,36.1060299,Salem Lake--Linville Rd.,H,-80.1597691,wintering,1,2025-01-01,EBIRD_ATL_NC,Traveling,Surprised by the number of grebes!,WINSTON-SALEM_EAST-NE,0,1,Mallard,,,
S207555309,S207555309,1,Forsyth,90.0,1.346,,36.1060299,Salem Lake--Linville Rd.,H,-80.1597691,wintering,1,2025-01-01,EBIRD_ATL_NC,Traveling,Surprised by the number of grebes!,WINSTON-SALEM_EAST-NE,0,1,Pied-billed Grebe,,,10 of these were together in the center of the lake just past mile 4
S207555309,S207555309,1,Forsyth,90.0,1.346,,36.1060299,Salem Lake--Linville Rd.,H,-80.1597691,wintering,1,2025-01-01,EBIRD_ATL_NC,Traveling,Surprised by the number of grebes!,WINSTON-SALEM_EAST-NE,0,1,Red-bellied Woodpecker,,,
S207555309,S207555309,1,Forsyth,90.0,1.346,,36.1060299,Salem Lake--Linville Rd.,H,-80.1597691,wintering,1,2025-01-01,EBIRD_ATL_NC,Traveling,Surprised by the number of grebes!,WINSTON-SALEM_EAST-NE,0,1,Ring-necked Duck,,,
S207555309,S207555309,1,Forsyth,90.0,1.346,,36.1060299,Salem Lake--Linville Rd.,H,-80.1597691,wintering,1,2025-01-01,EBIRD_ATL_NC,Traveling,Surprised by the number of grebes!,WINSTON-SALEM_EAST-NE,0,1,Ruby-crowned Kinglet,,,
S207555309,S207555309,1,Forsyth,90.0,1.346,,36.1060299,Salem Lake--Linville Rd.,H,-80.1597691,wintering,1,2025-01-01,EBIRD_ATL_NC,Traveling,Surprised by the number of grebes!,WINSTON-SALEM_EAST-NE,0,1,Ruddy Duck,,,
S207555309,S207555309,1,Forsyth,90.0,1.346,,36.1060299,Salem Lake--Linville Rd.,H,-80.1597691,wintering,1,2025-01-01,EBIRD_ATL_NC,Traveling,Surprised by the number of grebes!,WINSTON-SALEM_EAST-NE,0,1,Tufted Titmouse,,,
S207555309,S207555309,1,Forsyth,90.0,1.346,,36.1060299,Salem Lake--Linville Rd.,H,-80.1597691,wintering,1,2025-01-01,EBIRD_ATL_NC,Traveling,Surprised by the number of grebes!,WINSTON-SALEM_EAST-NE,0,1,White-breasted Nuthatch,,,
S207555309,S207555309,1,Forsyth,90.0,1.346,,36.1060299,Salem Lake--Linville Rd.,H,-80.1597691,wintering,1,2025-01-01,EBIRD_ATL_NC,Traveling,Surprised by the number of grebes!,WINSTON-SALEM_EAST-NE,0,1,White-throated Sparrow,,,
S207583257,S207583257,1,Forsyth,48.0,0,,36.070448,"Ashfield Court Yard, Lewisville, North Carolina, US (36.07, -80.435)",P,-80.4351337,wintering,2,2025-01-01,EBIRD_ATL_NC,Stationary,"Happy New Year. 48f, sunny",CLEMMONS-CE,0,1.0,American Crow,,,
S207583257,S207583257,1,Forsyth,48.0,0,,36.070448,"Ashfield Court Yard, Lewisville, North Carolina, US (36.07, -80.435)",P,-80.4351337,wintering,2,2025-01-01,EBIRD_ATL_NC,Stationary,"Happy New Year. 48f, sunny",CLEMMONS-CE,0,1.0,American Goldfinch,,,
S207583257,S207583257,1,Forsyth,48.0,0,,36.070448,"Ashfield Court Yard, Lewisville, North Carolina, US (36.07, -80.435)",P,-80.4351337,wintering,2,2025-01-01,EBIRD_ATL_NC,Stationary,"Happy New Year. 48f, sunny",CLEMMONS-CE,0,1.0,Blue Jay,,,
S207583257,S207583257,1,Forsyth,48.0,0,,36.070448,"Ashfield Court Yard, Lewisville, North Carolina, US (36.07, -80.435)",P,-80.4351337,wintering,2,2025-01-01,EBIRD_ATL_NC,Stationary,"Happy New Year. 48f, sunny",CLEMMONS-CE,0,1.0,Brown-headed Nuthatch,,,
S207583257,S207583257,1,Forsyth,48.0,0,,36.070448,"Ashfield Court Yard, Lewisville, North Carolina, US (36.07, -80.435)",P,-80.4351337,wintering,2,2025-01-01,EBIRD_ATL_NC,Stationary,"Happy New Year. 48f, sunny",CLEMMONS-CE,0,1.0,Carolina Chickadee,,,
S207583257,S207583257,1,Forsyth,48.0,0,,36.070448,"Ashfield Court Yard, Lewisville, North Carolina, US (36.07, -80.435)",P,-80.4351337,wintering,2,2025-01-01,EBIRD_ATL_NC,Stationary,"Happy New Year. 48f, sunny",CLEMMONS-CE,0,1.0,Carolina Wren,,,
S207583257,S207583257,1,Forsyth,48.0,0,,36.070448,"Ashfield Court Yard, Lewisville, North Carolina, US (36.07, -80.435)",P,-80.4351337,wintering,2,2025-01-01,EBIRD_ATL_NC,Stationary,"Happy New Year. 48f, sunny",CLEMMONS-CE,0,1.0,Dark-eyed Junco,,,
S207583257,S207583257,1,Forsyth,48.0,0,,36.070448,"Ashfield Court Yard, Lewisville, North Carolina, US (36.07, -80.435)",P,-80.4351337,wintering,2,2025-01-01,EBIRD_ATL_NC,Stationary,"Happy New Year. 48f, sunny",CLEMMONS-CE,0,1.0,Downy Woodpecker,,,
S207583257,S207583257,1,Forsyth,48.0,0,,36.070448,"Ashfield Court Yard, Lewisville, North Carolina, US (36.07, -80.435)",P,-80.4351337,wintering,2,2025-01-01,EBIRD_ATL_NC,Stationary,"Happy New Year. 48f, sunny",CLEMMONS-CE,0,1.0,Eastern Bluebird,,,
S207583257,S207583257,1,Forsyth,48.0,0,,36.070448,"Ashfield Court Yard, Lewisville, North Carolina, US (36.07, -80.435)",P,-80.4351337,wintering,2,2025-01-01,EBIRD_ATL_NC,Stationary,"Happy New Year. 48f, sunny",CLEMMONS-CE,0,1.0,Eastern Towhee,,,
S207583257,S207583257,1,Forsyth,48.0,0,,36.070448,"Ashfield Court Yard, Lewisville, North Carolina, US (36.07, -80.435)",P,-80.4351337,wintering,2,2025-01-01,EBIRD_ATL_NC,Stationary,"Happy New Year. 48f, sunny",CLEMMONS-CE,0,1.0,House Finch,,,
S207583257,S207583257,1,Forsyth,48.0,0,,36.070448,"Ashfield Court Yard, Lewisville, North Carolina, US (36.07, -80.435)",P,-80.4351337,wintering,2,2025-01-01,EBIRD_ATL_NC,Stationary,"Happy New Year. 48f, sunny",CLEMMONS-CE,0,1.0,Mourning Dove,,,
S207583257,S207583257,1,Forsyth,48.0,0,,36.070448,"Ashfield Court Yard, Lewisville, North Carolina, US (36.07, -80.435)",P,-80.4351337,wintering,2,2025-01-01,EBIRD_ATL_NC,Stationary,"Happy New Year. 48f, sunny",CLEMMONS-CE,0,1.0,Northern Cardinal,,,
S207583257,S207583257,1,Forsyth,48.0,0,,36.070448,"Ashfield Court Yard, Lewisville, North Carolina, US (36.07, -80.435)",P,-80.4351337,wintering,2,2025-01-01,EBIRD_ATL_NC,Stationary,"Happy New Year. 48f, sunny",CLEMMONS-CE,0,1.0,Pine Warbler,,,
S207583257,S207583257,1,Forsyth,48.0,0,,36.070448,"Ashfield Court Yard, Lewisville, North Carolina, US (36.07, -80.435)",P,-80.4351337,wintering,2,2025-01-01,EBIRD_ATL_NC,Stationary,"Happy New Year. 48f, sunny",CLEMMONS-CE,0,1.0,Red-breasted Nuthatch,,,
S207583257,S207583257,1,Forsyth,48.0,0,,36.070448,"Ashfield Court Yard, Lewisville, North Carolina, US (36.07, -80.435)",P,-80.4351337,wintering,2,2025-01-01,EBIRD_ATL_NC,Stationary,"Happy New Year. 48f, sunny",CLEMMONS-CE,0,1.0,Ruby-crowned Kinglet,,,
S207583257,S207583257,1,Forsyth,48.0,0,,36.070448,"Ashfield Court Yard, Lewisville, North Carolina, US (36.07, -80.435)",P,-80.4351337,wintering,2,2025-01-01,EBIRD_ATL_NC,Stationary,"Happy New Year. 48f, sunny",CLEMMONS-CE,0,1.0,Tufted Titmouse,,,
S207583257,S207583257,1,Forsyth,48.0,0,,36.070448,"Ashfield Court Yard, Lewisville, North Carolina, US (36.07, -80.435)",P,-80.4351337,wintering,2,2025-01-01,EBIRD_ATL_NC,Stationary,"Happy New Year. 48f, sunny",CLEMMONS-CE,0,1.0,White-breasted Nuthatch,,,
S207583257,S207583257,1,Forsyth,48.0,0,,36.070448,"Ashfield Court Yard, Lewisville, North Carolina, US (36.07, -80.435)",P,-80.4351337,wintering,2,2025-01-01,EBIRD_ATL_NC,Stationary,"Happy New Year. 48f, sunny",CLEMMONS-CE,0,1.0,White-throated Sparrow,,,
S207583257,S207583257,1,Forsyth,48.0,0,,36.070448,"Ashfield Court Yard, Lewisville, North Carolina, US (36.07, -80.435)",P,-80.4351337,wintering,2,2025-01-01,EBIRD_ATL_NC,Stationary,"Happy New Year. 48f, sunny",CLEMMONS-CE,0,1.0,Yellow-bellied Sapsucker,,,
S207441042,S207441042,1,Gaston,60.0,3.604,,35.239138,"1206 Assembly St, Belmont US-NC 35.23914, -81.05610",P,-81.056104,wintering,1,2025-01-01,EBIRD_ATL_NC,Traveling,,BELMONT-NE,0,1,American Crow,OS,C2,
S207441042,S207441042,1,Gaston,60.0,3.604,,35.239138,"1206 Assembly St, Belmont US-NC 35.23914, -81.05610",P,-81.056104,wintering,1,2025-01-01,EBIRD_ATL_NC,Traveling,,BELMONT-NE,0,1,American Goldfinch,OS,C2,
S207441042,S207441042,1,Gaston,60.0,3.604,,35.239138,"1206 Assembly St, Belmont US-NC 35.23914, -81.05610",P,-81.056104,wintering,1,2025-01-01,EBIRD_ATL_NC,Traveling,,BELMONT-NE,0,1,American Robin,OS,C2,
S207441042,S207441042,1,Gaston,60.0,3.604,,35.239138,"1206 Assembly St, Belmont US-NC 35.23914, -81.05610",P,-81.056104,wintering,1,2025-01-01,EBIRD_ATL_NC,Traveling,,BELMONT-NE,0,1,Brown-headed Nuthatch,OS,C2,
S207441042,S207441042,1,Gaston,60.0,3.604,,35.239138,"1206 Assembly St, Belmont US-NC 35.23914, -81.05610",P,-81.056104,wintering,1,2025-01-01,EBIRD_ATL_NC,Traveling,,BELMONT-NE,0,1,Canada Goose,OS,C2,
S207441042,S207441042,1,Gaston,60.0,3.604,,35.239138,"1206 Assembly St, Belmont US-NC 35.23914, -81.05610",P,-81.056104,wintering,1,2025-01-01,EBIRD_ATL_NC,Traveling,,BELMONT-NE,0,1,Carolina Chickadee,S1,C2,
S207441042,S207441042,1,Gaston,60.0,3.604,,35.239138,"1206 Assembly St, Belmont US-NC 35.23914, -81.05610",P,-81.056104,wintering,1,2025-01-01,EBIRD_ATL_NC,Traveling,,BELMONT-NE,0,1,Carolina Wren,PO,C3,Duet
S207441042,S207441042,1,Gaston,60.0,3.604,,35.239138,"1206 Assembly St, Belmont US-NC 35.23914, -81.05610",P,-81.056104,wintering,1,2025-01-01,EBIRD_ATL_NC,Traveling,,BELMONT-NE,0,1,Dark-eyed Junco,OS,C2,
S207441042,S207441042,1,Gaston,60.0,3.604,,35.239138,"1206 Assembly St, Belmont US-NC 35.23914, -81.05610",P,-81.056104,wintering,1,2025-01-01,EBIRD_ATL_NC,Traveling,,BELMONT-NE,0,1,Eastern Bluebird,OS,C2,
S207441042,S207441042,1,Gaston,60.0,3.604,,35.239138,"1206 Assembly St, Belmont US-NC 35.23914, -81.05610",P,-81.056104,wintering,1,2025-01-01,EBIRD_ATL_NC,Traveling,,BELMONT-NE,0,1,European Starling,OS,C2,
S207441042,S207441042,1,Gaston,60.0,3.604,,35.239138,"1206 Assembly St, Belmont US-NC 35.23914, -81.05610",P,-81.056104,wintering,1,2025-01-01,EBIRD_ATL_NC,Traveling,,BELMONT-NE,0,1,House Finch,S1,C2,
S207441042,S207441042,1,Gaston,60.0,3.604,,35.239138,"1206 Assembly St, Belmont US-NC 35.23914, -81.05610",P,-81.056104,wintering,1,2025-01-01,EBIRD_ATL_NC,Traveling,,BELMONT-NE,0,1,Killdeer,OS,C2,
S207441042,S207441042,1,Gaston,60.0,3.604,,35.239138,"1206 Assembly St, Belmont US-NC 35.23914, -81.05610",P,-81.056104,wintering,1,2025-01-01,EBIRD_ATL_NC,Traveling,,BELMONT-NE,0,1,Mourning Dove,PO,C3,1 singer
S207441042,S207441042,1,Gaston,60.0,3.604,,35.239138,"1206 Assembly St, Belmont US-NC 35.23914, -81.05610",P,-81.056104,wintering,1,2025-01-01,EBIRD_ATL_NC,Traveling,,BELMONT-NE,0,1,Northern Cardinal,S1,C2,First singer on first of the year!  Spring’s comin’!
S207441042,S207441042,1,Gaston,60.0,3.604,,35.239138,"1206 Assembly St, Belmont US-NC 35.23914, -81.05610",P,-81.056104,wintering,1,2025-01-01,EBIRD_ATL_NC,Traveling,,BELMONT-NE,0,1,Northern Mockingbird,OS,C2,
S207441042,S207441042,1,Gaston,60.0,3.604,,35.239138,"1206 Assembly St, Belmont US-NC 35.23914, -81.05610",P,-81.056104,wintering,1,2025-01-01,EBIRD_ATL_NC,Traveling,,BELMONT-NE,0,1,Ruby-crowned Kinglet,OS,C2,
S207441042,S207441042,1,Gaston,60.0,3.604,,35.239138,"1206 Assembly St, Belmont US-NC 35.23914, -81.05610",P,-81.056104,wintering,1,2025-01-01,EBIRD_ATL_NC,Traveling,,BELMONT-NE,0,1,Song Sparrow,S1,C2,
S207441042,S207441042,1,Gaston,60.0,3.604,,35.239138,"1206 Assembly St, Belmont US-NC 35.23914, -81.05610",P,-81.056104,wintering,1,2025-01-01,EBIRD_ATL_NC,Traveling,,BELMONT-NE,0,1,Yellow-rumped Warbler,OS,C2,
S207645247,S207645247,1,Guilford,46.0,1.625,G13697826,36.1419303,"4434 Old Battleground Road, Greensboro, North Carolina, US (36.142, -79.855)",P,-79.8547751,wintering,2,2025-01-01,EBIRD_ATL_NC,Traveling,,LAKE_BRANDT-SW,0,1.0,American Crow,,,
S207645247,S207645247,1,Guilford,46.0,1.625,G13697826,36.1419303,"4434 Old Battleground Road, Greensboro, North Carolina, US (36.142, -79.855)",P,-79.8547751,wintering,2,2025-01-01,EBIRD_ATL_NC,Traveling,,LAKE_BRANDT-SW,0,1.0,Brown Creeper,,,
S207645247,S207645247,1,Guilford,46.0,1.625,G13697826,36.1419303,"4434 Old Battleground Road, Greensboro, North Carolina, US (36.142, -79.855)",P,-79.8547751,wintering,2,2025-01-01,EBIRD_ATL_NC,Traveling,,LAKE_BRANDT-SW,0,1.0,Carolina Chickadee,,,
S207645247,S207645247,1,Guilford,46.0,1.625,G13697826,36.1419303,"4434 Old Battleground Road, Greensboro, North Carolina, US (36.142, -79.855)",P,-79.8547751,wintering,2,2025-01-01,EBIRD_ATL_NC,Traveling,,LAKE_BRANDT-SW,0,1.0,Carolina Wren,,,
S207645247,S207645247,1,Guilford,46.0,1.625,G13697826,36.1419303,"4434 Old Battleground Road, Greensboro, North Carolina, US (36.142, -79.855)",P,-79.8547751,wintering,2,2025-01-01,EBIRD_ATL_NC,Traveling,,LAKE_BRANDT-SW,0,1.0,Common Raven,FO,C1,
S207645247,S207645247,1,Guilford,46.0,1.625,G13697826,36.1419303,"4434 Old Battleground Road, Greensboro, North Carolina, US (36.142, -79.855)",P,-79.8547751,wintering,2,2025-01-01,EBIRD_ATL_NC,Traveling,,LAKE_BRANDT-SW,0,1.0,Fish Crow,,,
S207645247,S207645247,1,Guilford,46.0,1.625,G13697826,36.1419303,"4434 Old Battleground Road, Greensboro, North Carolina, US (36.142, -79.855)",P,-79.8547751,wintering,2,2025-01-01,EBIRD_ATL_NC,Traveling,,LAKE_BRANDT-SW,0,1.0,Golden-crowned Kinglet,,,
S207645247,S207645247,1,Guilford,46.0,1.625,G13697826,36.1419303,"4434 Old Battleground Road, Greensboro, North Carolina, US (36.142, -79.855)",P,-79.8547751,wintering,2,2025-01-01,EBIRD_ATL_NC,Traveling,,LAKE_BRANDT-SW,0,1.0,Great Blue Heron,,,
S207645247,S207645247,1,Guilford,46.0,1.625,G13697826,36.1419303,"4434 Old Battleground Road, Greensboro, North Carolina, US (36.142, -79.855)",P,-79.8547751,wintering,2,2025-01-01,EBIRD_ATL_NC,Traveling,,LAKE_BRANDT-SW,0,1.0,Hermit Thrush,,,
S207645247,S207645247,1,Guilford,46.0,1.625,G13697826,36.1419303,"4434 Old Battleground Road, Greensboro, North Carolina, US (36.142, -79.855)",P,-79.8547751,wintering,2,2025-01-01,EBIRD_ATL_NC,Traveling,,LAKE_BRANDT-SW,0,1.0,Northern Cardinal,,,
S207645247,S207645247,1,Guilford,46.0,1.625,G13697826,36.1419303,"4434 Old Battleground Road, Greensboro, North Carolina, US (36.142, -79.855)",P,-79.8547751,wintering,2,2025-01-01,EBIRD_ATL_NC,Traveling,,LAKE_BRANDT-SW,0,1.0,Red-bellied Woodpecker,,,
S207645247,S207645247,1,Guilford,46.0,1.625,G13697826,36.1419303,"4434 Old Battleground Road, Greensboro, North Carolina, US (36.142, -79.855)",P,-79.8547751,wintering,2,2025-01-01,EBIRD_ATL_NC,Traveling,,LAKE_BRANDT-SW,0,1.0,Ring-billed Gull,,,
S207645247,S207645247,1,Guilford,46.0,1.625,G13697826,36.1419303,"4434 Old Battleground Road, Greensboro, North Carolina, US (36.142, -79.855)",P,-79.8547751,wintering,2,2025-01-01,EBIRD_ATL_NC,Traveling,,LAKE_BRANDT-SW,0,1.0,Ruby-crowned Kinglet,,,
S207645247,S207645247,1,Guilford,46.0,1.625,G13697826,36.1419303,"4434 Old Battleground Road, Greensboro, North Carolina, US (36.142, -79.855)",P,-79.8547751,wintering,2,2025-01-01,EBIRD_ATL_NC,Traveling,,LAKE_BRANDT-SW,0,1.0,new world sparrow sp.,,,
S207645247,S207645247,1,Guilford,46.0,1.625,G13697826,36.1419303,"4434 Old Battleground Road, Greensboro, North Carolina, US (36.142, -79.855)",P,-79.8547751,wintering,2,2025-01-01,EBIRD_ATL_NC,Traveling,,LAKE_BRANDT-SW,0,1.0,White-breasted Nuthatch,,,
S207645247,S207645247,1,Guilford,46.0,1.625,G13697826,36.1419303,"4434 Old Battleground Road, Greensboro, North Carolina, US (36.142, -79.855)",P,-79.8547751,wintering,2,2025-01-01,EBIRD_ATL_NC,Traveling,,LAKE_BRANDT-SW,0,1.0,White-throated Sparrow,,,
S207645247,S207645247,1,Guilford,46.0,1.625,G13697826,36.1419303,"4434 Old Battleground Road, Greensboro, North Carolina, US (36.142, -79.855)",P,-79.8547751,wintering,2,2025-01-01,EBIRD_ATL_NC,Traveling,,LAKE_BRANDT-SW,0,1.0,Downy/Hairy Woodpecker,,,
S207645247,S207645247,1,Guilford,46.0,1.625,G13697826,36.1419303,"4434 Old Battleground Road, Greensboro, North Carolina, US (36.142, -79.855)",P,-79.8547751,wintering,2,2025-01-01,EBIRD_ATL_NC,Traveling,,LAKE_BRANDT-SW,0,1.0,American/Fish Crow,,,
S207645243,S207645243,1,Guilford,30.0,1.481,G13697824,36.1538695,"22 Notting Hill Court, Greensboro, North Carolina, US (36.154, -79.859)",P,-79.8586184,wintering,2,2025-01-01,EBIRD_ATL_NC,Traveling,,LAKE_BRANDT-SW,0,1,American Crow,,,
S207645243,S207645243,1,Guilford,30.0,1.481,G13697824,36.1538695,"22 Notting Hill Court, Greensboro, North Carolina, US (36.154, -79.859)",P,-79.8586184,wintering,2,2025-01-01,EBIRD_ATL_NC,Traveling,,LAKE_BRANDT-SW,0,1,Carolina Chickadee,,,
S207645243,S207645243,1,Guilford,30.0,1.481,G13697824,36.1538695,"22 Notting Hill Court, Greensboro, North Carolina, US (36.154, -79.859)",P,-79.8586184,wintering,2,2025-01-01,EBIRD_ATL_NC,Traveling,,LAKE_BRANDT-SW,0,1,duck sp.,,,
S207645243,S207645243,1,Guilford,30.0,1.481,G13697824,36.1538695,"22 Notting Hill Court, Greensboro, North Carolina, US (36.154, -79.859)",P,-79.8586184,wintering,2,2025-01-01,EBIRD_ATL_NC,Traveling,,LAKE_BRANDT-SW,0,1,Eastern Phoebe,,,
S207645243,S207645243,1,Guilford,30.0,1.481,G13697824,36.1538695,"22 Notting Hill Court, Greensboro, North Carolina, US (36.154, -79.859)",P,-79.8586184,wintering,2,2025-01-01,EBIRD_ATL_NC,Traveling,,LAKE_BRANDT-SW,0,1,Gadwall,,,
S207645243,S207645243,1,Guilford,30.0,1.481,G13697824,36.1538695,"22 Notting Hill Court, Greensboro, North Carolina, US (36.154, -79.859)",P,-79.8586184,wintering,2,2025-01-01,EBIRD_ATL_NC,Traveling,,LAKE_BRANDT-SW,0,1,Golden-crowned Kinglet,,,
S207645243,S207645243,1,Guilford,30.0,1.481,G13697824,36.1538695,"22 Notting Hill Court, Greensboro, North Carolina, US (36.154, -79.859)",P,-79.8586184,wintering,2,2025-01-01,EBIRD_ATL_NC,Traveling,,LAKE_BRANDT-SW,0,1,Hermit Thrush,,,
S207645243,S207645243,1,Guilford,30.0,1.481,G13697824,36.1538695,"22 Notting Hill Court, Greensboro, North Carolina, US (36.154, -79.859)",P,-79.8586184,wintering,2,2025-01-01,EBIRD_ATL_NC,Traveling,,LAKE_BRANDT-SW,0,1,Hooded Merganser,,,
S207645243,S207645243,1,Guilford,30.0,1.481,G13697824,36.1538695,"22 Notting Hill Court, Greensboro, North Carolina, US (36.154, -79.859)",P,-79.8586184,wintering,2,2025-01-01,EBIRD_ATL_NC,Traveling,,LAKE_BRANDT-SW,0,1,Northern Flicker,,,
S207645243,S207645243,1,Guilford,30.0,1.481,G13697824,36.1538695,"22 Notting Hill Court, Greensboro, North Carolina, US (36.154, -79.859)",P,-79.8586184,wintering,2,2025-01-01,EBIRD_ATL_NC,Traveling,,LAKE_BRANDT-SW,0,1,Red-bellied Woodpecker,,,
S207645243,S207645243,1,Guilford,30.0,1.481,G13697824,36.1538695,"22 Notting Hill Court, Greensboro, North Carolina, US (36.154, -79.859)",P,-79.8586184,wintering,2,2025-01-01,EBIRD_ATL_NC,Traveling,,LAKE_BRANDT-SW,0,1,Ruby-crowned Kinglet,,,
S207645243,S207645243,1,Guilford,30.0,1.481,G13697824,36.1538695,"22 Notting Hill Court, Greensboro, North Carolina, US (36.154, -79.859)",P,-79.8586184,wintering,2,2025-01-01,EBIRD_ATL_NC,Traveling,,LAKE_BRANDT-SW,0,1,Winter Wren,,,
S207540691,S207540691,1,Guilford,36.0,1.609,,36.1517754,"Atlantic & Yadkin Greenway, Greensboro, North Carolina, US (36.152, -79.854)",P,-79.8542628,wintering,2,2025-01-01,EBIRD_ATL_NC,Traveling,,LAKE_BRANDT-SW,0,1.0,American Crow,,,
S207540691,S207540691,1,Guilford,36.0,1.609,,36.1517754,"Atlantic & Yadkin Greenway, Greensboro, North Carolina, US (36.152, -79.854)",P,-79.8542628,wintering,2,2025-01-01,EBIRD_ATL_NC,Traveling,,LAKE_BRANDT-SW,0,1.0,Carolina Chickadee,,,
S207540691,S207540691,1,Guilford,36.0,1.609,,36.1517754,"Atlantic & Yadkin Greenway, Greensboro, North Carolina, US (36.152, -79.854)",P,-79.8542628,wintering,2,2025-01-01,EBIRD_ATL_NC,Traveling,,LAKE_BRANDT-SW,0,1.0,Carolina Wren,,,
S207540691,S207540691,1,Guilford,36.0,1.609,,36.1517754,"Atlantic & Yadkin Greenway, Greensboro, North Carolina, US (36.152, -79.854)",P,-79.8542628,wintering,2,2025-01-01,EBIRD_ATL_NC,Traveling,,LAKE_BRANDT-SW,0,1.0,Double-crested Cormorant,,,
S207540691,S207540691,1,Guilford,36.0,1.609,,36.1517754,"Atlantic & Yadkin Greenway, Greensboro, North Carolina, US (36.152, -79.854)",P,-79.8542628,wintering,2,2025-01-01,EBIRD_ATL_NC,Traveling,,LAKE_BRANDT-SW,0,1.0,Hooded Merganser,,,
S207540691,S207540691,1,Guilford,36.0,1.609,,36.1517754,"Atlantic & Yadkin Greenway, Greensboro, North Carolina, US (36.152, -79.854)",P,-79.8542628,wintering,2,2025-01-01,EBIRD_ATL_NC,Traveling,,LAKE_BRANDT-SW,0,1.0,gull sp.,,,
S207540691,S207540691,1,Guilford,36.0,1.609,,36.1517754,"Atlantic & Yadkin Greenway, Greensboro, North Carolina, US (36.152, -79.854)",P,-79.8542628,wintering,2,2025-01-01,EBIRD_ATL_NC,Traveling,,LAKE_BRANDT-SW,0,1.0,Mallard,,,
S207540691,S207540691,1,Guilford,36.0,1.609,,36.1517754,"Atlantic & Yadkin Greenway, Greensboro, North Carolina, US (36.152, -79.854)",P,-79.8542628,wintering,2,2025-01-01,EBIRD_ATL_NC,Traveling,,LAKE_BRANDT-SW,0,1.0,Pileated Woodpecker,,,
S207540691,S207540691,1,Guilford,36.0,1.609,,36.1517754,"Atlantic & Yadkin Greenway, Greensboro, North Carolina, US (36.152, -79.854)",P,-79.8542628,wintering,2,2025-01-01,EBIRD_ATL_NC,Traveling,,LAKE_BRANDT-SW,0,1.0,Tufted Titmouse,,,
S207540691,S207540691,1,Guilford,36.0,1.609,,36.1517754,"Atlantic & Yadkin Greenway, Greensboro, North Carolina, US (36.152, -79.854)",P,-79.8542628,wintering,2,2025-01-01,EBIRD_ATL_NC,Traveling,,LAKE_BRANDT-SW,0,1.0,White-throated Sparrow,,,
S207548442,S207548442,1,Guilford,30.0,1.481,G13697824,36.1538695,"22 Notting Hill Court, Greensboro, North Carolina, US (36.154, -79.859)",P,-79.8586184,wintering,2,2025-01-01,EBIRD_ATL_NC,Traveling,,LAKE_BRANDT-SW,0,1,American Crow,,,
S207548442,S207548442,1,Guilford,30.0,1.481,G13697824,36.1538695,"22 Notting Hill Court, Greensboro, North Carolina, US (36.154, -79.859)",P,-79.8586184,wintering,2,2025-01-01,EBIRD_ATL_NC,Traveling,,LAKE_BRANDT-SW,0,1,Carolina Chickadee,,,
S207548442,S207548442,1,Guilford,30.0,1.481,G13697824,36.1538695,"22 Notting Hill Court, Greensboro, North Carolina, US (36.154, -79.859)",P,-79.8586184,wintering,2,2025-01-01,EBIRD_ATL_NC,Traveling,,LAKE_BRANDT-SW,0,1,duck sp.,,,
S207548442,S207548442,1,Guilford,30.0,1.481,G13697824,36.1538695,"22 Notting Hill Court, Greensboro, North Carolina, US (36.154, -79.859)",P,-79.8586184,wintering,2,2025-01-01,EBIRD_ATL_NC,Traveling,,LAKE_BRANDT-SW,0,1,Eastern Phoebe,,,
S207548442,S207548442,1,Guilford,30.0,1.481,G13697824,36.1538695,"22 Notting Hill Court, Greensboro, North Carolina, US (36.154, -79.859)",P,-79.8586184,wintering,2,2025-01-01,EBIRD_ATL_NC,Traveling,,LAKE_BRANDT-SW,0,1,Gadwall,,,
S207548442,S207548442,1,Guilford,30.0,1.481,G13697824,36.1538695,"22 Notting Hill Court, Greensboro, North Carolina, US (36.154, -79.859)",P,-79.8586184,wintering,2,2025-01-01,EBIRD_ATL_NC,Traveling,,LAKE_BRANDT-SW,0,1,Golden-crowned Kinglet,,,
S207548442,S207548442,1,Guilford,30.0,1.481,G13697824,36.1538695,"22 Notting Hill Court, Greensboro, North Carolina, US (36.154, -79.859)",P,-79.8586184,wintering,2,2025-01-01,EBIRD_ATL_NC,Traveling,,LAKE_BRANDT-SW,0,1,Hermit Thrush,,,
S207548442,S207548442,1,Guilford,30.0,1.481,G13697824,36.1538695,"22 Notting Hill Court, Greensboro, North Carolina, US (36.154, -79.859)",P,-79.8586184,wintering,2,2025-01-01,EBIRD_ATL_NC,Traveling,,LAKE_BRANDT-SW,0,1,Hooded Merganser,,,
S207548442,S207548442,1,Guilford,30.0,1.481,G13697824,36.1538695,"22 Notting Hill Court, Greensboro, North Carolina, US (36.154, -79.859)",P,-79.8586184,wintering,2,2025-01-01,EBIRD_ATL_NC,Traveling,,LAKE_BRANDT-SW,0,1,Northern Flicker,,,
S207548442,S207548442,1,Guilford,30.0,1.481,G13697824,36.1538695,"22 Notting Hill Court, Greensboro, North Carolina, US (36.154, -79.859)",P,-79.8586184,wintering,2,2025-01-01,EBIRD_ATL_NC,Traveling,,LAKE_BRANDT-SW,0,1,Red-bellied Woodpecker,,,
S207548442,S207548442,1,Guilford,30.0,1.481,G13697824,36.1538695,"22 Notting Hill Court, Greensboro, North Carolina, US (36.154, -79.859)",P,-79.8586184,wintering,2,2025-01-01,EBIRD_ATL_NC,Traveling,,LAKE_BRANDT-SW,0,1,Ruby-crowned Kinglet,,,
S207548442,S207548442,1,Guilford,30.0,1.481,G13697824,36.1538695,"22 Notting Hill Court, Greensboro, North Carolina, US (36.154, -79.859)",P,-79.8586184,wintering,2,2025-01-01,EBIRD_ATL_NC,Traveling,,LAKE_BRANDT-SW,0,1,Winter Wren,,,
S207439513,S207439513,0,Guilford,0,0,,36.0976362,Albright,P,-79.8203201,wintering,1,2025-01-01,EBIRD_ATL_NC,Incidental,,GREENSBORO-NW,0,1.0,American Crow,,,
S207439513,S207439513,0,Guilford,0,0,,36.0976362,Albright,P,-79.8203201,wintering,1,2025-01-01,EBIRD_ATL_NC,Incidental,,GREENSBORO-NW,0,1.0,American Robin,,,
S207439513,S207439513,0,Guilford,0,0,,36.0976362,Albright,P,-79.8203201,wintering,1,2025-01-01,EBIRD_ATL_NC,Incidental,,GREENSBORO-NW,0,1.0,Coopers Hawk,,,
S207439513,S207439513,0,Guilford,0,0,,36.0976362,Albright,P,-79.8203201,wintering,1,2025-01-01,EBIRD_ATL_NC,Incidental,,GREENSBORO-NW,0,1.0,Downy Woodpecker,,,
S207439513,S207439513,0,Guilford,0,0,,36.0976362,Albright,P,-79.8203201,wintering,1,2025-01-01,EBIRD_ATL_NC,Incidental,,GREENSBORO-NW,0,1.0,Eastern Towhee,,,
S207439513,S207439513,0,Guilford,0,0,,36.0976362,Albright,P,-79.8203201,wintering,1,2025-01-01,EBIRD_ATL_NC,Incidental,,GREENSBORO-NW,0,1.0,Golden-crowned Kinglet,,,
S207439513,S207439513,0,Guilford,0,0,,36.0976362,Albright,P,-79.8203201,wintering,1,2025-01-01,EBIRD_ATL_NC,Incidental,,GREENSBORO-NW,0,1.0,Northern Cardinal,,,
S207439513,S207439513,0,Guilford,0,0,,36.0976362,Albright,P,-79.8203201,wintering,1,2025-01-01,EBIRD_ATL_NC,Incidental,,GREENSBORO-NW,0,1.0,White-throated Sparrow,,,
S207439513,S207439513,0,Guilford,0,0,,36.0976362,Albright,P,-79.8203201,wintering,1,2025-01-01,EBIRD_ATL_NC,Incidental,,GREENSBORO-NW,0,1.0,Yellow-bellied Sapsucker,,,
S207532301,S207532301,1,Guilford,46.0,1.625,G13697826,36.1419303,"4434 Old Battleground Road, Greensboro, North Carolina, US (36.142, -79.855)",P,-79.8547751,wintering,2,2025-01-01,EBIRD_ATL_NC,Traveling,,LAKE_BRANDT-SW,0,1.0,American Crow,,,
S207532301,S207532301,1,Guilford,46.0,1.625,G13697826,36.1419303,"4434 Old Battleground Road, Greensboro, North Carolina, US (36.142, -79.855)",P,-79.8547751,wintering,2,2025-01-01,EBIRD_ATL_NC,Traveling,,LAKE_BRANDT-SW,0,1.0,Brown Creeper,,,
S207532301,S207532301,1,Guilford,46.0,1.625,G13697826,36.1419303,"4434 Old Battleground Road, Greensboro, North Carolina, US (36.142, -79.855)",P,-79.8547751,wintering,2,2025-01-01,EBIRD_ATL_NC,Traveling,,LAKE_BRANDT-SW,0,1.0,Carolina Chickadee,,,
S207532301,S207532301,1,Guilford,46.0,1.625,G13697826,36.1419303,"4434 Old Battleground Road, Greensboro, North Carolina, US (36.142, -79.855)",P,-79.8547751,wintering,2,2025-01-01,EBIRD_ATL_NC,Traveling,,LAKE_BRANDT-SW,0,1.0,Carolina Wren,,,
S207532301,S207532301,1,Guilford,46.0,1.625,G13697826,36.1419303,"4434 Old Battleground Road, Greensboro, North Carolina, US (36.142, -79.855)",P,-79.8547751,wintering,2,2025-01-01,EBIRD_ATL_NC,Traveling,,LAKE_BRANDT-SW,0,1.0,Common Raven,FO,C1,
S207532301,S207532301,1,Guilford,46.0,1.625,G13697826,36.1419303,"4434 Old Battleground Road, Greensboro, North Carolina, US (36.142, -79.855)",P,-79.8547751,wintering,2,2025-01-01,EBIRD_ATL_NC,Traveling,,LAKE_BRANDT-SW,0,1.0,Fish Crow,,,
S207532301,S207532301,1,Guilford,46.0,1.625,G13697826,36.1419303,"4434 Old Battleground Road, Greensboro, North Carolina, US (36.142, -79.855)",P,-79.8547751,wintering,2,2025-01-01,EBIRD_ATL_NC,Traveling,,LAKE_BRANDT-SW,0,1.0,Golden-crowned Kinglet,,,
S207532301,S207532301,1,Guilford,46.0,1.625,G13697826,36.1419303,"4434 Old Battleground Road, Greensboro, North Carolina, US (36.142, -79.855)",P,-79.8547751,wintering,2,2025-01-01,EBIRD_ATL_NC,Traveling,,LAKE_BRANDT-SW,0,1.0,Great Blue Heron,,,
S207532301,S207532301,1,Guilford,46.0,1.625,G13697826,36.1419303,"4434 Old Battleground Road, Greensboro, North Carolina, US (36.142, -79.855)",P,-79.8547751,wintering,2,2025-01-01,EBIRD_ATL_NC,Traveling,,LAKE_BRANDT-SW,0,1.0,Hermit Thrush,,,
S207532301,S207532301,1,Guilford,46.0,1.625,G13697826,36.1419303,"4434 Old Battleground Road, Greensboro, North Carolina, US (36.142, -79.855)",P,-79.8547751,wintering,2,2025-01-01,EBIRD_ATL_NC,Traveling,,LAKE_BRANDT-SW,0,1.0,Northern Cardinal,,,
S207532301,S207532301,1,Guilford,46.0,1.625,G13697826,36.1419303,"4434 Old Battleground Road, Greensboro, North Carolina, US (36.142, -79.855)",P,-79.8547751,wintering,2,2025-01-01,EBIRD_ATL_NC,Traveling,,LAKE_BRANDT-SW,0,1.0,Red-bellied Woodpecker,,,
S207532301,S207532301,1,Guilford,46.0,1.625,G13697826,36.1419303,"4434 Old Battleground Road, Greensboro, North Carolina, US (36.142, -79.855)",P,-79.8547751,wintering,2,2025-01-01,EBIRD_ATL_NC,Traveling,,LAKE_BRANDT-SW,0,1.0,Ring-billed Gull,,,
S207532301,S207532301,1,Guilford,46.0,1.625,G13697826,36.1419303,"4434 Old Battleground Road, Greensboro, North Carolina, US (36.142, -79.855)",P,-79.8547751,wintering,2,2025-01-01,EBIRD_ATL_NC,Traveling,,LAKE_BRANDT-SW,0,1.0,Ruby-crowned Kinglet,,,
S207532301,S207532301,1,Guilford,46.0,1.625,G13697826,36.1419303,"4434 Old Battleground Road, Greensboro, North Carolina, US (36.142, -79.855)",P,-79.8547751,wintering,2,2025-01-01,EBIRD_ATL_NC,Traveling,,LAKE_BRANDT-SW,0,1.0,new world sparrow sp.,,,
S207532301,S207532301,1,Guilford,46.0,1.625,G13697826,36.1419303,"4434 Old Battleground Road, Greensboro, North Carolina, US (36.142, -79.855)",P,-79.8547751,wintering,2,2025-01-01,EBIRD_ATL_NC,Traveling,,LAKE_BRANDT-SW,0,1.0,White-breasted Nuthatch,,,
S207532301,S207532301,1,Guilford,46.0,1.625,G13697826,36.1419303,"4434 Old Battleground Road, Greensboro, North Carolina, US (36.142, -79.855)",P,-79.8547751,wintering,2,2025-01-01,EBIRD_ATL_NC,Traveling,,LAKE_BRANDT-SW,0,1.0,White-throated Sparrow,,,
S207532301,S207532301,1,Guilford,46.0,1.625,G13697826,36.1419303,"4434 Old Battleground Road, Greensboro, North Carolina, US (36.142, -79.855)",P,-79.8547751,wintering,2,2025-01-01,EBIRD_ATL_NC,Traveling,,LAKE_BRANDT-SW,0,1.0,Downy/Hairy Woodpecker,,,
S207532301,S207532301,1,Guilford,46.0,1.625,G13697826,36.1419303,"4434 Old Battleground Road, Greensboro, North Carolina, US (36.142, -79.855)",P,-79.8547751,wintering,2,2025-01-01,EBIRD_ATL_NC,Traveling,,LAKE_BRANDT-SW,0,1.0,American/Fish Crow,,,
S207853521,S207853521,1,Henderson,60.0,0,,35.2639221,*Yard List,P,-82.5058891,wintering,1,2025-01-01,EBIRD_ATL_NC,Stationary,,HORSE_SHOE-SE,1,1.0,American Crow,,,
S207853521,S207853521,1,Henderson,60.0,0,,35.2639221,*Yard List,P,-82.5058891,wintering,1,2025-01-01,EBIRD_ATL_NC,Stationary,,HORSE_SHOE-SE,1,1.0,American Goldfinch,,,
S207853521,S207853521,1,Henderson,60.0,0,,35.2639221,*Yard List,P,-82.5058891,wintering,1,2025-01-01,EBIRD_ATL_NC,Stationary,,HORSE_SHOE-SE,1,1.0,Carolina Chickadee,,,
S207853521,S207853521,1,Henderson,60.0,0,,35.2639221,*Yard List,P,-82.5058891,wintering,1,2025-01-01,EBIRD_ATL_NC,Stationary,,HORSE_SHOE-SE,1,1.0,Carolina Wren,,,
S207853521,S207853521,1,Henderson,60.0,0,,35.2639221,*Yard List,P,-82.5058891,wintering,1,2025-01-01,EBIRD_ATL_NC,Stationary,,HORSE_SHOE-SE,1,1.0,Dark-eyed Junco,,,
S207853521,S207853521,1,Henderson,60.0,0,,35.2639221,*Yard List,P,-82.5058891,wintering,1,2025-01-01,EBIRD_ATL_NC,Stationary,,HORSE_SHOE-SE,1,1.0,Downy Woodpecker,,,
S207853521,S207853521,1,Henderson,60.0,0,,35.2639221,*Yard List,P,-82.5058891,wintering,1,2025-01-01,EBIRD_ATL_NC,Stationary,,HORSE_SHOE-SE,1,1.0,Eastern Towhee,,,
S207853521,S207853521,1,Henderson,60.0,0,,35.2639221,*Yard List,P,-82.5058891,wintering,1,2025-01-01,EBIRD_ATL_NC,Stationary,,HORSE_SHOE-SE,1,1.0,Fox Sparrow,,,
S207853521,S207853521,1,Henderson,60.0,0,,35.2639221,*Yard List,P,-82.5058891,wintering,1,2025-01-01,EBIRD_ATL_NC,Stationary,,HORSE_SHOE-SE,1,1.0,Hairy Woodpecker,,,
S207853521,S207853521,1,Henderson,60.0,0,,35.2639221,*Yard List,P,-82.5058891,wintering,1,2025-01-01,EBIRD_ATL_NC,Stationary,,HORSE_SHOE-SE,1,1.0,Hermit Thrush,,,
S207853521,S207853521,1,Henderson,60.0,0,,35.2639221,*Yard List,P,-82.5058891,wintering,1,2025-01-01,EBIRD_ATL_NC,Stationary,,HORSE_SHOE-SE,1,1.0,House Finch,,,
S207853521,S207853521,1,Henderson,60.0,0,,35.2639221,*Yard List,P,-82.5058891,wintering,1,2025-01-01,EBIRD_ATL_NC,Stationary,,HORSE_SHOE-SE,1,1.0,Mourning Dove,,,
S207853521,S207853521,1,Henderson,60.0,0,,35.2639221,*Yard List,P,-82.5058891,wintering,1,2025-01-01,EBIRD_ATL_NC,Stationary,,HORSE_SHOE-SE,1,1.0,Northern Cardinal,,,
S207853521,S207853521,1,Henderson,60.0,0,,35.2639221,*Yard List,P,-82.5058891,wintering,1,2025-01-01,EBIRD_ATL_NC,Stationary,,HORSE_SHOE-SE,1,1.0,Red-bellied Woodpecker,,,
S207853521,S207853521,1,Henderson,60.0,0,,35.2639221,*Yard List,P,-82.5058891,wintering,1,2025-01-01,EBIRD_ATL_NC,Stationary,,HORSE_SHOE-SE,1,1.0,Tufted Titmouse,,,
S207853521,S207853521,1,Henderson,60.0,0,,35.2639221,*Yard List,P,-82.5058891,wintering,1,2025-01-01,EBIRD_ATL_NC,Stationary,,HORSE_SHOE-SE,1,1.0,White-breasted Nuthatch,,,
S207853521,S207853521,1,Henderson,60.0,0,,35.2639221,*Yard List,P,-82.5058891,wintering,1,2025-01-01,EBIRD_ATL_NC,Stationary,,HORSE_SHOE-SE,1,1.0,White-throated Sparrow,,,
S207853521,S207853521,1,Henderson,60.0,0,,35.2639221,*Yard List,P,-82.5058891,wintering,1,2025-01-01,EBIRD_ATL_NC,Stationary,,HORSE_SHOE-SE,1,1.0,Yellow-bellied Sapsucker,,,
S207451577,S207451577,1,McDowell,10.0,0,,35.7704129,"Buck GAP , Blue Ridge Parkway, Burnsville, North Carolina, US (35.77, -82.164)",P,-82.1641747,wintering,1,2025-01-01,EBIRD_ATL_NC,Stationary,,CELO-SE,1,1.0,American Crow,,,
S207451577,S207451577,1,McDowell,10.0,0,,35.7704129,"Buck GAP , Blue Ridge Parkway, Burnsville, North Carolina, US (35.77, -82.164)",P,-82.1641747,wintering,1,2025-01-01,EBIRD_ATL_NC,Stationary,,CELO-SE,1,1.0,Dark-eyed Junco,,,
S207519387,S207519387,0,Martin,0,0,,35.8292848,"34315 U.S. 64, Jamesville, North Carolina, US (35.829, -76.787)",P,-76.7872844,wintering,1,2025-01-01,EBIRD_ATL_NC,Incidental,,PLYMOUTH_WEST-CE,0,1.0,American Crow,,,
S207519387,S207519387,0,Martin,0,0,,35.8292848,"34315 U.S. 64, Jamesville, North Carolina, US (35.829, -76.787)",P,-76.7872844,wintering,1,2025-01-01,EBIRD_ATL_NC,Incidental,,PLYMOUTH_WEST-CE,0,1.0,Black Vulture,,,
S207519387,S207519387,0,Martin,0,0,,35.8292848,"34315 U.S. 64, Jamesville, North Carolina, US (35.829, -76.787)",P,-76.7872844,wintering,1,2025-01-01,EBIRD_ATL_NC,Incidental,,PLYMOUTH_WEST-CE,0,1.0,Northern Harrier,,,
S207519387,S207519387,0,Martin,0,0,,35.8292848,"34315 U.S. 64, Jamesville, North Carolina, US (35.829, -76.787)",P,-76.7872844,wintering,1,2025-01-01,EBIRD_ATL_NC,Incidental,,PLYMOUTH_WEST-CE,0,1.0,Turkey Vulture,,,
S207503604,S207503604,1,Mecklenburg,120.0,4.1,,35.1024256,McDowell Nature Preserve,H,-81.0252857,wintering,1,2025-01-01,EBIRD_ATL_NC,Traveling,,LAKE_WYLIE-NE,0,1,American Crow,,,
S207503604,S207503604,1,Mecklenburg,120.0,4.1,,35.1024256,McDowell Nature Preserve,H,-81.0252857,wintering,1,2025-01-01,EBIRD_ATL_NC,Traveling,,LAKE_WYLIE-NE,0,1,American Robin,,,
S207503604,S207503604,1,Mecklenburg,120.0,4.1,,35.1024256,McDowell Nature Preserve,H,-81.0252857,wintering,1,2025-01-01,EBIRD_ATL_NC,Traveling,,LAKE_WYLIE-NE,0,1,Blue Jay,,,
S207503604,S207503604,1,Mecklenburg,120.0,4.1,,35.1024256,McDowell Nature Preserve,H,-81.0252857,wintering,1,2025-01-01,EBIRD_ATL_NC,Traveling,,LAKE_WYLIE-NE,0,1,Brown-headed Nuthatch,,,
S207503604,S207503604,1,Mecklenburg,120.0,4.1,,35.1024256,McDowell Nature Preserve,H,-81.0252857,wintering,1,2025-01-01,EBIRD_ATL_NC,Traveling,,LAKE_WYLIE-NE,0,1,Canada Goose,,,
S207503604,S207503604,1,Mecklenburg,120.0,4.1,,35.1024256,McDowell Nature Preserve,H,-81.0252857,wintering,1,2025-01-01,EBIRD_ATL_NC,Traveling,,LAKE_WYLIE-NE,0,1,Carolina Chickadee,,,
S207503604,S207503604,1,Mecklenburg,120.0,4.1,,35.1024256,McDowell Nature Preserve,H,-81.0252857,wintering,1,2025-01-01,EBIRD_ATL_NC,Traveling,,LAKE_WYLIE-NE,0,1,Carolina Wren,,,
S207503604,S207503604,1,Mecklenburg,120.0,4.1,,35.1024256,McDowell Nature Preserve,H,-81.0252857,wintering,1,2025-01-01,EBIRD_ATL_NC,Traveling,,LAKE_WYLIE-NE,0,1,Dark-eyed Junco,,,
S207503604,S207503604,1,Mecklenburg,120.0,4.1,,35.1024256,McDowell Nature Preserve,H,-81.0252857,wintering,1,2025-01-01,EBIRD_ATL_NC,Traveling,,LAKE_WYLIE-NE,0,1,Downy Woodpecker,,,
S207503604,S207503604,1,Mecklenburg,120.0,4.1,,35.1024256,McDowell Nature Preserve,H,-81.0252857,wintering,1,2025-01-01,EBIRD_ATL_NC,Traveling,,LAKE_WYLIE-NE,0,1,Eastern Bluebird,,,
S207503604,S207503604,1,Mecklenburg,120.0,4.1,,35.1024256,McDowell Nature Preserve,H,-81.0252857,wintering,1,2025-01-01,EBIRD_ATL_NC,Traveling,,LAKE_WYLIE-NE,0,1,Eastern Phoebe,,,
S207503604,S207503604,1,Mecklenburg,120.0,4.1,,35.1024256,McDowell Nature Preserve,H,-81.0252857,wintering,1,2025-01-01,EBIRD_ATL_NC,Traveling,,LAKE_WYLIE-NE,0,1,Eastern Towhee,,,
S207503604,S207503604,1,Mecklenburg,120.0,4.1,,35.1024256,McDowell Nature Preserve,H,-81.0252857,wintering,1,2025-01-01,EBIRD_ATL_NC,Traveling,,LAKE_WYLIE-NE,0,1,House Finch,,,
S207503604,S207503604,1,Mecklenburg,120.0,4.1,,35.1024256,McDowell Nature Preserve,H,-81.0252857,wintering,1,2025-01-01,EBIRD_ATL_NC,Traveling,,LAKE_WYLIE-NE,0,1,Northern Cardinal,,,
S207503604,S207503604,1,Mecklenburg,120.0,4.1,,35.1024256,McDowell Nature Preserve,H,-81.0252857,wintering,1,2025-01-01,EBIRD_ATL_NC,Traveling,,LAKE_WYLIE-NE,0,1,Northern Flicker,,,
S207503604,S207503604,1,Mecklenburg,120.0,4.1,,35.1024256,McDowell Nature Preserve,H,-81.0252857,wintering,1,2025-01-01,EBIRD_ATL_NC,Traveling,,LAKE_WYLIE-NE,0,1,Northern Mockingbird,,,
S207503604,S207503604,1,Mecklenburg,120.0,4.1,,35.1024256,McDowell Nature Preserve,H,-81.0252857,wintering,1,2025-01-01,EBIRD_ATL_NC,Traveling,,LAKE_WYLIE-NE,0,1,Pine Warbler,,,
S207503604,S207503604,1,Mecklenburg,120.0,4.1,,35.1024256,McDowell Nature Preserve,H,-81.0252857,wintering,1,2025-01-01,EBIRD_ATL_NC,Traveling,,LAKE_WYLIE-NE,0,1,Red-bellied Woodpecker,,,
S207503604,S207503604,1,Mecklenburg,120.0,4.1,,35.1024256,McDowell Nature Preserve,H,-81.0252857,wintering,1,2025-01-01,EBIRD_ATL_NC,Traveling,,LAKE_WYLIE-NE,0,1,Red-winged Blackbird,,,
S207503604,S207503604,1,Mecklenburg,120.0,4.1,,35.1024256,McDowell Nature Preserve,H,-81.0252857,wintering,1,2025-01-01,EBIRD_ATL_NC,Traveling,,LAKE_WYLIE-NE,0,1,Ring-billed Gull,,,
S207503604,S207503604,1,Mecklenburg,120.0,4.1,,35.1024256,McDowell Nature Preserve,H,-81.0252857,wintering,1,2025-01-01,EBIRD_ATL_NC,Traveling,,LAKE_WYLIE-NE,0,1,Ruby-crowned Kinglet,,,
S207503604,S207503604,1,Mecklenburg,120.0,4.1,,35.1024256,McDowell Nature Preserve,H,-81.0252857,wintering,1,2025-01-01,EBIRD_ATL_NC,Traveling,,LAKE_WYLIE-NE,0,1,Tufted Titmouse,,,
S207503604,S207503604,1,Mecklenburg,120.0,4.1,,35.1024256,McDowell Nature Preserve,H,-81.0252857,wintering,1,2025-01-01,EBIRD_ATL_NC,Traveling,,LAKE_WYLIE-NE,0,1,Turkey Vulture,,,
S207503604,S207503604,1,Mecklenburg,120.0,4.1,,35.1024256,McDowell Nature Preserve,H,-81.0252857,wintering,1,2025-01-01,EBIRD_ATL_NC,Traveling,,LAKE_WYLIE-NE,0,1,White-throated Sparrow,,,
S207503604,S207503604,1,Mecklenburg,120.0,4.1,,35.1024256,McDowell Nature Preserve,H,-81.0252857,wintering,1,2025-01-01,EBIRD_ATL_NC,Traveling,,LAKE_WYLIE-NE,0,1,Yellow-bellied Sapsucker,,,
S207563644,S207563644,1,Mecklenburg,90.0,1.609,,35.1192021,McDowell Prairie,H,-81.0088652,wintering,2,2025-01-01,EBIRD_ATL_NC,Traveling,,LAKE_WYLIE-NE,0,1.0,American Crow,,,
S207563644,S207563644,1,Mecklenburg,90.0,1.609,,35.1192021,McDowell Prairie,H,-81.0088652,wintering,2,2025-01-01,EBIRD_ATL_NC,Traveling,,LAKE_WYLIE-NE,0,1.0,American Robin,,,
S207563644,S207563644,1,Mecklenburg,90.0,1.609,,35.1192021,McDowell Prairie,H,-81.0088652,wintering,2,2025-01-01,EBIRD_ATL_NC,Traveling,,LAKE_WYLIE-NE,0,1.0,Black Vulture,,,
S207563644,S207563644,1,Mecklenburg,90.0,1.609,,35.1192021,McDowell Prairie,H,-81.0088652,wintering,2,2025-01-01,EBIRD_ATL_NC,Traveling,,LAKE_WYLIE-NE,0,1.0,Carolina Chickadee,,,
S207563644,S207563644,1,Mecklenburg,90.0,1.609,,35.1192021,McDowell Prairie,H,-81.0088652,wintering,2,2025-01-01,EBIRD_ATL_NC,Traveling,,LAKE_WYLIE-NE,0,1.0,Carolina Wren,,,
S207563644,S207563644,1,Mecklenburg,90.0,1.609,,35.1192021,McDowell Prairie,H,-81.0088652,wintering,2,2025-01-01,EBIRD_ATL_NC,Traveling,,LAKE_WYLIE-NE,0,1.0,Eastern Towhee,,,
S207563644,S207563644,1,Mecklenburg,90.0,1.609,,35.1192021,McDowell Prairie,H,-81.0088652,wintering,2,2025-01-01,EBIRD_ATL_NC,Traveling,,LAKE_WYLIE-NE,0,1.0,Golden-crowned Kinglet,,,
S207563644,S207563644,1,Mecklenburg,90.0,1.609,,35.1192021,McDowell Prairie,H,-81.0088652,wintering,2,2025-01-01,EBIRD_ATL_NC,Traveling,,LAKE_WYLIE-NE,0,1.0,Northern Cardinal,,,
S207563644,S207563644,1,Mecklenburg,90.0,1.609,,35.1192021,McDowell Prairie,H,-81.0088652,wintering,2,2025-01-01,EBIRD_ATL_NC,Traveling,,LAKE_WYLIE-NE,0,1.0,Red-bellied Woodpecker,,,
S207563644,S207563644,1,Mecklenburg,90.0,1.609,,35.1192021,McDowell Prairie,H,-81.0088652,wintering,2,2025-01-01,EBIRD_ATL_NC,Traveling,,LAKE_WYLIE-NE,0,1.0,Red-headed Woodpecker,,,
S207563644,S207563644,1,Mecklenburg,90.0,1.609,,35.1192021,McDowell Prairie,H,-81.0088652,wintering,2,2025-01-01,EBIRD_ATL_NC,Traveling,,LAKE_WYLIE-NE,0,1.0,Song Sparrow,,,
S207563644,S207563644,1,Mecklenburg,90.0,1.609,,35.1192021,McDowell Prairie,H,-81.0088652,wintering,2,2025-01-01,EBIRD_ATL_NC,Traveling,,LAKE_WYLIE-NE,0,1.0,Tufted Titmouse,,,
S207563644,S207563644,1,Mecklenburg,90.0,1.609,,35.1192021,McDowell Prairie,H,-81.0088652,wintering,2,2025-01-01,EBIRD_ATL_NC,Traveling,,LAKE_WYLIE-NE,0,1.0,Turkey Vulture,,,
S207563644,S207563644,1,Mecklenburg,90.0,1.609,,35.1192021,McDowell Prairie,H,-81.0088652,wintering,2,2025-01-01,EBIRD_ATL_NC,Traveling,,LAKE_WYLIE-NE,0,1.0,White-throated Sparrow,,,
S207433362,S207433362,1,Mecklenburg,17.0,0,,35.232011,Francis apartment - main,P,-80.768777,wintering,1,2025-01-01,EBIRD_ATL_NC,Stationary,Sunny 42F,CHARLOTTE_EAST-NE,0,1.0,American Crow,,,
S207433362,S207433362,1,Mecklenburg,17.0,0,,35.232011,Francis apartment - main,P,-80.768777,wintering,1,2025-01-01,EBIRD_ATL_NC,Stationary,Sunny 42F,CHARLOTTE_EAST-NE,0,1.0,Brown-headed Nuthatch,,,
S207433362,S207433362,1,Mecklenburg,17.0,0,,35.232011,Francis apartment - main,P,-80.768777,wintering,1,2025-01-01,EBIRD_ATL_NC,Stationary,Sunny 42F,CHARLOTTE_EAST-NE,0,1.0,Carolina Wren,,,
S207433362,S207433362,1,Mecklenburg,17.0,0,,35.232011,Francis apartment - main,P,-80.768777,wintering,1,2025-01-01,EBIRD_ATL_NC,Stationary,Sunny 42F,CHARLOTTE_EAST-NE,0,1.0,Eastern Bluebird,,,
S207433362,S207433362,1,Mecklenburg,17.0,0,,35.232011,Francis apartment - main,P,-80.768777,wintering,1,2025-01-01,EBIRD_ATL_NC,Stationary,Sunny 42F,CHARLOTTE_EAST-NE,0,1.0,House Finch,,,
S207433362,S207433362,1,Mecklenburg,17.0,0,,35.232011,Francis apartment - main,P,-80.768777,wintering,1,2025-01-01,EBIRD_ATL_NC,Stationary,Sunny 42F,CHARLOTTE_EAST-NE,0,1.0,Northern Cardinal,,,
S207440501,S207440501,1,Mecklenburg,79.0,0,,35.1323925,"Home, Charlotte, Mecklenburg, North Carolina, US (35.132, -80.77)",P,-80.7704026,wintering,1,2025-01-01,EBIRD_ATL_NC,Stationary,,CHARLOTTE_EAST-SE,1,1.0,American Crow,,,
S207440501,S207440501,1,Mecklenburg,79.0,0,,35.1323925,"Home, Charlotte, Mecklenburg, North Carolina, US (35.132, -80.77)",P,-80.7704026,wintering,1,2025-01-01,EBIRD_ATL_NC,Stationary,,CHARLOTTE_EAST-SE,1,1.0,American Robin,,,
S207440501,S207440501,1,Mecklenburg,79.0,0,,35.1323925,"Home, Charlotte, Mecklenburg, North Carolina, US (35.132, -80.77)",P,-80.7704026,wintering,1,2025-01-01,EBIRD_ATL_NC,Stationary,,CHARLOTTE_EAST-SE,1,1.0,Brown-headed Cowbird,,,
S207440501,S207440501,1,Mecklenburg,79.0,0,,35.1323925,"Home, Charlotte, Mecklenburg, North Carolina, US (35.132, -80.77)",P,-80.7704026,wintering,1,2025-01-01,EBIRD_ATL_NC,Stationary,,CHARLOTTE_EAST-SE,1,1.0,Brown-headed Nuthatch,,,
S207440501,S207440501,1,Mecklenburg,79.0,0,,35.1323925,"Home, Charlotte, Mecklenburg, North Carolina, US (35.132, -80.77)",P,-80.7704026,wintering,1,2025-01-01,EBIRD_ATL_NC,Stationary,,CHARLOTTE_EAST-SE,1,1.0,Brown Creeper,,,
S207440501,S207440501,1,Mecklenburg,79.0,0,,35.1323925,"Home, Charlotte, Mecklenburg, North Carolina, US (35.132, -80.77)",P,-80.7704026,wintering,1,2025-01-01,EBIRD_ATL_NC,Stationary,,CHARLOTTE_EAST-SE,1,1.0,Carolina Chickadee,,,
S207440501,S207440501,1,Mecklenburg,79.0,0,,35.1323925,"Home, Charlotte, Mecklenburg, North Carolina, US (35.132, -80.77)",P,-80.7704026,wintering,1,2025-01-01,EBIRD_ATL_NC,Stationary,,CHARLOTTE_EAST-SE,1,1.0,Carolina Wren,,,
S207440501,S207440501,1,Mecklenburg,79.0,0,,35.1323925,"Home, Charlotte, Mecklenburg, North Carolina, US (35.132, -80.77)",P,-80.7704026,wintering,1,2025-01-01,EBIRD_ATL_NC,Stationary,,CHARLOTTE_EAST-SE,1,1.0,Chipping Sparrow,,,
S207440501,S207440501,1,Mecklenburg,79.0,0,,35.1323925,"Home, Charlotte, Mecklenburg, North Carolina, US (35.132, -80.77)",P,-80.7704026,wintering,1,2025-01-01,EBIRD_ATL_NC,Stationary,,CHARLOTTE_EAST-SE,1,1.0,Dark-eyed Junco,,,
S207440501,S207440501,1,Mecklenburg,79.0,0,,35.1323925,"Home, Charlotte, Mecklenburg, North Carolina, US (35.132, -80.77)",P,-80.7704026,wintering,1,2025-01-01,EBIRD_ATL_NC,Stationary,,CHARLOTTE_EAST-SE,1,1.0,Downy Woodpecker,,,
S207440501,S207440501,1,Mecklenburg,79.0,0,,35.1323925,"Home, Charlotte, Mecklenburg, North Carolina, US (35.132, -80.77)",P,-80.7704026,wintering,1,2025-01-01,EBIRD_ATL_NC,Stationary,,CHARLOTTE_EAST-SE,1,1.0,Eastern Bluebird,,,
S207440501,S207440501,1,Mecklenburg,79.0,0,,35.1323925,"Home, Charlotte, Mecklenburg, North Carolina, US (35.132, -80.77)",P,-80.7704026,wintering,1,2025-01-01,EBIRD_ATL_NC,Stationary,,CHARLOTTE_EAST-SE,1,1.0,Eastern Phoebe,,,
S207440501,S207440501,1,Mecklenburg,79.0,0,,35.1323925,"Home, Charlotte, Mecklenburg, North Carolina, US (35.132, -80.77)",P,-80.7704026,wintering,1,2025-01-01,EBIRD_ATL_NC,Stationary,,CHARLOTTE_EAST-SE,1,1.0,Hairy Woodpecker,,,
S207440501,S207440501,1,Mecklenburg,79.0,0,,35.1323925,"Home, Charlotte, Mecklenburg, North Carolina, US (35.132, -80.77)",P,-80.7704026,wintering,1,2025-01-01,EBIRD_ATL_NC,Stationary,,CHARLOTTE_EAST-SE,1,1.0,Hermit Thrush,,,
S207440501,S207440501,1,Mecklenburg,79.0,0,,35.1323925,"Home, Charlotte, Mecklenburg, North Carolina, US (35.132, -80.77)",P,-80.7704026,wintering,1,2025-01-01,EBIRD_ATL_NC,Stationary,,CHARLOTTE_EAST-SE,1,1.0,House Finch,,,
S207440501,S207440501,1,Mecklenburg,79.0,0,,35.1323925,"Home, Charlotte, Mecklenburg, North Carolina, US (35.132, -80.77)",P,-80.7704026,wintering,1,2025-01-01,EBIRD_ATL_NC,Stationary,,CHARLOTTE_EAST-SE,1,1.0,Mourning Dove,,,
S207440501,S207440501,1,Mecklenburg,79.0,0,,35.1323925,"Home, Charlotte, Mecklenburg, North Carolina, US (35.132, -80.77)",P,-80.7704026,wintering,1,2025-01-01,EBIRD_ATL_NC,Stationary,,CHARLOTTE_EAST-SE,1,1.0,Northern Cardinal,,,
S207440501,S207440501,1,Mecklenburg,79.0,0,,35.1323925,"Home, Charlotte, Mecklenburg, North Carolina, US (35.132, -80.77)",P,-80.7704026,wintering,1,2025-01-01,EBIRD_ATL_NC,Stationary,,CHARLOTTE_EAST-SE,1,1.0,Orange-crowned Warbler,,,
S207440501,S207440501,1,Mecklenburg,79.0,0,,35.1323925,"Home, Charlotte, Mecklenburg, North Carolina, US (35.132, -80.77)",P,-80.7704026,wintering,1,2025-01-01,EBIRD_ATL_NC,Stationary,,CHARLOTTE_EAST-SE,1,1.0,Pileated Woodpecker,,,
S207440501,S207440501,1,Mecklenburg,79.0,0,,35.1323925,"Home, Charlotte, Mecklenburg, North Carolina, US (35.132, -80.77)",P,-80.7704026,wintering,1,2025-01-01,EBIRD_ATL_NC,Stationary,,CHARLOTTE_EAST-SE,1,1.0,Pine Warbler,,,
S207440501,S207440501,1,Mecklenburg,79.0,0,,35.1323925,"Home, Charlotte, Mecklenburg, North Carolina, US (35.132, -80.77)",P,-80.7704026,wintering,1,2025-01-01,EBIRD_ATL_NC,Stationary,,CHARLOTTE_EAST-SE,1,1.0,Purple Finch,,,
S207440501,S207440501,1,Mecklenburg,79.0,0,,35.1323925,"Home, Charlotte, Mecklenburg, North Carolina, US (35.132, -80.77)",P,-80.7704026,wintering,1,2025-01-01,EBIRD_ATL_NC,Stationary,,CHARLOTTE_EAST-SE,1,1.0,Red-bellied Woodpecker,,,
S207440501,S207440501,1,Mecklenburg,79.0,0,,35.1323925,"Home, Charlotte, Mecklenburg, North Carolina, US (35.132, -80.77)",P,-80.7704026,wintering,1,2025-01-01,EBIRD_ATL_NC,Stationary,,CHARLOTTE_EAST-SE,1,1.0,Red-shouldered Hawk,,,
S207440501,S207440501,1,Mecklenburg,79.0,0,,35.1323925,"Home, Charlotte, Mecklenburg, North Carolina, US (35.132, -80.77)",P,-80.7704026,wintering,1,2025-01-01,EBIRD_ATL_NC,Stationary,,CHARLOTTE_EAST-SE,1,1.0,Ruby-crowned Kinglet,,,
S207440501,S207440501,1,Mecklenburg,79.0,0,,35.1323925,"Home, Charlotte, Mecklenburg, North Carolina, US (35.132, -80.77)",P,-80.7704026,wintering,1,2025-01-01,EBIRD_ATL_NC,Stationary,,CHARLOTTE_EAST-SE,1,1.0,Tufted Titmouse,,,
S207440501,S207440501,1,Mecklenburg,79.0,0,,35.1323925,"Home, Charlotte, Mecklenburg, North Carolina, US (35.132, -80.77)",P,-80.7704026,wintering,1,2025-01-01,EBIRD_ATL_NC,Stationary,,CHARLOTTE_EAST-SE,1,1.0,White-breasted Nuthatch,,,
S207440501,S207440501,1,Mecklenburg,79.0,0,,35.1323925,"Home, Charlotte, Mecklenburg, North Carolina, US (35.132, -80.77)",P,-80.7704026,wintering,1,2025-01-01,EBIRD_ATL_NC,Stationary,,CHARLOTTE_EAST-SE,1,1.0,White-throated Sparrow,,,
S207440501,S207440501,1,Mecklenburg,79.0,0,,35.1323925,"Home, Charlotte, Mecklenburg, North Carolina, US (35.132, -80.77)",P,-80.7704026,wintering,1,2025-01-01,EBIRD_ATL_NC,Stationary,,CHARLOTTE_EAST-SE,1,1.0,Yellow-bellied Sapsucker,,,
S207440501,S207440501,1,Mecklenburg,79.0,0,,35.1323925,"Home, Charlotte, Mecklenburg, North Carolina, US (35.132, -80.77)",P,-80.7704026,wintering,1,2025-01-01,EBIRD_ATL_NC,Stationary,,CHARLOTTE_EAST-SE,1,1.0,Yellow-rumped Warbler,,,
S207497790,S207497790,1,Moore,30.0,0,,35.181817,"Windy Ridge, Foxfire US-NC (private)",P,-79.574135,wintering,1,2025-01-01,EBIRD_ATL_NC,Stationary,,WEST_END-CW,0,1,American Crow,,,
S207497790,S207497790,1,Moore,30.0,0,,35.181817,"Windy Ridge, Foxfire US-NC (private)",P,-79.574135,wintering,1,2025-01-01,EBIRD_ATL_NC,Stationary,,WEST_END-CW,0,1,Carolina Chickadee,,,
S207497790,S207497790,1,Moore,30.0,0,,35.181817,"Windy Ridge, Foxfire US-NC (private)",P,-79.574135,wintering,1,2025-01-01,EBIRD_ATL_NC,Stationary,,WEST_END-CW,0,1,Chipping Sparrow,,,
S207497790,S207497790,1,Moore,30.0,0,,35.181817,"Windy Ridge, Foxfire US-NC (private)",P,-79.574135,wintering,1,2025-01-01,EBIRD_ATL_NC,Stationary,,WEST_END-CW,0,1,Downy Woodpecker,,,
S207497790,S207497790,1,Moore,30.0,0,,35.181817,"Windy Ridge, Foxfire US-NC (private)",P,-79.574135,wintering,1,2025-01-01,EBIRD_ATL_NC,Stationary,,WEST_END-CW,0,1,Eastern Bluebird,,,
S207497790,S207497790,1,Moore,30.0,0,,35.181817,"Windy Ridge, Foxfire US-NC (private)",P,-79.574135,wintering,1,2025-01-01,EBIRD_ATL_NC,Stationary,,WEST_END-CW,0,1,Golden-crowned Kinglet,,,
S207497790,S207497790,1,Moore,30.0,0,,35.181817,"Windy Ridge, Foxfire US-NC (private)",P,-79.574135,wintering,1,2025-01-01,EBIRD_ATL_NC,Stationary,,WEST_END-CW,0,1,House Finch,,,
S207497790,S207497790,1,Moore,30.0,0,,35.181817,"Windy Ridge, Foxfire US-NC (private)",P,-79.574135,wintering,1,2025-01-01,EBIRD_ATL_NC,Stationary,,WEST_END-CW,0,1,Northern Cardinal,,,
S207497790,S207497790,1,Moore,30.0,0,,35.181817,"Windy Ridge, Foxfire US-NC (private)",P,-79.574135,wintering,1,2025-01-01,EBIRD_ATL_NC,Stationary,,WEST_END-CW,0,1,Pine Warbler,,,
S207497790,S207497790,1,Moore,30.0,0,,35.181817,"Windy Ridge, Foxfire US-NC (private)",P,-79.574135,wintering,1,2025-01-01,EBIRD_ATL_NC,Stationary,,WEST_END-CW,0,1,Red-bellied Woodpecker,,,
S207497790,S207497790,1,Moore,30.0,0,,35.181817,"Windy Ridge, Foxfire US-NC (private)",P,-79.574135,wintering,1,2025-01-01,EBIRD_ATL_NC,Stationary,,WEST_END-CW,0,1,Ruby-crowned Kinglet,,,
S207497790,S207497790,1,Moore,30.0,0,,35.181817,"Windy Ridge, Foxfire US-NC (private)",P,-79.574135,wintering,1,2025-01-01,EBIRD_ATL_NC,Stationary,,WEST_END-CW,0,1,Tufted Titmouse,,,
S207526929,S207526929,1,Moore,10.0,0,,35.1494157,Rays Mill Park,H,-79.4005591,wintering,1,2025-01-01,EBIRD_ATL_NC,Stationary,"60F, sunny",SOUTHERN_PINES-SE,1,1.0,American Crow,,,
S207526929,S207526929,1,Moore,10.0,0,,35.1494157,Rays Mill Park,H,-79.4005591,wintering,1,2025-01-01,EBIRD_ATL_NC,Stationary,"60F, sunny",SOUTHERN_PINES-SE,1,1.0,Blue Jay,,,
S207526929,S207526929,1,Moore,10.0,0,,35.1494157,Rays Mill Park,H,-79.4005591,wintering,1,2025-01-01,EBIRD_ATL_NC,Stationary,"60F, sunny",SOUTHERN_PINES-SE,1,1.0,Great Blue Heron,,,
S207526929,S207526929,1,Moore,10.0,0,,35.1494157,Rays Mill Park,H,-79.4005591,wintering,1,2025-01-01,EBIRD_ATL_NC,Stationary,"60F, sunny",SOUTHERN_PINES-SE,1,1.0,Northern Cardinal,,,
S207526929,S207526929,1,Moore,10.0,0,,35.1494157,Rays Mill Park,H,-79.4005591,wintering,1,2025-01-01,EBIRD_ATL_NC,Stationary,"60F, sunny",SOUTHERN_PINES-SE,1,1.0,Pied-billed Grebe,,,
S207526929,S207526929,1,Moore,10.0,0,,35.1494157,Rays Mill Park,H,-79.4005591,wintering,1,2025-01-01,EBIRD_ATL_NC,Stationary,"60F, sunny",SOUTHERN_PINES-SE,1,1.0,Ruby-crowned Kinglet,,,
S207526929,S207526929,1,Moore,10.0,0,,35.1494157,Rays Mill Park,H,-79.4005591,wintering,1,2025-01-01,EBIRD_ATL_NC,Stationary,"60F, sunny",SOUTHERN_PINES-SE,1,1.0,Turkey Vulture,,,
S207444398,S207444398,1,Moore,95.0,0,,35.176986,1160 monticello drive,P,-79.450289,wintering,1,2025-01-01,EBIRD_ATL_NC,Stationary,,SOUTHERN_PINES-CW,0,1.0,American Crow,,,
S207444398,S207444398,1,Moore,95.0,0,,35.176986,1160 monticello drive,P,-79.450289,wintering,1,2025-01-01,EBIRD_ATL_NC,Stationary,,SOUTHERN_PINES-CW,0,1.0,Blue Jay,,,
S207444398,S207444398,1,Moore,95.0,0,,35.176986,1160 monticello drive,P,-79.450289,wintering,1,2025-01-01,EBIRD_ATL_NC,Stationary,,SOUTHERN_PINES-CW,0,1.0,Carolina Chickadee,,,
S207444398,S207444398,1,Moore,95.0,0,,35.176986,1160 monticello drive,P,-79.450289,wintering,1,2025-01-01,EBIRD_ATL_NC,Stationary,,SOUTHERN_PINES-CW,0,1.0,Dark-eyed Junco,,,
S207444398,S207444398,1,Moore,95.0,0,,35.176986,1160 monticello drive,P,-79.450289,wintering,1,2025-01-01,EBIRD_ATL_NC,Stationary,,SOUTHERN_PINES-CW,0,1.0,Eastern Bluebird,,,
S207444398,S207444398,1,Moore,95.0,0,,35.176986,1160 monticello drive,P,-79.450289,wintering,1,2025-01-01,EBIRD_ATL_NC,Stationary,,SOUTHERN_PINES-CW,0,1.0,House Finch,,,
S207444398,S207444398,1,Moore,95.0,0,,35.176986,1160 monticello drive,P,-79.450289,wintering,1,2025-01-01,EBIRD_ATL_NC,Stationary,,SOUTHERN_PINES-CW,0,1.0,Mourning Dove,,,
S207444398,S207444398,1,Moore,95.0,0,,35.176986,1160 monticello drive,P,-79.450289,wintering,1,2025-01-01,EBIRD_ATL_NC,Stationary,,SOUTHERN_PINES-CW,0,1.0,Northern Cardinal,,,
S207444398,S207444398,1,Moore,95.0,0,,35.176986,1160 monticello drive,P,-79.450289,wintering,1,2025-01-01,EBIRD_ATL_NC,Stationary,,SOUTHERN_PINES-CW,0,1.0,Northern Mockingbird,,,
S207444398,S207444398,1,Moore,95.0,0,,35.176986,1160 monticello drive,P,-79.450289,wintering,1,2025-01-01,EBIRD_ATL_NC,Stationary,,SOUTHERN_PINES-CW,0,1.0,Pine Warbler,,,
S207444398,S207444398,1,Moore,95.0,0,,35.176986,1160 monticello drive,P,-79.450289,wintering,1,2025-01-01,EBIRD_ATL_NC,Stationary,,SOUTHERN_PINES-CW,0,1.0,Red-bellied Woodpecker,,,
S207444398,S207444398,1,Moore,95.0,0,,35.176986,1160 monticello drive,P,-79.450289,wintering,1,2025-01-01,EBIRD_ATL_NC,Stationary,,SOUTHERN_PINES-CW,0,1.0,Tufted Titmouse,,,
S207444398,S207444398,1,Moore,95.0,0,,35.176986,1160 monticello drive,P,-79.450289,wintering,1,2025-01-01,EBIRD_ATL_NC,Stationary,,SOUTHERN_PINES-CW,0,1.0,White-throated Sparrow,,,
S207444398,S207444398,1,Moore,95.0,0,,35.176986,1160 monticello drive,P,-79.450289,wintering,1,2025-01-01,EBIRD_ATL_NC,Stationary,,SOUTHERN_PINES-CW,0,1.0,Yellow-rumped Warbler,,,
S207479971,S207479971,1,Orange,115.0,3.636,,35.8849444,Mason Farm Biological Reserve,H,-79.0145083,wintering,2,2025-01-01,EBIRD_ATL_NC,Traveling,"50 degrees F., sunny, 13 mph winds",CHAPEL_HILL-SE,1,1.0,American Crow,,,
S207479971,S207479971,1,Orange,115.0,3.636,,35.8849444,Mason Farm Biological Reserve,H,-79.0145083,wintering,2,2025-01-01,EBIRD_ATL_NC,Traveling,"50 degrees F., sunny, 13 mph winds",CHAPEL_HILL-SE,1,1.0,American Goldfinch,,,
S207479971,S207479971,1,Orange,115.0,3.636,,35.8849444,Mason Farm Biological Reserve,H,-79.0145083,wintering,2,2025-01-01,EBIRD_ATL_NC,Traveling,"50 degrees F., sunny, 13 mph winds",CHAPEL_HILL-SE,1,1.0,Blue Jay,,,
S207479971,S207479971,1,Orange,115.0,3.636,,35.8849444,Mason Farm Biological Reserve,H,-79.0145083,wintering,2,2025-01-01,EBIRD_ATL_NC,Traveling,"50 degrees F., sunny, 13 mph winds",CHAPEL_HILL-SE,1,1.0,Brown-headed Nuthatch,,,
S207479971,S207479971,1,Orange,115.0,3.636,,35.8849444,Mason Farm Biological Reserve,H,-79.0145083,wintering,2,2025-01-01,EBIRD_ATL_NC,Traveling,"50 degrees F., sunny, 13 mph winds",CHAPEL_HILL-SE,1,1.0,Carolina Chickadee,,,
S207479971,S207479971,1,Orange,115.0,3.636,,35.8849444,Mason Farm Biological Reserve,H,-79.0145083,wintering,2,2025-01-01,EBIRD_ATL_NC,Traveling,"50 degrees F., sunny, 13 mph winds",CHAPEL_HILL-SE,1,1.0,Carolina Wren,,,
S207479971,S207479971,1,Orange,115.0,3.636,,35.8849444,Mason Farm Biological Reserve,H,-79.0145083,wintering,2,2025-01-01,EBIRD_ATL_NC,Traveling,"50 degrees F., sunny, 13 mph winds",CHAPEL_HILL-SE,1,1.0,Dark-eyed Junco,,,
S207479971,S207479971,1,Orange,115.0,3.636,,35.8849444,Mason Farm Biological Reserve,H,-79.0145083,wintering,2,2025-01-01,EBIRD_ATL_NC,Traveling,"50 degrees F., sunny, 13 mph winds",CHAPEL_HILL-SE,1,1.0,Downy Woodpecker,,,
S207479971,S207479971,1,Orange,115.0,3.636,,35.8849444,Mason Farm Biological Reserve,H,-79.0145083,wintering,2,2025-01-01,EBIRD_ATL_NC,Traveling,"50 degrees F., sunny, 13 mph winds",CHAPEL_HILL-SE,1,1.0,Eastern Bluebird,,,
S207479971,S207479971,1,Orange,115.0,3.636,,35.8849444,Mason Farm Biological Reserve,H,-79.0145083,wintering,2,2025-01-01,EBIRD_ATL_NC,Traveling,"50 degrees F., sunny, 13 mph winds",CHAPEL_HILL-SE,1,1.0,Eastern Phoebe,,,
S207479971,S207479971,1,Orange,115.0,3.636,,35.8849444,Mason Farm Biological Reserve,H,-79.0145083,wintering,2,2025-01-01,EBIRD_ATL_NC,Traveling,"50 degrees F., sunny, 13 mph winds",CHAPEL_HILL-SE,1,1.0,Eastern Towhee,,,
S207479971,S207479971,1,Orange,115.0,3.636,,35.8849444,Mason Farm Biological Reserve,H,-79.0145083,wintering,2,2025-01-01,EBIRD_ATL_NC,Traveling,"50 degrees F., sunny, 13 mph winds",CHAPEL_HILL-SE,1,1.0,Hermit Thrush,,,
S207479971,S207479971,1,Orange,115.0,3.636,,35.8849444,Mason Farm Biological Reserve,H,-79.0145083,wintering,2,2025-01-01,EBIRD_ATL_NC,Traveling,"50 degrees F., sunny, 13 mph winds",CHAPEL_HILL-SE,1,1.0,Northern Cardinal,,,
S207479971,S207479971,1,Orange,115.0,3.636,,35.8849444,Mason Farm Biological Reserve,H,-79.0145083,wintering,2,2025-01-01,EBIRD_ATL_NC,Traveling,"50 degrees F., sunny, 13 mph winds",CHAPEL_HILL-SE,1,1.0,Northern Flicker,,,
S207479971,S207479971,1,Orange,115.0,3.636,,35.8849444,Mason Farm Biological Reserve,H,-79.0145083,wintering,2,2025-01-01,EBIRD_ATL_NC,Traveling,"50 degrees F., sunny, 13 mph winds",CHAPEL_HILL-SE,1,1.0,Red-bellied Woodpecker,,,
S207479971,S207479971,1,Orange,115.0,3.636,,35.8849444,Mason Farm Biological Reserve,H,-79.0145083,wintering,2,2025-01-01,EBIRD_ATL_NC,Traveling,"50 degrees F., sunny, 13 mph winds",CHAPEL_HILL-SE,1,1.0,Red-headed Woodpecker,,,
S207479971,S207479971,1,Orange,115.0,3.636,,35.8849444,Mason Farm Biological Reserve,H,-79.0145083,wintering,2,2025-01-01,EBIRD_ATL_NC,Traveling,"50 degrees F., sunny, 13 mph winds",CHAPEL_HILL-SE,1,1.0,Red-winged Blackbird,,,
S207479971,S207479971,1,Orange,115.0,3.636,,35.8849444,Mason Farm Biological Reserve,H,-79.0145083,wintering,2,2025-01-01,EBIRD_ATL_NC,Traveling,"50 degrees F., sunny, 13 mph winds",CHAPEL_HILL-SE,1,1.0,Ruby-crowned Kinglet,,,
S207479971,S207479971,1,Orange,115.0,3.636,,35.8849444,Mason Farm Biological Reserve,H,-79.0145083,wintering,2,2025-01-01,EBIRD_ATL_NC,Traveling,"50 degrees F., sunny, 13 mph winds",CHAPEL_HILL-SE,1,1.0,Song Sparrow,,,
S207479971,S207479971,1,Orange,115.0,3.636,,35.8849444,Mason Farm Biological Reserve,H,-79.0145083,wintering,2,2025-01-01,EBIRD_ATL_NC,Traveling,"50 degrees F., sunny, 13 mph winds",CHAPEL_HILL-SE,1,1.0,Swamp Sparrow,,,
S207479971,S207479971,1,Orange,115.0,3.636,,35.8849444,Mason Farm Biological Reserve,H,-79.0145083,wintering,2,2025-01-01,EBIRD_ATL_NC,Traveling,"50 degrees F., sunny, 13 mph winds",CHAPEL_HILL-SE,1,1.0,Tufted Titmouse,,,
S207479971,S207479971,1,Orange,115.0,3.636,,35.8849444,Mason Farm Biological Reserve,H,-79.0145083,wintering,2,2025-01-01,EBIRD_ATL_NC,Traveling,"50 degrees F., sunny, 13 mph winds",CHAPEL_HILL-SE,1,1.0,Turkey Vulture,,,
S207479971,S207479971,1,Orange,115.0,3.636,,35.8849444,Mason Farm Biological Reserve,H,-79.0145083,wintering,2,2025-01-01,EBIRD_ATL_NC,Traveling,"50 degrees F., sunny, 13 mph winds",CHAPEL_HILL-SE,1,1.0,White-breasted Nuthatch,,,
S207479971,S207479971,1,Orange,115.0,3.636,,35.8849444,Mason Farm Biological Reserve,H,-79.0145083,wintering,2,2025-01-01,EBIRD_ATL_NC,Traveling,"50 degrees F., sunny, 13 mph winds",CHAPEL_HILL-SE,1,1.0,White-throated Sparrow,,,
S207479971,S207479971,1,Orange,115.0,3.636,,35.8849444,Mason Farm Biological Reserve,H,-79.0145083,wintering,2,2025-01-01,EBIRD_ATL_NC,Traveling,"50 degrees F., sunny, 13 mph winds",CHAPEL_HILL-SE,1,1.0,Winter Wren,,,
S207479971,S207479971,1,Orange,115.0,3.636,,35.8849444,Mason Farm Biological Reserve,H,-79.0145083,wintering,2,2025-01-01,EBIRD_ATL_NC,Traveling,"50 degrees F., sunny, 13 mph winds",CHAPEL_HILL-SE,1,1.0,Yellow-bellied Sapsucker,,,
S207442738,S207442738,1,Pamlico,6.0,0.25,,35.134955,"Arant Farm Rd, Merritt US-NC (35.1350,-76.6827)",P,-76.682735,wintering,1,2025-01-01,EBIRD_ATL_NC,Traveling,,VANDEMERE-SE,1,1.0,American Crow,,,
S207442738,S207442738,1,Pamlico,6.0,0.25,,35.134955,"Arant Farm Rd, Merritt US-NC (35.1350,-76.6827)",P,-76.682735,wintering,1,2025-01-01,EBIRD_ATL_NC,Traveling,,VANDEMERE-SE,1,1.0,Eastern Towhee,,,
S207448463,S207448463,1,Pamlico,9.0,0.663,,35.130388,"890–1898 Sanders Rd, Merritt US-NC 35.13039, -76.64796",P,-76.647958,wintering,1,2025-01-01,EBIRD_ATL_NC,Traveling,,VANDEMERE-SE,1,1.0,American Crow,,,
S207448463,S207448463,1,Pamlico,9.0,0.663,,35.130388,"890–1898 Sanders Rd, Merritt US-NC 35.13039, -76.64796",P,-76.647958,wintering,1,2025-01-01,EBIRD_ATL_NC,Traveling,,VANDEMERE-SE,1,1.0,Song Sparrow,,,
S207448463,S207448463,1,Pamlico,9.0,0.663,,35.130388,"890–1898 Sanders Rd, Merritt US-NC 35.13039, -76.64796",P,-76.647958,wintering,1,2025-01-01,EBIRD_ATL_NC,Traveling,,VANDEMERE-SE,1,1.0,Swamp Sparrow,,,
S207448463,S207448463,1,Pamlico,9.0,0.663,,35.130388,"890–1898 Sanders Rd, Merritt US-NC 35.13039, -76.64796",P,-76.647958,wintering,1,2025-01-01,EBIRD_ATL_NC,Traveling,,VANDEMERE-SE,1,1.0,Tufted Titmouse,,,
S207448463,S207448463,1,Pamlico,9.0,0.663,,35.130388,"890–1898 Sanders Rd, Merritt US-NC 35.13039, -76.64796",P,-76.647958,wintering,1,2025-01-01,EBIRD_ATL_NC,Traveling,,VANDEMERE-SE,1,1.0,White-throated Sparrow,,,
S207448463,S207448463,1,Pamlico,9.0,0.663,,35.130388,"890–1898 Sanders Rd, Merritt US-NC 35.13039, -76.64796",P,-76.647958,wintering,1,2025-01-01,EBIRD_ATL_NC,Traveling,,VANDEMERE-SE,1,1.0,Wilsons Snipe,,,
S207448463,S207448463,1,Pamlico,9.0,0.663,,35.130388,"890–1898 Sanders Rd, Merritt US-NC 35.13039, -76.64796",P,-76.647958,wintering,1,2025-01-01,EBIRD_ATL_NC,Traveling,,VANDEMERE-SE,1,1.0,Yellow-rumped Warbler,,,
S207637815,S207637815,1,Pamlico,87.0,2.857,,35.0534323,Bent Tree/Straight/White Farm,P,-76.6839802,wintering,2,2025-01-01,EBIRD_ATL_NC,Traveling,50 nw wind sun,ORIENTAL-CE,0,1.0,American Crow,,,
S207637815,S207637815,1,Pamlico,87.0,2.857,,35.0534323,Bent Tree/Straight/White Farm,P,-76.6839802,wintering,2,2025-01-01,EBIRD_ATL_NC,Traveling,50 nw wind sun,ORIENTAL-CE,0,1.0,American Goldfinch,,,
S207637815,S207637815,1,Pamlico,87.0,2.857,,35.0534323,Bent Tree/Straight/White Farm,P,-76.6839802,wintering,2,2025-01-01,EBIRD_ATL_NC,Traveling,50 nw wind sun,ORIENTAL-CE,0,1.0,American Robin,,,
S207637815,S207637815,1,Pamlico,87.0,2.857,,35.0534323,Bent Tree/Straight/White Farm,P,-76.6839802,wintering,2,2025-01-01,EBIRD_ATL_NC,Traveling,50 nw wind sun,ORIENTAL-CE,0,1.0,Belted Kingfisher,,,
S207637815,S207637815,1,Pamlico,87.0,2.857,,35.0534323,Bent Tree/Straight/White Farm,P,-76.6839802,wintering,2,2025-01-01,EBIRD_ATL_NC,Traveling,50 nw wind sun,ORIENTAL-CE,0,1.0,Blue Jay,,,
S207637815,S207637815,1,Pamlico,87.0,2.857,,35.0534323,Bent Tree/Straight/White Farm,P,-76.6839802,wintering,2,2025-01-01,EBIRD_ATL_NC,Traveling,50 nw wind sun,ORIENTAL-CE,0,1.0,Brown-headed Nuthatch,,,
S207637815,S207637815,1,Pamlico,87.0,2.857,,35.0534323,Bent Tree/Straight/White Farm,P,-76.6839802,wintering,2,2025-01-01,EBIRD_ATL_NC,Traveling,50 nw wind sun,ORIENTAL-CE,0,1.0,Bonapartes Gull,,,
S207637815,S207637815,1,Pamlico,87.0,2.857,,35.0534323,Bent Tree/Straight/White Farm,P,-76.6839802,wintering,2,2025-01-01,EBIRD_ATL_NC,Traveling,50 nw wind sun,ORIENTAL-CE,0,1.0,Brown Pelican,,,
S207637815,S207637815,1,Pamlico,87.0,2.857,,35.0534323,Bent Tree/Straight/White Farm,P,-76.6839802,wintering,2,2025-01-01,EBIRD_ATL_NC,Traveling,50 nw wind sun,ORIENTAL-CE,0,1.0,Canada Goose,,,
S207637815,S207637815,1,Pamlico,87.0,2.857,,35.0534323,Bent Tree/Straight/White Farm,P,-76.6839802,wintering,2,2025-01-01,EBIRD_ATL_NC,Traveling,50 nw wind sun,ORIENTAL-CE,0,1.0,Carolina Chickadee,,,
S207637815,S207637815,1,Pamlico,87.0,2.857,,35.0534323,Bent Tree/Straight/White Farm,P,-76.6839802,wintering,2,2025-01-01,EBIRD_ATL_NC,Traveling,50 nw wind sun,ORIENTAL-CE,0,1.0,Carolina Wren,,,
S207637815,S207637815,1,Pamlico,87.0,2.857,,35.0534323,Bent Tree/Straight/White Farm,P,-76.6839802,wintering,2,2025-01-01,EBIRD_ATL_NC,Traveling,50 nw wind sun,ORIENTAL-CE,0,1.0,Chipping Sparrow,,,
S207637815,S207637815,1,Pamlico,87.0,2.857,,35.0534323,Bent Tree/Straight/White Farm,P,-76.6839802,wintering,2,2025-01-01,EBIRD_ATL_NC,Traveling,50 nw wind sun,ORIENTAL-CE,0,1.0,Eastern Bluebird,,,
S207637815,S207637815,1,Pamlico,87.0,2.857,,35.0534323,Bent Tree/Straight/White Farm,P,-76.6839802,wintering,2,2025-01-01,EBIRD_ATL_NC,Traveling,50 nw wind sun,ORIENTAL-CE,0,1.0,Eastern Phoebe,,,
S207637815,S207637815,1,Pamlico,87.0,2.857,,35.0534323,Bent Tree/Straight/White Farm,P,-76.6839802,wintering,2,2025-01-01,EBIRD_ATL_NC,Traveling,50 nw wind sun,ORIENTAL-CE,0,1.0,Great Blue Heron,,,
S207637815,S207637815,1,Pamlico,87.0,2.857,,35.0534323,Bent Tree/Straight/White Farm,P,-76.6839802,wintering,2,2025-01-01,EBIRD_ATL_NC,Traveling,50 nw wind sun,ORIENTAL-CE,0,1.0,Great Egret,,,
S207637815,S207637815,1,Pamlico,87.0,2.857,,35.0534323,Bent Tree/Straight/White Farm,P,-76.6839802,wintering,2,2025-01-01,EBIRD_ATL_NC,Traveling,50 nw wind sun,ORIENTAL-CE,0,1.0,Hermit Thrush,,,
S207637815,S207637815,1,Pamlico,87.0,2.857,,35.0534323,Bent Tree/Straight/White Farm,P,-76.6839802,wintering,2,2025-01-01,EBIRD_ATL_NC,Traveling,50 nw wind sun,ORIENTAL-CE,0,1.0,Killdeer,,,
S207637815,S207637815,1,Pamlico,87.0,2.857,,35.0534323,Bent Tree/Straight/White Farm,P,-76.6839802,wintering,2,2025-01-01,EBIRD_ATL_NC,Traveling,50 nw wind sun,ORIENTAL-CE,0,1.0,Lesser Scaup,,,
S207637815,S207637815,1,Pamlico,87.0,2.857,,35.0534323,Bent Tree/Straight/White Farm,P,-76.6839802,wintering,2,2025-01-01,EBIRD_ATL_NC,Traveling,50 nw wind sun,ORIENTAL-CE,0,1.0,Mourning Dove,,,
S207637815,S207637815,1,Pamlico,87.0,2.857,,35.0534323,Bent Tree/Straight/White Farm,P,-76.6839802,wintering,2,2025-01-01,EBIRD_ATL_NC,Traveling,50 nw wind sun,ORIENTAL-CE,0,1.0,Northern Cardinal,,,
S207637815,S207637815,1,Pamlico,87.0,2.857,,35.0534323,Bent Tree/Straight/White Farm,P,-76.6839802,wintering,2,2025-01-01,EBIRD_ATL_NC,Traveling,50 nw wind sun,ORIENTAL-CE,0,1.0,Northern Mockingbird,,,
S207637815,S207637815,1,Pamlico,87.0,2.857,,35.0534323,Bent Tree/Straight/White Farm,P,-76.6839802,wintering,2,2025-01-01,EBIRD_ATL_NC,Traveling,50 nw wind sun,ORIENTAL-CE,0,1.0,Red-bellied Woodpecker,,,
S207637815,S207637815,1,Pamlico,87.0,2.857,,35.0534323,Bent Tree/Straight/White Farm,P,-76.6839802,wintering,2,2025-01-01,EBIRD_ATL_NC,Traveling,50 nw wind sun,ORIENTAL-CE,0,1.0,Red-shouldered Hawk,,,
S207637815,S207637815,1,Pamlico,87.0,2.857,,35.0534323,Bent Tree/Straight/White Farm,P,-76.6839802,wintering,2,2025-01-01,EBIRD_ATL_NC,Traveling,50 nw wind sun,ORIENTAL-CE,0,1.0,Red-tailed Hawk,,,
S207637815,S207637815,1,Pamlico,87.0,2.857,,35.0534323,Bent Tree/Straight/White Farm,P,-76.6839802,wintering,2,2025-01-01,EBIRD_ATL_NC,Traveling,50 nw wind sun,ORIENTAL-CE,0,1.0,Ring-billed Gull,,,
S207637815,S207637815,1,Pamlico,87.0,2.857,,35.0534323,Bent Tree/Straight/White Farm,P,-76.6839802,wintering,2,2025-01-01,EBIRD_ATL_NC,Traveling,50 nw wind sun,ORIENTAL-CE,0,1.0,Ring-necked Duck,,,
S207637815,S207637815,1,Pamlico,87.0,2.857,,35.0534323,Bent Tree/Straight/White Farm,P,-76.6839802,wintering,2,2025-01-01,EBIRD_ATL_NC,Traveling,50 nw wind sun,ORIENTAL-CE,0,1.0,Ruby-crowned Kinglet,,,
S207637815,S207637815,1,Pamlico,87.0,2.857,,35.0534323,Bent Tree/Straight/White Farm,P,-76.6839802,wintering,2,2025-01-01,EBIRD_ATL_NC,Traveling,50 nw wind sun,ORIENTAL-CE,0,1.0,Song Sparrow,,,
S207637815,S207637815,1,Pamlico,87.0,2.857,,35.0534323,Bent Tree/Straight/White Farm,P,-76.6839802,wintering,2,2025-01-01,EBIRD_ATL_NC,Traveling,50 nw wind sun,ORIENTAL-CE,0,1.0,Tree Swallow,,,
S207637815,S207637815,1,Pamlico,87.0,2.857,,35.0534323,Bent Tree/Straight/White Farm,P,-76.6839802,wintering,2,2025-01-01,EBIRD_ATL_NC,Traveling,50 nw wind sun,ORIENTAL-CE,0,1.0,Tufted Titmouse,,,
S207637815,S207637815,1,Pamlico,87.0,2.857,,35.0534323,Bent Tree/Straight/White Farm,P,-76.6839802,wintering,2,2025-01-01,EBIRD_ATL_NC,Traveling,50 nw wind sun,ORIENTAL-CE,0,1.0,Turkey Vulture,,,
S207637815,S207637815,1,Pamlico,87.0,2.857,,35.0534323,Bent Tree/Straight/White Farm,P,-76.6839802,wintering,2,2025-01-01,EBIRD_ATL_NC,Traveling,50 nw wind sun,ORIENTAL-CE,0,1.0,White-throated Sparrow,,,
S207637815,S207637815,1,Pamlico,87.0,2.857,,35.0534323,Bent Tree/Straight/White Farm,P,-76.6839802,wintering,2,2025-01-01,EBIRD_ATL_NC,Traveling,50 nw wind sun,ORIENTAL-CE,0,1.0,Yellow-rumped Warbler,,,
S207440967,S207440967,1,Pamlico,56.0,1.525,,35.051608,Bent Tree Rd,P,-76.677469,wintering,1,2025-01-01,EBIRD_ATL_NC,Traveling,50 w wind sun,ORIENTAL-CE,0,1.0,American Crow,,,
S207440967,S207440967,1,Pamlico,56.0,1.525,,35.051608,Bent Tree Rd,P,-76.677469,wintering,1,2025-01-01,EBIRD_ATL_NC,Traveling,50 w wind sun,ORIENTAL-CE,0,1.0,American Goldfinch,,,
S207440967,S207440967,1,Pamlico,56.0,1.525,,35.051608,Bent Tree Rd,P,-76.677469,wintering,1,2025-01-01,EBIRD_ATL_NC,Traveling,50 w wind sun,ORIENTAL-CE,0,1.0,American Robin,,,
S207440967,S207440967,1,Pamlico,56.0,1.525,,35.051608,Bent Tree Rd,P,-76.677469,wintering,1,2025-01-01,EBIRD_ATL_NC,Traveling,50 w wind sun,ORIENTAL-CE,0,1.0,Brown-headed Nuthatch,,,
S207440967,S207440967,1,Pamlico,56.0,1.525,,35.051608,Bent Tree Rd,P,-76.677469,wintering,1,2025-01-01,EBIRD_ATL_NC,Traveling,50 w wind sun,ORIENTAL-CE,0,1.0,Blue-headed Vireo,,,
S207440967,S207440967,1,Pamlico,56.0,1.525,,35.051608,Bent Tree Rd,P,-76.677469,wintering,1,2025-01-01,EBIRD_ATL_NC,Traveling,50 w wind sun,ORIENTAL-CE,0,1.0,Carolina Chickadee,,,
S207440967,S207440967,1,Pamlico,56.0,1.525,,35.051608,Bent Tree Rd,P,-76.677469,wintering,1,2025-01-01,EBIRD_ATL_NC,Traveling,50 w wind sun,ORIENTAL-CE,0,1.0,Carolina Wren,,,
S207440967,S207440967,1,Pamlico,56.0,1.525,,35.051608,Bent Tree Rd,P,-76.677469,wintering,1,2025-01-01,EBIRD_ATL_NC,Traveling,50 w wind sun,ORIENTAL-CE,0,1.0,Chipping Sparrow,,,
S207440967,S207440967,1,Pamlico,56.0,1.525,,35.051608,Bent Tree Rd,P,-76.677469,wintering,1,2025-01-01,EBIRD_ATL_NC,Traveling,50 w wind sun,ORIENTAL-CE,0,1.0,Common Grackle,,,
S207440967,S207440967,1,Pamlico,56.0,1.525,,35.051608,Bent Tree Rd,P,-76.677469,wintering,1,2025-01-01,EBIRD_ATL_NC,Traveling,50 w wind sun,ORIENTAL-CE,0,1.0,Downy Woodpecker,,,
S207440967,S207440967,1,Pamlico,56.0,1.525,,35.051608,Bent Tree Rd,P,-76.677469,wintering,1,2025-01-01,EBIRD_ATL_NC,Traveling,50 w wind sun,ORIENTAL-CE,0,1.0,Eastern Bluebird,,,
S207440967,S207440967,1,Pamlico,56.0,1.525,,35.051608,Bent Tree Rd,P,-76.677469,wintering,1,2025-01-01,EBIRD_ATL_NC,Traveling,50 w wind sun,ORIENTAL-CE,0,1.0,Eastern Phoebe,,,
S207440967,S207440967,1,Pamlico,56.0,1.525,,35.051608,Bent Tree Rd,P,-76.677469,wintering,1,2025-01-01,EBIRD_ATL_NC,Traveling,50 w wind sun,ORIENTAL-CE,0,1.0,Fox Sparrow,,,
S207440967,S207440967,1,Pamlico,56.0,1.525,,35.051608,Bent Tree Rd,P,-76.677469,wintering,1,2025-01-01,EBIRD_ATL_NC,Traveling,50 w wind sun,ORIENTAL-CE,0,1.0,Hairy Woodpecker,,,
S207440967,S207440967,1,Pamlico,56.0,1.525,,35.051608,Bent Tree Rd,P,-76.677469,wintering,1,2025-01-01,EBIRD_ATL_NC,Traveling,50 w wind sun,ORIENTAL-CE,0,1.0,Hermit Thrush,,,
S207440967,S207440967,1,Pamlico,56.0,1.525,,35.051608,Bent Tree Rd,P,-76.677469,wintering,1,2025-01-01,EBIRD_ATL_NC,Traveling,50 w wind sun,ORIENTAL-CE,0,1.0,House Finch,,,
S207440967,S207440967,1,Pamlico,56.0,1.525,,35.051608,Bent Tree Rd,P,-76.677469,wintering,1,2025-01-01,EBIRD_ATL_NC,Traveling,50 w wind sun,ORIENTAL-CE,0,1.0,Mourning Dove,,,
S207440967,S207440967,1,Pamlico,56.0,1.525,,35.051608,Bent Tree Rd,P,-76.677469,wintering,1,2025-01-01,EBIRD_ATL_NC,Traveling,50 w wind sun,ORIENTAL-CE,0,1.0,Northern Flicker,,,
S207440967,S207440967,1,Pamlico,56.0,1.525,,35.051608,Bent Tree Rd,P,-76.677469,wintering,1,2025-01-01,EBIRD_ATL_NC,Traveling,50 w wind sun,ORIENTAL-CE,0,1.0,Osprey,,,
S207440967,S207440967,1,Pamlico,56.0,1.525,,35.051608,Bent Tree Rd,P,-76.677469,wintering,1,2025-01-01,EBIRD_ATL_NC,Traveling,50 w wind sun,ORIENTAL-CE,0,1.0,Pileated Woodpecker,,,
S207440967,S207440967,1,Pamlico,56.0,1.525,,35.051608,Bent Tree Rd,P,-76.677469,wintering,1,2025-01-01,EBIRD_ATL_NC,Traveling,50 w wind sun,ORIENTAL-CE,0,1.0,Red-bellied Woodpecker,,,
S207440967,S207440967,1,Pamlico,56.0,1.525,,35.051608,Bent Tree Rd,P,-76.677469,wintering,1,2025-01-01,EBIRD_ATL_NC,Traveling,50 w wind sun,ORIENTAL-CE,0,1.0,Red-tailed Hawk,,,
S207440967,S207440967,1,Pamlico,56.0,1.525,,35.051608,Bent Tree Rd,P,-76.677469,wintering,1,2025-01-01,EBIRD_ATL_NC,Traveling,50 w wind sun,ORIENTAL-CE,0,1.0,Red-winged Blackbird,,,
S207440967,S207440967,1,Pamlico,56.0,1.525,,35.051608,Bent Tree Rd,P,-76.677469,wintering,1,2025-01-01,EBIRD_ATL_NC,Traveling,50 w wind sun,ORIENTAL-CE,0,1.0,Ring-billed Gull,,,
S207440967,S207440967,1,Pamlico,56.0,1.525,,35.051608,Bent Tree Rd,P,-76.677469,wintering,1,2025-01-01,EBIRD_ATL_NC,Traveling,50 w wind sun,ORIENTAL-CE,0,1.0,Ruby-crowned Kinglet,,,
S207440967,S207440967,1,Pamlico,56.0,1.525,,35.051608,Bent Tree Rd,P,-76.677469,wintering,1,2025-01-01,EBIRD_ATL_NC,Traveling,50 w wind sun,ORIENTAL-CE,0,1.0,Tufted Titmouse,,,
S207440967,S207440967,1,Pamlico,56.0,1.525,,35.051608,Bent Tree Rd,P,-76.677469,wintering,1,2025-01-01,EBIRD_ATL_NC,Traveling,50 w wind sun,ORIENTAL-CE,0,1.0,Tundra Swan,,,
S207440967,S207440967,1,Pamlico,56.0,1.525,,35.051608,Bent Tree Rd,P,-76.677469,wintering,1,2025-01-01,EBIRD_ATL_NC,Traveling,50 w wind sun,ORIENTAL-CE,0,1.0,White-breasted Nuthatch,,,
S207440967,S207440967,1,Pamlico,56.0,1.525,,35.051608,Bent Tree Rd,P,-76.677469,wintering,1,2025-01-01,EBIRD_ATL_NC,Traveling,50 w wind sun,ORIENTAL-CE,0,1.0,White-throated Sparrow,,,
S207440967,S207440967,1,Pamlico,56.0,1.525,,35.051608,Bent Tree Rd,P,-76.677469,wintering,1,2025-01-01,EBIRD_ATL_NC,Traveling,50 w wind sun,ORIENTAL-CE,0,1.0,Yellow-bellied Sapsucker,,,
S207440967,S207440967,1,Pamlico,56.0,1.525,,35.051608,Bent Tree Rd,P,-76.677469,wintering,1,2025-01-01,EBIRD_ATL_NC,Traveling,50 w wind sun,ORIENTAL-CE,0,1.0,Yellow-rumped Warbler,,,
S207439090,S207439090,1,Pamlico,6.0,0,,35.111686,"703–879 Florence Rd, Bayboro US-NC 35.11169, -76.71254",P,-76.712541,wintering,1,2025-01-01,EBIRD_ATL_NC,Stationary,,ORIENTAL-NW,0,1.0,American Crow,,,
S207439090,S207439090,1,Pamlico,6.0,0,,35.111686,"703–879 Florence Rd, Bayboro US-NC 35.11169, -76.71254",P,-76.712541,wintering,1,2025-01-01,EBIRD_ATL_NC,Stationary,,ORIENTAL-NW,0,1.0,American Pipit,,,Open field on East side
S207439090,S207439090,1,Pamlico,6.0,0,,35.111686,"703–879 Florence Rd, Bayboro US-NC 35.11169, -76.71254",P,-76.712541,wintering,1,2025-01-01,EBIRD_ATL_NC,Stationary,,ORIENTAL-NW,0,1.0,Brown-headed Nuthatch,,,
S207439090,S207439090,1,Pamlico,6.0,0,,35.111686,"703–879 Florence Rd, Bayboro US-NC 35.11169, -76.71254",P,-76.712541,wintering,1,2025-01-01,EBIRD_ATL_NC,Stationary,,ORIENTAL-NW,0,1.0,Carolina Chickadee,,,
S207439090,S207439090,1,Pamlico,6.0,0,,35.111686,"703–879 Florence Rd, Bayboro US-NC 35.11169, -76.71254",P,-76.712541,wintering,1,2025-01-01,EBIRD_ATL_NC,Stationary,,ORIENTAL-NW,0,1.0,Fox Sparrow,,,
S207439090,S207439090,1,Pamlico,6.0,0,,35.111686,"703–879 Florence Rd, Bayboro US-NC 35.11169, -76.71254",P,-76.712541,wintering,1,2025-01-01,EBIRD_ATL_NC,Stationary,,ORIENTAL-NW,0,1.0,Northern Cardinal,,,
S207439090,S207439090,1,Pamlico,6.0,0,,35.111686,"703–879 Florence Rd, Bayboro US-NC 35.11169, -76.71254",P,-76.712541,wintering,1,2025-01-01,EBIRD_ATL_NC,Stationary,,ORIENTAL-NW,0,1.0,Palm Warbler,,,
S207439090,S207439090,1,Pamlico,6.0,0,,35.111686,"703–879 Florence Rd, Bayboro US-NC 35.11169, -76.71254",P,-76.712541,wintering,1,2025-01-01,EBIRD_ATL_NC,Stationary,,ORIENTAL-NW,0,1.0,Song Sparrow,,,
S207439090,S207439090,1,Pamlico,6.0,0,,35.111686,"703–879 Florence Rd, Bayboro US-NC 35.11169, -76.71254",P,-76.712541,wintering,1,2025-01-01,EBIRD_ATL_NC,Stationary,,ORIENTAL-NW,0,1.0,Tundra Swan,,,
S207438964,S207438964,1,Pamlico,20.0,0.126,,35.105489,"Church 171 Florence Rd, Merritt US-NC (35.1055,-76.7149)",P,-76.714911,wintering,1,2025-01-01,EBIRD_ATL_NC,Traveling,,ORIENTAL-NW,0,1.0,American Crow,,,
S207438964,S207438964,1,Pamlico,20.0,0.126,,35.105489,"Church 171 Florence Rd, Merritt US-NC (35.1055,-76.7149)",P,-76.714911,wintering,1,2025-01-01,EBIRD_ATL_NC,Traveling,,ORIENTAL-NW,0,1.0,American Goldfinch,,,
S207438964,S207438964,1,Pamlico,20.0,0.126,,35.105489,"Church 171 Florence Rd, Merritt US-NC (35.1055,-76.7149)",P,-76.714911,wintering,1,2025-01-01,EBIRD_ATL_NC,Traveling,,ORIENTAL-NW,0,1.0,American Robin,,,
S207438964,S207438964,1,Pamlico,20.0,0.126,,35.105489,"Church 171 Florence Rd, Merritt US-NC (35.1055,-76.7149)",P,-76.714911,wintering,1,2025-01-01,EBIRD_ATL_NC,Traveling,,ORIENTAL-NW,0,1.0,Cedar Waxwing,,,
S207438964,S207438964,1,Pamlico,20.0,0.126,,35.105489,"Church 171 Florence Rd, Merritt US-NC (35.1055,-76.7149)",P,-76.714911,wintering,1,2025-01-01,EBIRD_ATL_NC,Traveling,,ORIENTAL-NW,0,1.0,Chipping Sparrow,,,
S207438964,S207438964,1,Pamlico,20.0,0.126,,35.105489,"Church 171 Florence Rd, Merritt US-NC (35.1055,-76.7149)",P,-76.714911,wintering,1,2025-01-01,EBIRD_ATL_NC,Traveling,,ORIENTAL-NW,0,1.0,Common Grackle,,,
S207438964,S207438964,1,Pamlico,20.0,0.126,,35.105489,"Church 171 Florence Rd, Merritt US-NC (35.1055,-76.7149)",P,-76.714911,wintering,1,2025-01-01,EBIRD_ATL_NC,Traveling,,ORIENTAL-NW,0,1.0,Downy Woodpecker,,,
S207438964,S207438964,1,Pamlico,20.0,0.126,,35.105489,"Church 171 Florence Rd, Merritt US-NC (35.1055,-76.7149)",P,-76.714911,wintering,1,2025-01-01,EBIRD_ATL_NC,Traveling,,ORIENTAL-NW,0,1.0,Eastern Phoebe,,,
S207438964,S207438964,1,Pamlico,20.0,0.126,,35.105489,"Church 171 Florence Rd, Merritt US-NC (35.1055,-76.7149)",P,-76.714911,wintering,1,2025-01-01,EBIRD_ATL_NC,Traveling,,ORIENTAL-NW,0,1.0,House Finch,,,
S207438964,S207438964,1,Pamlico,20.0,0.126,,35.105489,"Church 171 Florence Rd, Merritt US-NC (35.1055,-76.7149)",P,-76.714911,wintering,1,2025-01-01,EBIRD_ATL_NC,Traveling,,ORIENTAL-NW,0,1.0,Northern Cardinal,,,
S207438964,S207438964,1,Pamlico,20.0,0.126,,35.105489,"Church 171 Florence Rd, Merritt US-NC (35.1055,-76.7149)",P,-76.714911,wintering,1,2025-01-01,EBIRD_ATL_NC,Traveling,,ORIENTAL-NW,0,1.0,Northern Flicker,,,
S207438964,S207438964,1,Pamlico,20.0,0.126,,35.105489,"Church 171 Florence Rd, Merritt US-NC (35.1055,-76.7149)",P,-76.714911,wintering,1,2025-01-01,EBIRD_ATL_NC,Traveling,,ORIENTAL-NW,0,1.0,Pine Warbler,,,
S207438964,S207438964,1,Pamlico,20.0,0.126,,35.105489,"Church 171 Florence Rd, Merritt US-NC (35.1055,-76.7149)",P,-76.714911,wintering,1,2025-01-01,EBIRD_ATL_NC,Traveling,,ORIENTAL-NW,0,1.0,Red-bellied Woodpecker,,,
S207438964,S207438964,1,Pamlico,20.0,0.126,,35.105489,"Church 171 Florence Rd, Merritt US-NC (35.1055,-76.7149)",P,-76.714911,wintering,1,2025-01-01,EBIRD_ATL_NC,Traveling,,ORIENTAL-NW,0,1.0,Red-headed Woodpecker,,,
S207438964,S207438964,1,Pamlico,20.0,0.126,,35.105489,"Church 171 Florence Rd, Merritt US-NC (35.1055,-76.7149)",P,-76.714911,wintering,1,2025-01-01,EBIRD_ATL_NC,Traveling,,ORIENTAL-NW,0,1.0,Red-winged Blackbird,,,
S207438964,S207438964,1,Pamlico,20.0,0.126,,35.105489,"Church 171 Florence Rd, Merritt US-NC (35.1055,-76.7149)",P,-76.714911,wintering,1,2025-01-01,EBIRD_ATL_NC,Traveling,,ORIENTAL-NW,0,1.0,Ruby-crowned Kinglet,,,
S207438964,S207438964,1,Pamlico,20.0,0.126,,35.105489,"Church 171 Florence Rd, Merritt US-NC (35.1055,-76.7149)",P,-76.714911,wintering,1,2025-01-01,EBIRD_ATL_NC,Traveling,,ORIENTAL-NW,0,1.0,Savannah Sparrow,,,
S207438964,S207438964,1,Pamlico,20.0,0.126,,35.105489,"Church 171 Florence Rd, Merritt US-NC (35.1055,-76.7149)",P,-76.714911,wintering,1,2025-01-01,EBIRD_ATL_NC,Traveling,,ORIENTAL-NW,0,1.0,Song Sparrow,,,
S207438964,S207438964,1,Pamlico,20.0,0.126,,35.105489,"Church 171 Florence Rd, Merritt US-NC (35.1055,-76.7149)",P,-76.714911,wintering,1,2025-01-01,EBIRD_ATL_NC,Traveling,,ORIENTAL-NW,0,1.0,Vesper Sparrow,,,
S207438964,S207438964,1,Pamlico,20.0,0.126,,35.105489,"Church 171 Florence Rd, Merritt US-NC (35.1055,-76.7149)",P,-76.714911,wintering,1,2025-01-01,EBIRD_ATL_NC,Traveling,,ORIENTAL-NW,0,1.0,White-throated Sparrow,,,
S207438964,S207438964,1,Pamlico,20.0,0.126,,35.105489,"Church 171 Florence Rd, Merritt US-NC (35.1055,-76.7149)",P,-76.714911,wintering,1,2025-01-01,EBIRD_ATL_NC,Traveling,,ORIENTAL-NW,0,1.0,Yellow-rumped Warbler,,,
S207452590,S207452590,1,Pamlico,14.0,0.675,,35.125151,"1101–1797 Silverthorne Rd, Merritt US-NC 35.12515, -76.63190",P,-76.631895,wintering,1,2025-01-01,EBIRD_ATL_NC,Traveling,,VANDEMERE-SE,1,1.0,American Crow,,,
S207452590,S207452590,1,Pamlico,14.0,0.675,,35.125151,"1101–1797 Silverthorne Rd, Merritt US-NC 35.12515, -76.63190",P,-76.631895,wintering,1,2025-01-01,EBIRD_ATL_NC,Traveling,,VANDEMERE-SE,1,1.0,Bald Eagle,,,
S207452590,S207452590,1,Pamlico,14.0,0.675,,35.125151,"1101–1797 Silverthorne Rd, Merritt US-NC 35.12515, -76.63190",P,-76.631895,wintering,1,2025-01-01,EBIRD_ATL_NC,Traveling,,VANDEMERE-SE,1,1.0,Common Grackle,,,
S207452590,S207452590,1,Pamlico,14.0,0.675,,35.125151,"1101–1797 Silverthorne Rd, Merritt US-NC 35.12515, -76.63190",P,-76.631895,wintering,1,2025-01-01,EBIRD_ATL_NC,Traveling,,VANDEMERE-SE,1,1.0,Greater Yellowlegs,,,
S207452590,S207452590,1,Pamlico,14.0,0.675,,35.125151,"1101–1797 Silverthorne Rd, Merritt US-NC 35.12515, -76.63190",P,-76.631895,wintering,1,2025-01-01,EBIRD_ATL_NC,Traveling,,VANDEMERE-SE,1,1.0,Merlin,,,
S207452590,S207452590,1,Pamlico,14.0,0.675,,35.125151,"1101–1797 Silverthorne Rd, Merritt US-NC 35.12515, -76.63190",P,-76.631895,wintering,1,2025-01-01,EBIRD_ATL_NC,Traveling,,VANDEMERE-SE,1,1.0,Northern Harrier,,,2F 1M
S207452590,S207452590,1,Pamlico,14.0,0.675,,35.125151,"1101–1797 Silverthorne Rd, Merritt US-NC 35.12515, -76.63190",P,-76.631895,wintering,1,2025-01-01,EBIRD_ATL_NC,Traveling,,VANDEMERE-SE,1,1.0,Tree Swallow,,,
S207452590,S207452590,1,Pamlico,14.0,0.675,,35.125151,"1101–1797 Silverthorne Rd, Merritt US-NC 35.12515, -76.63190",P,-76.631895,wintering,1,2025-01-01,EBIRD_ATL_NC,Traveling,,VANDEMERE-SE,1,1.0,Tundra Swan,,,
S207452590,S207452590,1,Pamlico,14.0,0.675,,35.125151,"1101–1797 Silverthorne Rd, Merritt US-NC 35.12515, -76.63190",P,-76.631895,wintering,1,2025-01-01,EBIRD_ATL_NC,Traveling,,VANDEMERE-SE,1,1.0,Turkey Vulture,,,
S207441066,S207441066,1,Pamlico,8.0,0.448,,35.133708,"484 Weaver Camp Rd, Bayboro US-NC (35.1337,-76.7058)",P,-76.705759,wintering,1,2025-01-01,EBIRD_ATL_NC,Traveling,,VANDEMERE-SW,0,1.0,American Crow,,,
S207441066,S207441066,1,Pamlico,8.0,0.448,,35.133708,"484 Weaver Camp Rd, Bayboro US-NC (35.1337,-76.7058)",P,-76.705759,wintering,1,2025-01-01,EBIRD_ATL_NC,Traveling,,VANDEMERE-SW,0,1.0,Blue-gray Gnatcatcher,,,
S207441066,S207441066,1,Pamlico,8.0,0.448,,35.133708,"484 Weaver Camp Rd, Bayboro US-NC (35.1337,-76.7058)",P,-76.705759,wintering,1,2025-01-01,EBIRD_ATL_NC,Traveling,,VANDEMERE-SW,0,1.0,Killdeer,,,
S207441066,S207441066,1,Pamlico,8.0,0.448,,35.133708,"484 Weaver Camp Rd, Bayboro US-NC (35.1337,-76.7058)",P,-76.705759,wintering,1,2025-01-01,EBIRD_ATL_NC,Traveling,,VANDEMERE-SW,0,1.0,Mourning Dove,,,
S207441066,S207441066,1,Pamlico,8.0,0.448,,35.133708,"484 Weaver Camp Rd, Bayboro US-NC (35.1337,-76.7058)",P,-76.705759,wintering,1,2025-01-01,EBIRD_ATL_NC,Traveling,,VANDEMERE-SW,0,1.0,Yellow-rumped Warbler,,,
S207490175,S207490175,1,Pender,10.0,0,,34.381608,"Back yard 108 OldePointeRd Hampstead, NC",P,-77.674285,wintering,1,2025-01-01,EBIRD_ATL_NC,Stationary,,TOPSAIL-SE,1,1.0,American Crow,,,
S207490175,S207490175,1,Pender,10.0,0,,34.381608,"Back yard 108 OldePointeRd Hampstead, NC",P,-77.674285,wintering,1,2025-01-01,EBIRD_ATL_NC,Stationary,,TOPSAIL-SE,1,1.0,Cedar Waxwing,,,
S207490175,S207490175,1,Pender,10.0,0,,34.381608,"Back yard 108 OldePointeRd Hampstead, NC",P,-77.674285,wintering,1,2025-01-01,EBIRD_ATL_NC,Stationary,,TOPSAIL-SE,1,1.0,Eastern Bluebird,,,
S207490175,S207490175,1,Pender,10.0,0,,34.381608,"Back yard 108 OldePointeRd Hampstead, NC",P,-77.674285,wintering,1,2025-01-01,EBIRD_ATL_NC,Stationary,,TOPSAIL-SE,1,1.0,Red-bellied Woodpecker,,,
S207490175,S207490175,1,Pender,10.0,0,,34.381608,"Back yard 108 OldePointeRd Hampstead, NC",P,-77.674285,wintering,1,2025-01-01,EBIRD_ATL_NC,Stationary,,TOPSAIL-SE,1,1.0,Turkey Vulture,,,
S207530651,S207530651,1,Pender,12.0,0,,34.564721,Whitehall Plantation Game Land--Long Ridge Tract,H,-78.190166,wintering,1,2025-01-01,EBIRD_ATL_NC,Stationary,,ATKINSON-CW,0,1.0,American Crow,,,
S207530651,S207530651,1,Pender,12.0,0,,34.564721,Whitehall Plantation Game Land--Long Ridge Tract,H,-78.190166,wintering,1,2025-01-01,EBIRD_ATL_NC,Stationary,,ATKINSON-CW,0,1.0,American Robin,,,
S207530651,S207530651,1,Pender,12.0,0,,34.564721,Whitehall Plantation Game Land--Long Ridge Tract,H,-78.190166,wintering,1,2025-01-01,EBIRD_ATL_NC,Stationary,,ATKINSON-CW,0,1.0,Blue Jay,,,
S207530651,S207530651,1,Pender,12.0,0,,34.564721,Whitehall Plantation Game Land--Long Ridge Tract,H,-78.190166,wintering,1,2025-01-01,EBIRD_ATL_NC,Stationary,,ATKINSON-CW,0,1.0,Brown-headed Nuthatch,,,
S207530651,S207530651,1,Pender,12.0,0,,34.564721,Whitehall Plantation Game Land--Long Ridge Tract,H,-78.190166,wintering,1,2025-01-01,EBIRD_ATL_NC,Stationary,,ATKINSON-CW,0,1.0,Cedar Waxwing,,,
S207530651,S207530651,1,Pender,12.0,0,,34.564721,Whitehall Plantation Game Land--Long Ridge Tract,H,-78.190166,wintering,1,2025-01-01,EBIRD_ATL_NC,Stationary,,ATKINSON-CW,0,1.0,Downy Woodpecker,,,
S207530651,S207530651,1,Pender,12.0,0,,34.564721,Whitehall Plantation Game Land--Long Ridge Tract,H,-78.190166,wintering,1,2025-01-01,EBIRD_ATL_NC,Stationary,,ATKINSON-CW,0,1.0,Eastern Phoebe,,,
S207530651,S207530651,1,Pender,12.0,0,,34.564721,Whitehall Plantation Game Land--Long Ridge Tract,H,-78.190166,wintering,1,2025-01-01,EBIRD_ATL_NC,Stationary,,ATKINSON-CW,0,1.0,Northern House Wren,,,
S207530651,S207530651,1,Pender,12.0,0,,34.564721,Whitehall Plantation Game Land--Long Ridge Tract,H,-78.190166,wintering,1,2025-01-01,EBIRD_ATL_NC,Stationary,,ATKINSON-CW,0,1.0,Red-bellied Woodpecker,,,
S207530651,S207530651,1,Pender,12.0,0,,34.564721,Whitehall Plantation Game Land--Long Ridge Tract,H,-78.190166,wintering,1,2025-01-01,EBIRD_ATL_NC,Stationary,,ATKINSON-CW,0,1.0,Ruby-crowned Kinglet,,,
S207461689,S207461689,1,Pitt,9.0,0,G13697106,35.707366,"4519 NC-11 S, Bethel US-NC 35.70737, -77.36697",P,-77.366971,wintering,2,2025-01-01,EBIRD_ATL_NC,Stationary,,GREENVILLE_NE-CW,0,1.0,American Crow,,,Pestering RTHA
S207461689,S207461689,1,Pitt,9.0,0,G13697106,35.707366,"4519 NC-11 S, Bethel US-NC 35.70737, -77.36697",P,-77.366971,wintering,2,2025-01-01,EBIRD_ATL_NC,Stationary,,GREENVILLE_NE-CW,0,1.0,Canada Goose,,,
S207461689,S207461689,1,Pitt,9.0,0,G13697106,35.707366,"4519 NC-11 S, Bethel US-NC 35.70737, -77.36697",P,-77.366971,wintering,2,2025-01-01,EBIRD_ATL_NC,Stationary,,GREENVILLE_NE-CW,0,1.0,European Starling,,,
S207461689,S207461689,1,Pitt,9.0,0,G13697106,35.707366,"4519 NC-11 S, Bethel US-NC 35.70737, -77.36697",P,-77.366971,wintering,2,2025-01-01,EBIRD_ATL_NC,Stationary,,GREENVILLE_NE-CW,0,1.0,Killdeer,,,5x5
S207461689,S207461689,1,Pitt,9.0,0,G13697106,35.707366,"4519 NC-11 S, Bethel US-NC 35.70737, -77.36697",P,-77.366971,wintering,2,2025-01-01,EBIRD_ATL_NC,Stationary,,GREENVILLE_NE-CW,0,1.0,Northern Mockingbird,,,
S207461689,S207461689,1,Pitt,9.0,0,G13697106,35.707366,"4519 NC-11 S, Bethel US-NC 35.70737, -77.36697",P,-77.366971,wintering,2,2025-01-01,EBIRD_ATL_NC,Stationary,,GREENVILLE_NE-CW,0,1.0,Red-tailed Hawk,,,
S207461689,S207461689,1,Pitt,9.0,0,G13697106,35.707366,"4519 NC-11 S, Bethel US-NC 35.70737, -77.36697",P,-77.366971,wintering,2,2025-01-01,EBIRD_ATL_NC,Stationary,,GREENVILLE_NE-CW,0,1.0,Turkey Vulture,,,
S207456309,S207456309,1,Pitt,24.0,0,G13683358,35.673616,"2778–3098 Jones-Staton Rd, Greenville US-NC (35.6736,-77.3707)",P,-77.370722,wintering,2,2025-01-01,EBIRD_ATL_NC,Stationary,,GREENVILLE_NE-CW,0,1.0,American Crow,,,5x5
S207456309,S207456309,1,Pitt,24.0,0,G13683358,35.673616,"2778–3098 Jones-Staton Rd, Greenville US-NC (35.6736,-77.3707)",P,-77.370722,wintering,2,2025-01-01,EBIRD_ATL_NC,Stationary,,GREENVILLE_NE-CW,0,1.0,Black Vulture,,,
S207456309,S207456309,1,Pitt,24.0,0,G13683358,35.673616,"2778–3098 Jones-Staton Rd, Greenville US-NC (35.6736,-77.3707)",P,-77.370722,wintering,2,2025-01-01,EBIRD_ATL_NC,Stationary,,GREENVILLE_NE-CW,0,1.0,Blue Jay,,,
S207456309,S207456309,1,Pitt,24.0,0,G13683358,35.673616,"2778–3098 Jones-Staton Rd, Greenville US-NC (35.6736,-77.3707)",P,-77.370722,wintering,2,2025-01-01,EBIRD_ATL_NC,Stationary,,GREENVILLE_NE-CW,0,1.0,Brown-headed Nuthatch,,,
S207456309,S207456309,1,Pitt,24.0,0,G13683358,35.673616,"2778–3098 Jones-Staton Rd, Greenville US-NC (35.6736,-77.3707)",P,-77.370722,wintering,2,2025-01-01,EBIRD_ATL_NC,Stationary,,GREENVILLE_NE-CW,0,1.0,Eastern Meadowlark,,,
S207456309,S207456309,1,Pitt,24.0,0,G13683358,35.673616,"2778–3098 Jones-Staton Rd, Greenville US-NC (35.6736,-77.3707)",P,-77.370722,wintering,2,2025-01-01,EBIRD_ATL_NC,Stationary,,GREENVILLE_NE-CW,0,1.0,Eastern Phoebe,,,
S207456309,S207456309,1,Pitt,24.0,0,G13683358,35.673616,"2778–3098 Jones-Staton Rd, Greenville US-NC (35.6736,-77.3707)",P,-77.370722,wintering,2,2025-01-01,EBIRD_ATL_NC,Stationary,,GREENVILLE_NE-CW,0,1.0,European Starling,,,10x10
S207456309,S207456309,1,Pitt,24.0,0,G13683358,35.673616,"2778–3098 Jones-Staton Rd, Greenville US-NC (35.6736,-77.3707)",P,-77.370722,wintering,2,2025-01-01,EBIRD_ATL_NC,Stationary,,GREENVILLE_NE-CW,0,1.0,Fish Crow,,,
S207456309,S207456309,1,Pitt,24.0,0,G13683358,35.673616,"2778–3098 Jones-Staton Rd, Greenville US-NC (35.6736,-77.3707)",P,-77.370722,wintering,2,2025-01-01,EBIRD_ATL_NC,Stationary,,GREENVILLE_NE-CW,0,1.0,Northern Cardinal,,,
S207456309,S207456309,1,Pitt,24.0,0,G13683358,35.673616,"2778–3098 Jones-Staton Rd, Greenville US-NC (35.6736,-77.3707)",P,-77.370722,wintering,2,2025-01-01,EBIRD_ATL_NC,Stationary,,GREENVILLE_NE-CW,0,1.0,Northern Flicker,,,
S207456309,S207456309,1,Pitt,24.0,0,G13683358,35.673616,"2778–3098 Jones-Staton Rd, Greenville US-NC (35.6736,-77.3707)",P,-77.370722,wintering,2,2025-01-01,EBIRD_ATL_NC,Stationary,,GREENVILLE_NE-CW,0,1.0,Northern Mockingbird,,,
S207456309,S207456309,1,Pitt,24.0,0,G13683358,35.673616,"2778–3098 Jones-Staton Rd, Greenville US-NC (35.6736,-77.3707)",P,-77.370722,wintering,2,2025-01-01,EBIRD_ATL_NC,Stationary,,GREENVILLE_NE-CW,0,1.0,Sharp-shinned Hawk,,,Have photos.
S207456309,S207456309,1,Pitt,24.0,0,G13683358,35.673616,"2778–3098 Jones-Staton Rd, Greenville US-NC (35.6736,-77.3707)",P,-77.370722,wintering,2,2025-01-01,EBIRD_ATL_NC,Stationary,,GREENVILLE_NE-CW,0,1.0,Turkey Vulture,,,
S207474345,S207474345,1,Pitt,24.0,0,G13683358,35.673616,"2778–3098 Jones-Staton Rd, Greenville US-NC (35.6736,-77.3707)",P,-77.370722,wintering,2,2025-01-01,EBIRD_ATL_NC,Stationary,,GREENVILLE_NE-CW,0,1.0,American Crow,,,5x5
S207474345,S207474345,1,Pitt,24.0,0,G13683358,35.673616,"2778–3098 Jones-Staton Rd, Greenville US-NC (35.6736,-77.3707)",P,-77.370722,wintering,2,2025-01-01,EBIRD_ATL_NC,Stationary,,GREENVILLE_NE-CW,0,1.0,Black Vulture,,,
S207474345,S207474345,1,Pitt,24.0,0,G13683358,35.673616,"2778–3098 Jones-Staton Rd, Greenville US-NC (35.6736,-77.3707)",P,-77.370722,wintering,2,2025-01-01,EBIRD_ATL_NC,Stationary,,GREENVILLE_NE-CW,0,1.0,Blue Jay,,,
S207474345,S207474345,1,Pitt,24.0,0,G13683358,35.673616,"2778–3098 Jones-Staton Rd, Greenville US-NC (35.6736,-77.3707)",P,-77.370722,wintering,2,2025-01-01,EBIRD_ATL_NC,Stationary,,GREENVILLE_NE-CW,0,1.0,Brown-headed Nuthatch,,,
S207474345,S207474345,1,Pitt,24.0,0,G13683358,35.673616,"2778–3098 Jones-Staton Rd, Greenville US-NC (35.6736,-77.3707)",P,-77.370722,wintering,2,2025-01-01,EBIRD_ATL_NC,Stationary,,GREENVILLE_NE-CW,0,1.0,Eastern Meadowlark,,,
S207474345,S207474345,1,Pitt,24.0,0,G13683358,35.673616,"2778–3098 Jones-Staton Rd, Greenville US-NC (35.6736,-77.3707)",P,-77.370722,wintering,2,2025-01-01,EBIRD_ATL_NC,Stationary,,GREENVILLE_NE-CW,0,1.0,Eastern Phoebe,,,
S207474345,S207474345,1,Pitt,24.0,0,G13683358,35.673616,"2778–3098 Jones-Staton Rd, Greenville US-NC (35.6736,-77.3707)",P,-77.370722,wintering,2,2025-01-01,EBIRD_ATL_NC,Stationary,,GREENVILLE_NE-CW,0,1.0,European Starling,,,10x10
S207474345,S207474345,1,Pitt,24.0,0,G13683358,35.673616,"2778–3098 Jones-Staton Rd, Greenville US-NC (35.6736,-77.3707)",P,-77.370722,wintering,2,2025-01-01,EBIRD_ATL_NC,Stationary,,GREENVILLE_NE-CW,0,1.0,Fish Crow,,,
S207474345,S207474345,1,Pitt,24.0,0,G13683358,35.673616,"2778–3098 Jones-Staton Rd, Greenville US-NC (35.6736,-77.3707)",P,-77.370722,wintering,2,2025-01-01,EBIRD_ATL_NC,Stationary,,GREENVILLE_NE-CW,0,1.0,Northern Cardinal,,,
S207474345,S207474345,1,Pitt,24.0,0,G13683358,35.673616,"2778–3098 Jones-Staton Rd, Greenville US-NC (35.6736,-77.3707)",P,-77.370722,wintering,2,2025-01-01,EBIRD_ATL_NC,Stationary,,GREENVILLE_NE-CW,0,1.0,Northern Flicker,,,
S207474345,S207474345,1,Pitt,24.0,0,G13683358,35.673616,"2778–3098 Jones-Staton Rd, Greenville US-NC (35.6736,-77.3707)",P,-77.370722,wintering,2,2025-01-01,EBIRD_ATL_NC,Stationary,,GREENVILLE_NE-CW,0,1.0,Northern Mockingbird,,,
S207474345,S207474345,1,Pitt,24.0,0,G13683358,35.673616,"2778–3098 Jones-Staton Rd, Greenville US-NC (35.6736,-77.3707)",P,-77.370722,wintering,2,2025-01-01,EBIRD_ATL_NC,Stationary,,GREENVILLE_NE-CW,0,1.0,Sharp-shinned Hawk,,,Have photos.
S207474345,S207474345,1,Pitt,24.0,0,G13683358,35.673616,"2778–3098 Jones-Staton Rd, Greenville US-NC (35.6736,-77.3707)",P,-77.370722,wintering,2,2025-01-01,EBIRD_ATL_NC,Stationary,,GREENVILLE_NE-CW,0,1.0,Turkey Vulture,,,
S207470983,S207470983,0,Pitt,0,0,G13683359,35.68598,"5519–5633 Whichard Rd, Stokes US-NC 35.68598, -77.34024",P,-77.340238,wintering,2,2025-01-01,EBIRD_ATL_NC,Incidental,,GREENVILLE_NE-CW,0,1.0,American Crow,,,
S207470983,S207470983,0,Pitt,0,0,G13683359,35.68598,"5519–5633 Whichard Rd, Stokes US-NC 35.68598, -77.34024",P,-77.340238,wintering,2,2025-01-01,EBIRD_ATL_NC,Incidental,,GREENVILLE_NE-CW,0,1.0,American Kestrel,,,
S207470983,S207470983,0,Pitt,0,0,G13683359,35.68598,"5519–5633 Whichard Rd, Stokes US-NC 35.68598, -77.34024",P,-77.340238,wintering,2,2025-01-01,EBIRD_ATL_NC,Incidental,,GREENVILLE_NE-CW,0,1.0,Chipping Sparrow,,,
S207470983,S207470983,0,Pitt,0,0,G13683359,35.68598,"5519–5633 Whichard Rd, Stokes US-NC 35.68598, -77.34024",P,-77.340238,wintering,2,2025-01-01,EBIRD_ATL_NC,Incidental,,GREENVILLE_NE-CW,0,1.0,Red-bellied Woodpecker,,,
S207470983,S207470983,0,Pitt,0,0,G13683359,35.68598,"5519–5633 Whichard Rd, Stokes US-NC 35.68598, -77.34024",P,-77.340238,wintering,2,2025-01-01,EBIRD_ATL_NC,Incidental,,GREENVILLE_NE-CW,0,1.0,Turkey Vulture,,,
S207474351,S207474351,0,Pitt,0,0,G13683359,35.68598,"5519–5633 Whichard Rd, Stokes US-NC 35.68598, -77.34024",P,-77.340238,wintering,2,2025-01-01,EBIRD_ATL_NC,Incidental,,GREENVILLE_NE-CW,0,1.0,American Crow,,,
S207474351,S207474351,0,Pitt,0,0,G13683359,35.68598,"5519–5633 Whichard Rd, Stokes US-NC 35.68598, -77.34024",P,-77.340238,wintering,2,2025-01-01,EBIRD_ATL_NC,Incidental,,GREENVILLE_NE-CW,0,1.0,American Kestrel,,,
S207474351,S207474351,0,Pitt,0,0,G13683359,35.68598,"5519–5633 Whichard Rd, Stokes US-NC 35.68598, -77.34024",P,-77.340238,wintering,2,2025-01-01,EBIRD_ATL_NC,Incidental,,GREENVILLE_NE-CW,0,1.0,Chipping Sparrow,,,
S207474351,S207474351,0,Pitt,0,0,G13683359,35.68598,"5519–5633 Whichard Rd, Stokes US-NC 35.68598, -77.34024",P,-77.340238,wintering,2,2025-01-01,EBIRD_ATL_NC,Incidental,,GREENVILLE_NE-CW,0,1.0,Red-bellied Woodpecker,,,
S207474351,S207474351,0,Pitt,0,0,G13683359,35.68598,"5519–5633 Whichard Rd, Stokes US-NC 35.68598, -77.34024",P,-77.340238,wintering,2,2025-01-01,EBIRD_ATL_NC,Incidental,,GREENVILLE_NE-CW,0,1.0,Turkey Vulture,,,
S207630854,S207630854,1,Pitt,9.0,0,G13697106,35.707366,"4519 NC-11 S, Bethel US-NC 35.70737, -77.36697",P,-77.366971,wintering,2,2025-01-01,EBIRD_ATL_NC,Stationary,,GREENVILLE_NE-CW,0,1.0,American Crow,,,Pestering RTHA
S207630854,S207630854,1,Pitt,9.0,0,G13697106,35.707366,"4519 NC-11 S, Bethel US-NC 35.70737, -77.36697",P,-77.366971,wintering,2,2025-01-01,EBIRD_ATL_NC,Stationary,,GREENVILLE_NE-CW,0,1.0,Canada Goose,,,
S207630854,S207630854,1,Pitt,9.0,0,G13697106,35.707366,"4519 NC-11 S, Bethel US-NC 35.70737, -77.36697",P,-77.366971,wintering,2,2025-01-01,EBIRD_ATL_NC,Stationary,,GREENVILLE_NE-CW,0,1.0,European Starling,,,
S207630854,S207630854,1,Pitt,9.0,0,G13697106,35.707366,"4519 NC-11 S, Bethel US-NC 35.70737, -77.36697",P,-77.366971,wintering,2,2025-01-01,EBIRD_ATL_NC,Stationary,,GREENVILLE_NE-CW,0,1.0,Killdeer,,,5x5
S207630854,S207630854,1,Pitt,9.0,0,G13697106,35.707366,"4519 NC-11 S, Bethel US-NC 35.70737, -77.36697",P,-77.366971,wintering,2,2025-01-01,EBIRD_ATL_NC,Stationary,,GREENVILLE_NE-CW,0,1.0,Northern Mockingbird,,,
S207630854,S207630854,1,Pitt,9.0,0,G13697106,35.707366,"4519 NC-11 S, Bethel US-NC 35.70737, -77.36697",P,-77.366971,wintering,2,2025-01-01,EBIRD_ATL_NC,Stationary,,GREENVILLE_NE-CW,0,1.0,Red-tailed Hawk,,,
S207630854,S207630854,1,Pitt,9.0,0,G13697106,35.707366,"4519 NC-11 S, Bethel US-NC 35.70737, -77.36697",P,-77.366971,wintering,2,2025-01-01,EBIRD_ATL_NC,Stationary,,GREENVILLE_NE-CW,0,1.0,Turkey Vulture,,,
S207507072,S207507072,1,Randolph,5.0,0,,35.8135723,"4260 Old High Point Street, Randleman, North Carolina, US (35.814, -79.836)",P,-79.836301,wintering,1,2025-01-01,EBIRD_ATL_NC,Stationary,,RANDLEMAN-CW,0,1.0,American Crow,,,
S207507072,S207507072,1,Randolph,5.0,0,,35.8135723,"4260 Old High Point Street, Randleman, North Carolina, US (35.814, -79.836)",P,-79.836301,wintering,1,2025-01-01,EBIRD_ATL_NC,Stationary,,RANDLEMAN-CW,0,1.0,Black Vulture,,,
S207507072,S207507072,1,Randolph,5.0,0,,35.8135723,"4260 Old High Point Street, Randleman, North Carolina, US (35.814, -79.836)",P,-79.836301,wintering,1,2025-01-01,EBIRD_ATL_NC,Stationary,,RANDLEMAN-CW,0,1.0,Blue Jay,,,
S207507072,S207507072,1,Randolph,5.0,0,,35.8135723,"4260 Old High Point Street, Randleman, North Carolina, US (35.814, -79.836)",P,-79.836301,wintering,1,2025-01-01,EBIRD_ATL_NC,Stationary,,RANDLEMAN-CW,0,1.0,Carolina Chickadee,,,
S207507072,S207507072,1,Randolph,5.0,0,,35.8135723,"4260 Old High Point Street, Randleman, North Carolina, US (35.814, -79.836)",P,-79.836301,wintering,1,2025-01-01,EBIRD_ATL_NC,Stationary,,RANDLEMAN-CW,0,1.0,Carolina Wren,,,
S207507072,S207507072,1,Randolph,5.0,0,,35.8135723,"4260 Old High Point Street, Randleman, North Carolina, US (35.814, -79.836)",P,-79.836301,wintering,1,2025-01-01,EBIRD_ATL_NC,Stationary,,RANDLEMAN-CW,0,1.0,Dark-eyed Junco,,,
S207507072,S207507072,1,Randolph,5.0,0,,35.8135723,"4260 Old High Point Street, Randleman, North Carolina, US (35.814, -79.836)",P,-79.836301,wintering,1,2025-01-01,EBIRD_ATL_NC,Stationary,,RANDLEMAN-CW,0,1.0,Eastern Bluebird,,,
S207507072,S207507072,1,Randolph,5.0,0,,35.8135723,"4260 Old High Point Street, Randleman, North Carolina, US (35.814, -79.836)",P,-79.836301,wintering,1,2025-01-01,EBIRD_ATL_NC,Stationary,,RANDLEMAN-CW,0,1.0,House Finch,,,
S207507072,S207507072,1,Randolph,5.0,0,,35.8135723,"4260 Old High Point Street, Randleman, North Carolina, US (35.814, -79.836)",P,-79.836301,wintering,1,2025-01-01,EBIRD_ATL_NC,Stationary,,RANDLEMAN-CW,0,1.0,House Sparrow,,,
S207507072,S207507072,1,Randolph,5.0,0,,35.8135723,"4260 Old High Point Street, Randleman, North Carolina, US (35.814, -79.836)",P,-79.836301,wintering,1,2025-01-01,EBIRD_ATL_NC,Stationary,,RANDLEMAN-CW,0,1.0,Mourning Dove,,,
S207507072,S207507072,1,Randolph,5.0,0,,35.8135723,"4260 Old High Point Street, Randleman, North Carolina, US (35.814, -79.836)",P,-79.836301,wintering,1,2025-01-01,EBIRD_ATL_NC,Stationary,,RANDLEMAN-CW,0,1.0,Northern Cardinal,,,
S207507072,S207507072,1,Randolph,5.0,0,,35.8135723,"4260 Old High Point Street, Randleman, North Carolina, US (35.814, -79.836)",P,-79.836301,wintering,1,2025-01-01,EBIRD_ATL_NC,Stationary,,RANDLEMAN-CW,0,1.0,Northern Mockingbird,,,
S207507072,S207507072,1,Randolph,5.0,0,,35.8135723,"4260 Old High Point Street, Randleman, North Carolina, US (35.814, -79.836)",P,-79.836301,wintering,1,2025-01-01,EBIRD_ATL_NC,Stationary,,RANDLEMAN-CW,0,1.0,Tufted Titmouse,,,
S207507072,S207507072,1,Randolph,5.0,0,,35.8135723,"4260 Old High Point Street, Randleman, North Carolina, US (35.814, -79.836)",P,-79.836301,wintering,1,2025-01-01,EBIRD_ATL_NC,Stationary,,RANDLEMAN-CW,0,1.0,Turkey Vulture,,,
S207749483,S207749483,1,Richmond,58.0,1.291,G13685558,34.886118,"28345, Hamlet US-NC 34.88612, -79.63314",P,-79.633143,wintering,2,2025-01-01,EBIRD_ATL_NC,Traveling,,HAMLET-SE,1,1.0,American Crow,,,
S207749483,S207749483,1,Richmond,58.0,1.291,G13685558,34.886118,"28345, Hamlet US-NC 34.88612, -79.63314",P,-79.633143,wintering,2,2025-01-01,EBIRD_ATL_NC,Traveling,,HAMLET-SE,1,1.0,Carolina Chickadee,,,
S207749483,S207749483,1,Richmond,58.0,1.291,G13685558,34.886118,"28345, Hamlet US-NC 34.88612, -79.63314",P,-79.633143,wintering,2,2025-01-01,EBIRD_ATL_NC,Traveling,,HAMLET-SE,1,1.0,Chipping Sparrow,,,
S207749483,S207749483,1,Richmond,58.0,1.291,G13685558,34.886118,"28345, Hamlet US-NC 34.88612, -79.63314",P,-79.633143,wintering,2,2025-01-01,EBIRD_ATL_NC,Traveling,,HAMLET-SE,1,1.0,Dark-eyed Junco,,,
S207749483,S207749483,1,Richmond,58.0,1.291,G13685558,34.886118,"28345, Hamlet US-NC 34.88612, -79.63314",P,-79.633143,wintering,2,2025-01-01,EBIRD_ATL_NC,Traveling,,HAMLET-SE,1,1.0,Pileated Woodpecker,,,
S207749483,S207749483,1,Richmond,58.0,1.291,G13685558,34.886118,"28345, Hamlet US-NC 34.88612, -79.63314",P,-79.633143,wintering,2,2025-01-01,EBIRD_ATL_NC,Traveling,,HAMLET-SE,1,1.0,Pine Warbler,,,
S207749483,S207749483,1,Richmond,58.0,1.291,G13685558,34.886118,"28345, Hamlet US-NC 34.88612, -79.63314",P,-79.633143,wintering,2,2025-01-01,EBIRD_ATL_NC,Traveling,,HAMLET-SE,1,1.0,Red-breasted Nuthatch,,,
S207749483,S207749483,1,Richmond,58.0,1.291,G13685558,34.886118,"28345, Hamlet US-NC 34.88612, -79.63314",P,-79.633143,wintering,2,2025-01-01,EBIRD_ATL_NC,Traveling,,HAMLET-SE,1,1.0,Red-bellied Woodpecker,,,
S207749483,S207749483,1,Richmond,58.0,1.291,G13685558,34.886118,"28345, Hamlet US-NC 34.88612, -79.63314",P,-79.633143,wintering,2,2025-01-01,EBIRD_ATL_NC,Traveling,,HAMLET-SE,1,1.0,Turkey Vulture,,,
S207468214,S207468214,1,Richmond,22.0,0.121,,35.15749,"235 Gallimore Rd, Ellerbe US-NC 35.15749, -79.66768",P,-79.667679,wintering,2,2025-01-01,EBIRD_ATL_NC,Traveling,,NORMAN-SE,1,1,American Crow,,,
S207468214,S207468214,1,Richmond,22.0,0.121,,35.15749,"235 Gallimore Rd, Ellerbe US-NC 35.15749, -79.66768",P,-79.667679,wintering,2,2025-01-01,EBIRD_ATL_NC,Traveling,,NORMAN-SE,1,1,American Robin,,,
S207468214,S207468214,1,Richmond,22.0,0.121,,35.15749,"235 Gallimore Rd, Ellerbe US-NC 35.15749, -79.66768",P,-79.667679,wintering,2,2025-01-01,EBIRD_ATL_NC,Traveling,,NORMAN-SE,1,1,Black Vulture,,,
S207468214,S207468214,1,Richmond,22.0,0.121,,35.15749,"235 Gallimore Rd, Ellerbe US-NC 35.15749, -79.66768",P,-79.667679,wintering,2,2025-01-01,EBIRD_ATL_NC,Traveling,,NORMAN-SE,1,1,Blue Jay,,,
S207468214,S207468214,1,Richmond,22.0,0.121,,35.15749,"235 Gallimore Rd, Ellerbe US-NC 35.15749, -79.66768",P,-79.667679,wintering,2,2025-01-01,EBIRD_ATL_NC,Traveling,,NORMAN-SE,1,1,Pileated Woodpecker,,,
S207468214,S207468214,1,Richmond,22.0,0.121,,35.15749,"235 Gallimore Rd, Ellerbe US-NC 35.15749, -79.66768",P,-79.667679,wintering,2,2025-01-01,EBIRD_ATL_NC,Traveling,,NORMAN-SE,1,1,Red-winged Blackbird,,,
S207468214,S207468214,1,Richmond,22.0,0.121,,35.15749,"235 Gallimore Rd, Ellerbe US-NC 35.15749, -79.66768",P,-79.667679,wintering,2,2025-01-01,EBIRD_ATL_NC,Traveling,,NORMAN-SE,1,1,Ruby-crowned Kinglet,,,
S207468214,S207468214,1,Richmond,22.0,0.121,,35.15749,"235 Gallimore Rd, Ellerbe US-NC 35.15749, -79.66768",P,-79.667679,wintering,2,2025-01-01,EBIRD_ATL_NC,Traveling,,NORMAN-SE,1,1,Song Sparrow,,,
S207493134,S207493134,1,Richmond,58.0,1.291,G13685558,34.886118,"28345, Hamlet US-NC 34.88612, -79.63314",P,-79.633143,wintering,2,2025-01-01,EBIRD_ATL_NC,Traveling,,HAMLET-SE,1,1.0,American Crow,,,
S207493134,S207493134,1,Richmond,58.0,1.291,G13685558,34.886118,"28345, Hamlet US-NC 34.88612, -79.63314",P,-79.633143,wintering,2,2025-01-01,EBIRD_ATL_NC,Traveling,,HAMLET-SE,1,1.0,Carolina Chickadee,,,
S207493134,S207493134,1,Richmond,58.0,1.291,G13685558,34.886118,"28345, Hamlet US-NC 34.88612, -79.63314",P,-79.633143,wintering,2,2025-01-01,EBIRD_ATL_NC,Traveling,,HAMLET-SE,1,1.0,Chipping Sparrow,,,
S207493134,S207493134,1,Richmond,58.0,1.291,G13685558,34.886118,"28345, Hamlet US-NC 34.88612, -79.63314",P,-79.633143,wintering,2,2025-01-01,EBIRD_ATL_NC,Traveling,,HAMLET-SE,1,1.0,Dark-eyed Junco,,,
S207493134,S207493134,1,Richmond,58.0,1.291,G13685558,34.886118,"28345, Hamlet US-NC 34.88612, -79.63314",P,-79.633143,wintering,2,2025-01-01,EBIRD_ATL_NC,Traveling,,HAMLET-SE,1,1.0,Pileated Woodpecker,,,
S207493134,S207493134,1,Richmond,58.0,1.291,G13685558,34.886118,"28345, Hamlet US-NC 34.88612, -79.63314",P,-79.633143,wintering,2,2025-01-01,EBIRD_ATL_NC,Traveling,,HAMLET-SE,1,1.0,Pine Warbler,,,
S207493134,S207493134,1,Richmond,58.0,1.291,G13685558,34.886118,"28345, Hamlet US-NC 34.88612, -79.63314",P,-79.633143,wintering,2,2025-01-01,EBIRD_ATL_NC,Traveling,,HAMLET-SE,1,1.0,Red-breasted Nuthatch,,,
S207493134,S207493134,1,Richmond,58.0,1.291,G13685558,34.886118,"28345, Hamlet US-NC 34.88612, -79.63314",P,-79.633143,wintering,2,2025-01-01,EBIRD_ATL_NC,Traveling,,HAMLET-SE,1,1.0,Red-bellied Woodpecker,,,
S207493134,S207493134,1,Richmond,58.0,1.291,G13685558,34.886118,"28345, Hamlet US-NC 34.88612, -79.63314",P,-79.633143,wintering,2,2025-01-01,EBIRD_ATL_NC,Traveling,,HAMLET-SE,1,1.0,Turkey Vulture,,,
S207481314,S207481314,1,Richmond,14.0,0.236,,35.145077,"Jones Springs Church Rd, Ellerbe US-NC 35.14508, -79.63576",P,-79.635759,wintering,2,2025-01-01,EBIRD_ATL_NC,Traveling,,NORMAN-SE,1,1.0,American Crow,,,
S207481314,S207481314,1,Richmond,14.0,0.236,,35.145077,"Jones Springs Church Rd, Ellerbe US-NC 35.14508, -79.63576",P,-79.635759,wintering,2,2025-01-01,EBIRD_ATL_NC,Traveling,,NORMAN-SE,1,1.0,American Robin,,,
S207481314,S207481314,1,Richmond,14.0,0.236,,35.145077,"Jones Springs Church Rd, Ellerbe US-NC 35.14508, -79.63576",P,-79.635759,wintering,2,2025-01-01,EBIRD_ATL_NC,Traveling,,NORMAN-SE,1,1.0,Black Vulture,,,
S207481314,S207481314,1,Richmond,14.0,0.236,,35.145077,"Jones Springs Church Rd, Ellerbe US-NC 35.14508, -79.63576",P,-79.635759,wintering,2,2025-01-01,EBIRD_ATL_NC,Traveling,,NORMAN-SE,1,1.0,Chipping Sparrow,,,
S207481314,S207481314,1,Richmond,14.0,0.236,,35.145077,"Jones Springs Church Rd, Ellerbe US-NC 35.14508, -79.63576",P,-79.635759,wintering,2,2025-01-01,EBIRD_ATL_NC,Traveling,,NORMAN-SE,1,1.0,Eastern Bluebird,,,
S207481314,S207481314,1,Richmond,14.0,0.236,,35.145077,"Jones Springs Church Rd, Ellerbe US-NC 35.14508, -79.63576",P,-79.635759,wintering,2,2025-01-01,EBIRD_ATL_NC,Traveling,,NORMAN-SE,1,1.0,European Starling,,,
S207481314,S207481314,1,Richmond,14.0,0.236,,35.145077,"Jones Springs Church Rd, Ellerbe US-NC 35.14508, -79.63576",P,-79.635759,wintering,2,2025-01-01,EBIRD_ATL_NC,Traveling,,NORMAN-SE,1,1.0,Song Sparrow,,,
S211892649,S211892649,1,Sampson,54.0,2.157,,34.9022273,"3719 Big Piney Grove Road, Clinton, North Carolina, US (34.902, -78.412)",P,-78.4119259,wintering,1,2025-01-01,EBIRD_ATL_NC,Traveling,,BONNETSVILLE-SE,1,1.0,American Crow,S1,C2,
S211892649,S211892649,1,Sampson,54.0,2.157,,34.9022273,"3719 Big Piney Grove Road, Clinton, North Carolina, US (34.902, -78.412)",P,-78.4119259,wintering,1,2025-01-01,EBIRD_ATL_NC,Traveling,,BONNETSVILLE-SE,1,1.0,American Kestrel,OS,C2,
S211892649,S211892649,1,Sampson,54.0,2.157,,34.9022273,"3719 Big Piney Grove Road, Clinton, North Carolina, US (34.902, -78.412)",P,-78.4119259,wintering,1,2025-01-01,EBIRD_ATL_NC,Traveling,,BONNETSVILLE-SE,1,1.0,American Robin,FO,C1,
S211892649,S211892649,1,Sampson,54.0,2.157,,34.9022273,"3719 Big Piney Grove Road, Clinton, North Carolina, US (34.902, -78.412)",P,-78.4119259,wintering,1,2025-01-01,EBIRD_ATL_NC,Traveling,,BONNETSVILLE-SE,1,1.0,Carolina Chickadee,OS,C2,
S211892649,S211892649,1,Sampson,54.0,2.157,,34.9022273,"3719 Big Piney Grove Road, Clinton, North Carolina, US (34.902, -78.412)",P,-78.4119259,wintering,1,2025-01-01,EBIRD_ATL_NC,Traveling,,BONNETSVILLE-SE,1,1.0,Chipping Sparrow,OS,C2,
S211892649,S211892649,1,Sampson,54.0,2.157,,34.9022273,"3719 Big Piney Grove Road, Clinton, North Carolina, US (34.902, -78.412)",P,-78.4119259,wintering,1,2025-01-01,EBIRD_ATL_NC,Traveling,,BONNETSVILLE-SE,1,1.0,Eastern Bluebird,OS,C2,
S211892649,S211892649,1,Sampson,54.0,2.157,,34.9022273,"3719 Big Piney Grove Road, Clinton, North Carolina, US (34.902, -78.412)",P,-78.4119259,wintering,1,2025-01-01,EBIRD_ATL_NC,Traveling,,BONNETSVILLE-SE,1,1.0,Eastern Phoebe,OS,C2,
S211892649,S211892649,1,Sampson,54.0,2.157,,34.9022273,"3719 Big Piney Grove Road, Clinton, North Carolina, US (34.902, -78.412)",P,-78.4119259,wintering,1,2025-01-01,EBIRD_ATL_NC,Traveling,,BONNETSVILLE-SE,1,1.0,Mourning Dove,FO,C1,
S211892649,S211892649,1,Sampson,54.0,2.157,,34.9022273,"3719 Big Piney Grove Road, Clinton, North Carolina, US (34.902, -78.412)",P,-78.4119259,wintering,1,2025-01-01,EBIRD_ATL_NC,Traveling,,BONNETSVILLE-SE,1,1.0,Northern Cardinal,OS,C2,
S211892649,S211892649,1,Sampson,54.0,2.157,,34.9022273,"3719 Big Piney Grove Road, Clinton, North Carolina, US (34.902, -78.412)",P,-78.4119259,wintering,1,2025-01-01,EBIRD_ATL_NC,Traveling,,BONNETSVILLE-SE,1,1.0,Northern Flicker,S1,C2,
S211892649,S211892649,1,Sampson,54.0,2.157,,34.9022273,"3719 Big Piney Grove Road, Clinton, North Carolina, US (34.902, -78.412)",P,-78.4119259,wintering,1,2025-01-01,EBIRD_ATL_NC,Traveling,,BONNETSVILLE-SE,1,1.0,Northern Harrier,FO,C1,
S211892649,S211892649,1,Sampson,54.0,2.157,,34.9022273,"3719 Big Piney Grove Road, Clinton, North Carolina, US (34.902, -78.412)",P,-78.4119259,wintering,1,2025-01-01,EBIRD_ATL_NC,Traveling,,BONNETSVILLE-SE,1,1.0,Northern Mockingbird,T7,C3,
S211892649,S211892649,1,Sampson,54.0,2.157,,34.9022273,"3719 Big Piney Grove Road, Clinton, North Carolina, US (34.902, -78.412)",P,-78.4119259,wintering,1,2025-01-01,EBIRD_ATL_NC,Traveling,,BONNETSVILLE-SE,1,1.0,Pine Warbler,OS,C2,
S211892649,S211892649,1,Sampson,54.0,2.157,,34.9022273,"3719 Big Piney Grove Road, Clinton, North Carolina, US (34.902, -78.412)",P,-78.4119259,wintering,1,2025-01-01,EBIRD_ATL_NC,Traveling,,BONNETSVILLE-SE,1,1.0,Savannah Sparrow,OS,C2,
S207561941,S207561941,1,Stanly,211.0,9.422,,35.373752,Morrow Mountain SP,P,-80.073504,wintering,1,2025-01-01,EBIRD_ATL_NC,Traveling,,MORROW_MOUNTAIN-NW,0,1.0,American Crow,,,
S207561941,S207561941,1,Stanly,211.0,9.422,,35.373752,Morrow Mountain SP,P,-80.073504,wintering,1,2025-01-01,EBIRD_ATL_NC,Traveling,,MORROW_MOUNTAIN-NW,0,1.0,American Robin,,,
S207561941,S207561941,1,Stanly,211.0,9.422,,35.373752,Morrow Mountain SP,P,-80.073504,wintering,1,2025-01-01,EBIRD_ATL_NC,Traveling,,MORROW_MOUNTAIN-NW,0,1.0,Bald Eagle,,,
S207561941,S207561941,1,Stanly,211.0,9.422,,35.373752,Morrow Mountain SP,P,-80.073504,wintering,1,2025-01-01,EBIRD_ATL_NC,Traveling,,MORROW_MOUNTAIN-NW,0,1.0,Brown-headed Nuthatch,,,
S207561941,S207561941,1,Stanly,211.0,9.422,,35.373752,Morrow Mountain SP,P,-80.073504,wintering,1,2025-01-01,EBIRD_ATL_NC,Traveling,,MORROW_MOUNTAIN-NW,0,1.0,Blue-gray Gnatcatcher,,,
S207561941,S207561941,1,Stanly,211.0,9.422,,35.373752,Morrow Mountain SP,P,-80.073504,wintering,1,2025-01-01,EBIRD_ATL_NC,Traveling,,MORROW_MOUNTAIN-NW,0,1.0,Carolina Chickadee,,,
S207561941,S207561941,1,Stanly,211.0,9.422,,35.373752,Morrow Mountain SP,P,-80.073504,wintering,1,2025-01-01,EBIRD_ATL_NC,Traveling,,MORROW_MOUNTAIN-NW,0,1.0,Carolina Wren,,,
S207561941,S207561941,1,Stanly,211.0,9.422,,35.373752,Morrow Mountain SP,P,-80.073504,wintering,1,2025-01-01,EBIRD_ATL_NC,Traveling,,MORROW_MOUNTAIN-NW,0,1.0,Dark-eyed Junco,,,
S207561941,S207561941,1,Stanly,211.0,9.422,,35.373752,Morrow Mountain SP,P,-80.073504,wintering,1,2025-01-01,EBIRD_ATL_NC,Traveling,,MORROW_MOUNTAIN-NW,0,1.0,Eastern Bluebird,,,
S207561941,S207561941,1,Stanly,211.0,9.422,,35.373752,Morrow Mountain SP,P,-80.073504,wintering,1,2025-01-01,EBIRD_ATL_NC,Traveling,,MORROW_MOUNTAIN-NW,0,1.0,Golden-crowned Kinglet,,,
S207561941,S207561941,1,Stanly,211.0,9.422,,35.373752,Morrow Mountain SP,P,-80.073504,wintering,1,2025-01-01,EBIRD_ATL_NC,Traveling,,MORROW_MOUNTAIN-NW,0,1.0,Hermit Thrush,,,
S207561941,S207561941,1,Stanly,211.0,9.422,,35.373752,Morrow Mountain SP,P,-80.073504,wintering,1,2025-01-01,EBIRD_ATL_NC,Traveling,,MORROW_MOUNTAIN-NW,0,1.0,Mourning Dove,,,
S207561941,S207561941,1,Stanly,211.0,9.422,,35.373752,Morrow Mountain SP,P,-80.073504,wintering,1,2025-01-01,EBIRD_ATL_NC,Traveling,,MORROW_MOUNTAIN-NW,0,1.0,Pileated Woodpecker,,,
S207561941,S207561941,1,Stanly,211.0,9.422,,35.373752,Morrow Mountain SP,P,-80.073504,wintering,1,2025-01-01,EBIRD_ATL_NC,Traveling,,MORROW_MOUNTAIN-NW,0,1.0,Red-bellied Woodpecker,,,
S207561941,S207561941,1,Stanly,211.0,9.422,,35.373752,Morrow Mountain SP,P,-80.073504,wintering,1,2025-01-01,EBIRD_ATL_NC,Traveling,,MORROW_MOUNTAIN-NW,0,1.0,Red-headed Woodpecker,,,
S207561941,S207561941,1,Stanly,211.0,9.422,,35.373752,Morrow Mountain SP,P,-80.073504,wintering,1,2025-01-01,EBIRD_ATL_NC,Traveling,,MORROW_MOUNTAIN-NW,0,1.0,Tufted Titmouse,,,
S207561941,S207561941,1,Stanly,211.0,9.422,,35.373752,Morrow Mountain SP,P,-80.073504,wintering,1,2025-01-01,EBIRD_ATL_NC,Traveling,,MORROW_MOUNTAIN-NW,0,1.0,Turkey Vulture,,,
S207561941,S207561941,1,Stanly,211.0,9.422,,35.373752,Morrow Mountain SP,P,-80.073504,wintering,1,2025-01-01,EBIRD_ATL_NC,Traveling,,MORROW_MOUNTAIN-NW,0,1.0,White-breasted Nuthatch,,,
S207561941,S207561941,1,Stanly,211.0,9.422,,35.373752,Morrow Mountain SP,P,-80.073504,wintering,1,2025-01-01,EBIRD_ATL_NC,Traveling,,MORROW_MOUNTAIN-NW,0,1.0,White-throated Sparrow,,,
S207561941,S207561941,1,Stanly,211.0,9.422,,35.373752,Morrow Mountain SP,P,-80.073504,wintering,1,2025-01-01,EBIRD_ATL_NC,Traveling,,MORROW_MOUNTAIN-NW,0,1.0,Yellow-bellied Sapsucker,,,
S207574528,S207574528,1,Transylvania,71.0,0,,35.2580992,Ecusta Pond (private),H,-82.6941479,wintering,1,2025-01-01,EBIRD_ATL_NC,Stationary,No CACG. Last seen by others earlier in the morning.,PISGAH_FOREST-SW,0,1.0,American Crow,,,
S207574528,S207574528,1,Transylvania,71.0,0,,35.2580992,Ecusta Pond (private),H,-82.6941479,wintering,1,2025-01-01,EBIRD_ATL_NC,Stationary,No CACG. Last seen by others earlier in the morning.,PISGAH_FOREST-SW,0,1.0,Bald Eagle,,,Immature
S207574528,S207574528,1,Transylvania,71.0,0,,35.2580992,Ecusta Pond (private),H,-82.6941479,wintering,1,2025-01-01,EBIRD_ATL_NC,Stationary,No CACG. Last seen by others earlier in the morning.,PISGAH_FOREST-SW,0,1.0,Belted Kingfisher,,,
S207574528,S207574528,1,Transylvania,71.0,0,,35.2580992,Ecusta Pond (private),H,-82.6941479,wintering,1,2025-01-01,EBIRD_ATL_NC,Stationary,No CACG. Last seen by others earlier in the morning.,PISGAH_FOREST-SW,0,1.0,Blue Jay,,,
S207574528,S207574528,1,Transylvania,71.0,0,,35.2580992,Ecusta Pond (private),H,-82.6941479,wintering,1,2025-01-01,EBIRD_ATL_NC,Stationary,No CACG. Last seen by others earlier in the morning.,PISGAH_FOREST-SW,0,1.0,Canada Goose,,,Approximately
S207574528,S207574528,1,Transylvania,71.0,0,,35.2580992,Ecusta Pond (private),H,-82.6941479,wintering,1,2025-01-01,EBIRD_ATL_NC,Stationary,No CACG. Last seen by others earlier in the morning.,PISGAH_FOREST-SW,0,1.0,Carolina Wren,,,
S207574528,S207574528,1,Transylvania,71.0,0,,35.2580992,Ecusta Pond (private),H,-82.6941479,wintering,1,2025-01-01,EBIRD_ATL_NC,Stationary,No CACG. Last seen by others earlier in the morning.,PISGAH_FOREST-SW,0,1.0,Downy Woodpecker,,,
S207574528,S207574528,1,Transylvania,71.0,0,,35.2580992,Ecusta Pond (private),H,-82.6941479,wintering,1,2025-01-01,EBIRD_ATL_NC,Stationary,No CACG. Last seen by others earlier in the morning.,PISGAH_FOREST-SW,0,1.0,Eastern Bluebird,,,
S207574528,S207574528,1,Transylvania,71.0,0,,35.2580992,Ecusta Pond (private),H,-82.6941479,wintering,1,2025-01-01,EBIRD_ATL_NC,Stationary,No CACG. Last seen by others earlier in the morning.,PISGAH_FOREST-SW,0,1.0,Eastern Phoebe,,,
S207574528,S207574528,1,Transylvania,71.0,0,,35.2580992,Ecusta Pond (private),H,-82.6941479,wintering,1,2025-01-01,EBIRD_ATL_NC,Stationary,No CACG. Last seen by others earlier in the morning.,PISGAH_FOREST-SW,0,1.0,European Starling,,,
S207574528,S207574528,1,Transylvania,71.0,0,,35.2580992,Ecusta Pond (private),H,-82.6941479,wintering,1,2025-01-01,EBIRD_ATL_NC,Stationary,No CACG. Last seen by others earlier in the morning.,PISGAH_FOREST-SW,0,1.0,Gadwall,,,
S207574528,S207574528,1,Transylvania,71.0,0,,35.2580992,Ecusta Pond (private),H,-82.6941479,wintering,1,2025-01-01,EBIRD_ATL_NC,Stationary,No CACG. Last seen by others earlier in the morning.,PISGAH_FOREST-SW,0,1.0,Green-winged Teal,,,
S207574528,S207574528,1,Transylvania,71.0,0,,35.2580992,Ecusta Pond (private),H,-82.6941479,wintering,1,2025-01-01,EBIRD_ATL_NC,Stationary,No CACG. Last seen by others earlier in the morning.,PISGAH_FOREST-SW,0,1.0,Great Blue Heron,,,
S207574528,S207574528,1,Transylvania,71.0,0,,35.2580992,Ecusta Pond (private),H,-82.6941479,wintering,1,2025-01-01,EBIRD_ATL_NC,Stationary,No CACG. Last seen by others earlier in the morning.,PISGAH_FOREST-SW,0,1.0,Hooded Merganser,,,Approximately
S207574528,S207574528,1,Transylvania,71.0,0,,35.2580992,Ecusta Pond (private),H,-82.6941479,wintering,1,2025-01-01,EBIRD_ATL_NC,Stationary,No CACG. Last seen by others earlier in the morning.,PISGAH_FOREST-SW,0,1.0,House Finch,,,
S207574528,S207574528,1,Transylvania,71.0,0,,35.2580992,Ecusta Pond (private),H,-82.6941479,wintering,1,2025-01-01,EBIRD_ATL_NC,Stationary,No CACG. Last seen by others earlier in the morning.,PISGAH_FOREST-SW,0,1.0,Killdeer,,,
S207574528,S207574528,1,Transylvania,71.0,0,,35.2580992,Ecusta Pond (private),H,-82.6941479,wintering,1,2025-01-01,EBIRD_ATL_NC,Stationary,No CACG. Last seen by others earlier in the morning.,PISGAH_FOREST-SW,0,1.0,Mallard,,,
S207574528,S207574528,1,Transylvania,71.0,0,,35.2580992,Ecusta Pond (private),H,-82.6941479,wintering,1,2025-01-01,EBIRD_ATL_NC,Stationary,No CACG. Last seen by others earlier in the morning.,PISGAH_FOREST-SW,0,1.0,Mourning Dove,,,
S207574528,S207574528,1,Transylvania,71.0,0,,35.2580992,Ecusta Pond (private),H,-82.6941479,wintering,1,2025-01-01,EBIRD_ATL_NC,Stationary,No CACG. Last seen by others earlier in the morning.,PISGAH_FOREST-SW,0,1.0,Northern Mockingbird,,,
S207574528,S207574528,1,Transylvania,71.0,0,,35.2580992,Ecusta Pond (private),H,-82.6941479,wintering,1,2025-01-01,EBIRD_ATL_NC,Stationary,No CACG. Last seen by others earlier in the morning.,PISGAH_FOREST-SW,0,1.0,Palm Warbler,,,Non-breeding plumage. Yellow vent. Tail wagging.
S207574528,S207574528,1,Transylvania,71.0,0,,35.2580992,Ecusta Pond (private),H,-82.6941479,wintering,1,2025-01-01,EBIRD_ATL_NC,Stationary,No CACG. Last seen by others earlier in the morning.,PISGAH_FOREST-SW,0,1.0,Pied-billed Grebe,,,
S207574528,S207574528,1,Transylvania,71.0,0,,35.2580992,Ecusta Pond (private),H,-82.6941479,wintering,1,2025-01-01,EBIRD_ATL_NC,Stationary,No CACG. Last seen by others earlier in the morning.,PISGAH_FOREST-SW,0,1.0,Red-bellied Woodpecker,,,
S207574528,S207574528,1,Transylvania,71.0,0,,35.2580992,Ecusta Pond (private),H,-82.6941479,wintering,1,2025-01-01,EBIRD_ATL_NC,Stationary,No CACG. Last seen by others earlier in the morning.,PISGAH_FOREST-SW,0,1.0,Ring-billed Gull,,,
S207574528,S207574528,1,Transylvania,71.0,0,,35.2580992,Ecusta Pond (private),H,-82.6941479,wintering,1,2025-01-01,EBIRD_ATL_NC,Stationary,No CACG. Last seen by others earlier in the morning.,PISGAH_FOREST-SW,0,1.0,Ruddy Duck,,,
S207574528,S207574528,1,Transylvania,71.0,0,,35.2580992,Ecusta Pond (private),H,-82.6941479,wintering,1,2025-01-01,EBIRD_ATL_NC,Stationary,No CACG. Last seen by others earlier in the morning.,PISGAH_FOREST-SW,0,1.0,White-breasted Nuthatch,,,
S207552401,S207552401,1,Wake,16.0,0,,36.0033695,"Carolina Wrenn domecile (private residence), Wake Forest, North Carolina, US (36.003, -78.515)",P,-78.5149725,wintering,1,2025-01-01,EBIRD_ATL_NC,Stationary,,GRISSOM-SE,1,1.0,American Crow,,,
S207552401,S207552401,1,Wake,16.0,0,,36.0033695,"Carolina Wrenn domecile (private residence), Wake Forest, North Carolina, US (36.003, -78.515)",P,-78.5149725,wintering,1,2025-01-01,EBIRD_ATL_NC,Stationary,,GRISSOM-SE,1,1.0,American Robin,,,
S207552401,S207552401,1,Wake,16.0,0,,36.0033695,"Carolina Wrenn domecile (private residence), Wake Forest, North Carolina, US (36.003, -78.515)",P,-78.5149725,wintering,1,2025-01-01,EBIRD_ATL_NC,Stationary,,GRISSOM-SE,1,1.0,Carolina Chickadee,,,
S207552401,S207552401,1,Wake,16.0,0,,36.0033695,"Carolina Wrenn domecile (private residence), Wake Forest, North Carolina, US (36.003, -78.515)",P,-78.5149725,wintering,1,2025-01-01,EBIRD_ATL_NC,Stationary,,GRISSOM-SE,1,1.0,Carolina Wren,,,
S207552401,S207552401,1,Wake,16.0,0,,36.0033695,"Carolina Wrenn domecile (private residence), Wake Forest, North Carolina, US (36.003, -78.515)",P,-78.5149725,wintering,1,2025-01-01,EBIRD_ATL_NC,Stationary,,GRISSOM-SE,1,1.0,Dark-eyed Junco,,,
S207552401,S207552401,1,Wake,16.0,0,,36.0033695,"Carolina Wrenn domecile (private residence), Wake Forest, North Carolina, US (36.003, -78.515)",P,-78.5149725,wintering,1,2025-01-01,EBIRD_ATL_NC,Stationary,,GRISSOM-SE,1,1.0,Downy Woodpecker,,,
S207552401,S207552401,1,Wake,16.0,0,,36.0033695,"Carolina Wrenn domecile (private residence), Wake Forest, North Carolina, US (36.003, -78.515)",P,-78.5149725,wintering,1,2025-01-01,EBIRD_ATL_NC,Stationary,,GRISSOM-SE,1,1.0,Golden-crowned Kinglet,,,
S207552401,S207552401,1,Wake,16.0,0,,36.0033695,"Carolina Wrenn domecile (private residence), Wake Forest, North Carolina, US (36.003, -78.515)",P,-78.5149725,wintering,1,2025-01-01,EBIRD_ATL_NC,Stationary,,GRISSOM-SE,1,1.0,Hairy Woodpecker,,,
S207552401,S207552401,1,Wake,16.0,0,,36.0033695,"Carolina Wrenn domecile (private residence), Wake Forest, North Carolina, US (36.003, -78.515)",P,-78.5149725,wintering,1,2025-01-01,EBIRD_ATL_NC,Stationary,,GRISSOM-SE,1,1.0,House Finch,,,
S207552401,S207552401,1,Wake,16.0,0,,36.0033695,"Carolina Wrenn domecile (private residence), Wake Forest, North Carolina, US (36.003, -78.515)",P,-78.5149725,wintering,1,2025-01-01,EBIRD_ATL_NC,Stationary,,GRISSOM-SE,1,1.0,Northern Cardinal,,,
S207552401,S207552401,1,Wake,16.0,0,,36.0033695,"Carolina Wrenn domecile (private residence), Wake Forest, North Carolina, US (36.003, -78.515)",P,-78.5149725,wintering,1,2025-01-01,EBIRD_ATL_NC,Stationary,,GRISSOM-SE,1,1.0,Northern Flicker,,,
S207552401,S207552401,1,Wake,16.0,0,,36.0033695,"Carolina Wrenn domecile (private residence), Wake Forest, North Carolina, US (36.003, -78.515)",P,-78.5149725,wintering,1,2025-01-01,EBIRD_ATL_NC,Stationary,,GRISSOM-SE,1,1.0,Red-bellied Woodpecker,,,
S207552401,S207552401,1,Wake,16.0,0,,36.0033695,"Carolina Wrenn domecile (private residence), Wake Forest, North Carolina, US (36.003, -78.515)",P,-78.5149725,wintering,1,2025-01-01,EBIRD_ATL_NC,Stationary,,GRISSOM-SE,1,1.0,Ruby-crowned Kinglet,,,
S207552401,S207552401,1,Wake,16.0,0,,36.0033695,"Carolina Wrenn domecile (private residence), Wake Forest, North Carolina, US (36.003, -78.515)",P,-78.5149725,wintering,1,2025-01-01,EBIRD_ATL_NC,Stationary,,GRISSOM-SE,1,1.0,White-breasted Nuthatch,,,
S207552401,S207552401,1,Wake,16.0,0,,36.0033695,"Carolina Wrenn domecile (private residence), Wake Forest, North Carolina, US (36.003, -78.515)",P,-78.5149725,wintering,1,2025-01-01,EBIRD_ATL_NC,Stationary,,GRISSOM-SE,1,1.0,White-throated Sparrow,,,
S207552401,S207552401,1,Wake,16.0,0,,36.0033695,"Carolina Wrenn domecile (private residence), Wake Forest, North Carolina, US (36.003, -78.515)",P,-78.5149725,wintering,1,2025-01-01,EBIRD_ATL_NC,Stationary,,GRISSOM-SE,1,1.0,Winter Wren,,,
S207430104,S207430104,1,Wake,2.0,0,,35.5413278,"8817 Buffalo Gourd Lane, Angier, North Carolina, US (35.541, -78.753)",P,-78.7529505,wintering,1,2025-01-01,EBIRD_ATL_NC,Stationary,,FUQUAY-VARINA-SE,1,1.0,American Crow,,,
S207430104,S207430104,1,Wake,2.0,0,,35.5413278,"8817 Buffalo Gourd Lane, Angier, North Carolina, US (35.541, -78.753)",P,-78.7529505,wintering,1,2025-01-01,EBIRD_ATL_NC,Stationary,,FUQUAY-VARINA-SE,1,1.0,American Goldfinch,,,
S207430104,S207430104,1,Wake,2.0,0,,35.5413278,"8817 Buffalo Gourd Lane, Angier, North Carolina, US (35.541, -78.753)",P,-78.7529505,wintering,1,2025-01-01,EBIRD_ATL_NC,Stationary,,FUQUAY-VARINA-SE,1,1.0,American Robin,,,
S207430104,S207430104,1,Wake,2.0,0,,35.5413278,"8817 Buffalo Gourd Lane, Angier, North Carolina, US (35.541, -78.753)",P,-78.7529505,wintering,1,2025-01-01,EBIRD_ATL_NC,Stationary,,FUQUAY-VARINA-SE,1,1.0,Canada Goose,,,
S207430104,S207430104,1,Wake,2.0,0,,35.5413278,"8817 Buffalo Gourd Lane, Angier, North Carolina, US (35.541, -78.753)",P,-78.7529505,wintering,1,2025-01-01,EBIRD_ATL_NC,Stationary,,FUQUAY-VARINA-SE,1,1.0,Carolina Chickadee,,,
S207430104,S207430104,1,Wake,2.0,0,,35.5413278,"8817 Buffalo Gourd Lane, Angier, North Carolina, US (35.541, -78.753)",P,-78.7529505,wintering,1,2025-01-01,EBIRD_ATL_NC,Stationary,,FUQUAY-VARINA-SE,1,1.0,Chipping Sparrow,,,
S207430104,S207430104,1,Wake,2.0,0,,35.5413278,"8817 Buffalo Gourd Lane, Angier, North Carolina, US (35.541, -78.753)",P,-78.7529505,wintering,1,2025-01-01,EBIRD_ATL_NC,Stationary,,FUQUAY-VARINA-SE,1,1.0,Common Raven,,,
S207430104,S207430104,1,Wake,2.0,0,,35.5413278,"8817 Buffalo Gourd Lane, Angier, North Carolina, US (35.541, -78.753)",P,-78.7529505,wintering,1,2025-01-01,EBIRD_ATL_NC,Stationary,,FUQUAY-VARINA-SE,1,1.0,Dark-eyed Junco,,,
S207430104,S207430104,1,Wake,2.0,0,,35.5413278,"8817 Buffalo Gourd Lane, Angier, North Carolina, US (35.541, -78.753)",P,-78.7529505,wintering,1,2025-01-01,EBIRD_ATL_NC,Stationary,,FUQUAY-VARINA-SE,1,1.0,Eastern Bluebird,,,
S207430104,S207430104,1,Wake,2.0,0,,35.5413278,"8817 Buffalo Gourd Lane, Angier, North Carolina, US (35.541, -78.753)",P,-78.7529505,wintering,1,2025-01-01,EBIRD_ATL_NC,Stationary,,FUQUAY-VARINA-SE,1,1.0,Eastern Phoebe,,,
S207430104,S207430104,1,Wake,2.0,0,,35.5413278,"8817 Buffalo Gourd Lane, Angier, North Carolina, US (35.541, -78.753)",P,-78.7529505,wintering,1,2025-01-01,EBIRD_ATL_NC,Stationary,,FUQUAY-VARINA-SE,1,1.0,Great Blue Heron,,,
S207430104,S207430104,1,Wake,2.0,0,,35.5413278,"8817 Buffalo Gourd Lane, Angier, North Carolina, US (35.541, -78.753)",P,-78.7529505,wintering,1,2025-01-01,EBIRD_ATL_NC,Stationary,,FUQUAY-VARINA-SE,1,1.0,House Finch,,,
S207430104,S207430104,1,Wake,2.0,0,,35.5413278,"8817 Buffalo Gourd Lane, Angier, North Carolina, US (35.541, -78.753)",P,-78.7529505,wintering,1,2025-01-01,EBIRD_ATL_NC,Stationary,,FUQUAY-VARINA-SE,1,1.0,House Sparrow,,,
S207430104,S207430104,1,Wake,2.0,0,,35.5413278,"8817 Buffalo Gourd Lane, Angier, North Carolina, US (35.541, -78.753)",P,-78.7529505,wintering,1,2025-01-01,EBIRD_ATL_NC,Stationary,,FUQUAY-VARINA-SE,1,1.0,Mallard,,,
S207430104,S207430104,1,Wake,2.0,0,,35.5413278,"8817 Buffalo Gourd Lane, Angier, North Carolina, US (35.541, -78.753)",P,-78.7529505,wintering,1,2025-01-01,EBIRD_ATL_NC,Stationary,,FUQUAY-VARINA-SE,1,1.0,Mourning Dove,,,
S207430104,S207430104,1,Wake,2.0,0,,35.5413278,"8817 Buffalo Gourd Lane, Angier, North Carolina, US (35.541, -78.753)",P,-78.7529505,wintering,1,2025-01-01,EBIRD_ATL_NC,Stationary,,FUQUAY-VARINA-SE,1,1.0,Northern Cardinal,,,
S207430104,S207430104,1,Wake,2.0,0,,35.5413278,"8817 Buffalo Gourd Lane, Angier, North Carolina, US (35.541, -78.753)",P,-78.7529505,wintering,1,2025-01-01,EBIRD_ATL_NC,Stationary,,FUQUAY-VARINA-SE,1,1.0,Northern Mockingbird,,,
S207430104,S207430104,1,Wake,2.0,0,,35.5413278,"8817 Buffalo Gourd Lane, Angier, North Carolina, US (35.541, -78.753)",P,-78.7529505,wintering,1,2025-01-01,EBIRD_ATL_NC,Stationary,,FUQUAY-VARINA-SE,1,1.0,Red-shouldered Hawk,,,
S207430104,S207430104,1,Wake,2.0,0,,35.5413278,"8817 Buffalo Gourd Lane, Angier, North Carolina, US (35.541, -78.753)",P,-78.7529505,wintering,1,2025-01-01,EBIRD_ATL_NC,Stationary,,FUQUAY-VARINA-SE,1,1.0,Yellow-rumped Warbler,,,
S207630214,S207630214,1,Wake,90.0,2.183,G13697082,35.6078779,Harris Game Land--Upper Boat Ramp,H,-78.9390818,wintering,2,2025-01-01,EBIRD_ATL_NC,Traveling,,COKESBURY-NW,0,1,American Crow,,,
S207630214,S207630214,1,Wake,90.0,2.183,G13697082,35.6078779,Harris Game Land--Upper Boat Ramp,H,-78.9390818,wintering,2,2025-01-01,EBIRD_ATL_NC,Traveling,,COKESBURY-NW,0,1,Bald Eagle,,,
S207630214,S207630214,1,Wake,90.0,2.183,G13697082,35.6078779,Harris Game Land--Upper Boat Ramp,H,-78.9390818,wintering,2,2025-01-01,EBIRD_ATL_NC,Traveling,,COKESBURY-NW,0,1,Common Loon,,,
S207630214,S207630214,1,Wake,90.0,2.183,G13697082,35.6078779,Harris Game Land--Upper Boat Ramp,H,-78.9390818,wintering,2,2025-01-01,EBIRD_ATL_NC,Traveling,,COKESBURY-NW,0,1,Double-crested Cormorant,,,
S207630214,S207630214,1,Wake,90.0,2.183,G13697082,35.6078779,Harris Game Land--Upper Boat Ramp,H,-78.9390818,wintering,2,2025-01-01,EBIRD_ATL_NC,Traveling,,COKESBURY-NW,0,1,Golden-crowned Kinglet,,,
S207630214,S207630214,1,Wake,90.0,2.183,G13697082,35.6078779,Harris Game Land--Upper Boat Ramp,H,-78.9390818,wintering,2,2025-01-01,EBIRD_ATL_NC,Traveling,,COKESBURY-NW,0,1,Great Blue Heron,,,
S207630214,S207630214,1,Wake,90.0,2.183,G13697082,35.6078779,Harris Game Land--Upper Boat Ramp,H,-78.9390818,wintering,2,2025-01-01,EBIRD_ATL_NC,Traveling,,COKESBURY-NW,0,1,Lesser Black-backed Gull,,,Husky brownish full with white head
S207630214,S207630214,1,Wake,90.0,2.183,G13697082,35.6078779,Harris Game Land--Upper Boat Ramp,H,-78.9390818,wintering,2,2025-01-01,EBIRD_ATL_NC,Traveling,,COKESBURY-NW,0,1,Northern Cardinal,,,
S207630214,S207630214,1,Wake,90.0,2.183,G13697082,35.6078779,Harris Game Land--Upper Boat Ramp,H,-78.9390818,wintering,2,2025-01-01,EBIRD_ATL_NC,Traveling,,COKESBURY-NW,0,1,Northern Harrier,,,
S207630214,S207630214,1,Wake,90.0,2.183,G13697082,35.6078779,Harris Game Land--Upper Boat Ramp,H,-78.9390818,wintering,2,2025-01-01,EBIRD_ATL_NC,Traveling,,COKESBURY-NW,0,1,Red-winged Blackbird,,,
S207630214,S207630214,1,Wake,90.0,2.183,G13697082,35.6078779,Harris Game Land--Upper Boat Ramp,H,-78.9390818,wintering,2,2025-01-01,EBIRD_ATL_NC,Traveling,,COKESBURY-NW,0,1,Ring-billed Gull,,,
S207630214,S207630214,1,Wake,90.0,2.183,G13697082,35.6078779,Harris Game Land--Upper Boat Ramp,H,-78.9390818,wintering,2,2025-01-01,EBIRD_ATL_NC,Traveling,,COKESBURY-NW,0,1,Ruby-crowned Kinglet,,,
S207630214,S207630214,1,Wake,90.0,2.183,G13697082,35.6078779,Harris Game Land--Upper Boat Ramp,H,-78.9390818,wintering,2,2025-01-01,EBIRD_ATL_NC,Traveling,,COKESBURY-NW,0,1,Savannah Sparrow,,,
S207630214,S207630214,1,Wake,90.0,2.183,G13697082,35.6078779,Harris Game Land--Upper Boat Ramp,H,-78.9390818,wintering,2,2025-01-01,EBIRD_ATL_NC,Traveling,,COKESBURY-NW,0,1,Song Sparrow,,,
S207478348,S207478348,1,Wake,107.0,3.014,G13683692,35.6381473,Bass Lake Park & Trail,H,-78.8083899,wintering,6,2025-01-01,EBIRD_ATL_NC,Traveling,,APEX-SE,1,1,American Crow,,,
S207478348,S207478348,1,Wake,107.0,3.014,G13683692,35.6381473,Bass Lake Park & Trail,H,-78.8083899,wintering,6,2025-01-01,EBIRD_ATL_NC,Traveling,,APEX-SE,1,1,American Goldfinch,,,
S207478348,S207478348,1,Wake,107.0,3.014,G13683692,35.6381473,Bass Lake Park & Trail,H,-78.8083899,wintering,6,2025-01-01,EBIRD_ATL_NC,Traveling,,APEX-SE,1,1,American Kestrel,,,
S207478348,S207478348,1,Wake,107.0,3.014,G13683692,35.6381473,Bass Lake Park & Trail,H,-78.8083899,wintering,6,2025-01-01,EBIRD_ATL_NC,Traveling,,APEX-SE,1,1,American Robin,,,
S207478348,S207478348,1,Wake,107.0,3.014,G13683692,35.6381473,Bass Lake Park & Trail,H,-78.8083899,wintering,6,2025-01-01,EBIRD_ATL_NC,Traveling,,APEX-SE,1,1,Bald Eagle,,,
S207478348,S207478348,1,Wake,107.0,3.014,G13683692,35.6381473,Bass Lake Park & Trail,H,-78.8083899,wintering,6,2025-01-01,EBIRD_ATL_NC,Traveling,,APEX-SE,1,1,Black Vulture,,,
S207478348,S207478348,1,Wake,107.0,3.014,G13683692,35.6381473,Bass Lake Park & Trail,H,-78.8083899,wintering,6,2025-01-01,EBIRD_ATL_NC,Traveling,,APEX-SE,1,1,Blue Jay,,,
S207478348,S207478348,1,Wake,107.0,3.014,G13683692,35.6381473,Bass Lake Park & Trail,H,-78.8083899,wintering,6,2025-01-01,EBIRD_ATL_NC,Traveling,,APEX-SE,1,1,Brown-headed Nuthatch,,,
S207478348,S207478348,1,Wake,107.0,3.014,G13683692,35.6381473,Bass Lake Park & Trail,H,-78.8083899,wintering,6,2025-01-01,EBIRD_ATL_NC,Traveling,,APEX-SE,1,1,Brown Creeper,,,
S207478348,S207478348,1,Wake,107.0,3.014,G13683692,35.6381473,Bass Lake Park & Trail,H,-78.8083899,wintering,6,2025-01-01,EBIRD_ATL_NC,Traveling,,APEX-SE,1,1,Carolina Chickadee,,,
S207478348,S207478348,1,Wake,107.0,3.014,G13683692,35.6381473,Bass Lake Park & Trail,H,-78.8083899,wintering,6,2025-01-01,EBIRD_ATL_NC,Traveling,,APEX-SE,1,1,Carolina Wren,,,
S207478348,S207478348,1,Wake,107.0,3.014,G13683692,35.6381473,Bass Lake Park & Trail,H,-78.8083899,wintering,6,2025-01-01,EBIRD_ATL_NC,Traveling,,APEX-SE,1,1,Cedar Waxwing,,,
S207478348,S207478348,1,Wake,107.0,3.014,G13683692,35.6381473,Bass Lake Park & Trail,H,-78.8083899,wintering,6,2025-01-01,EBIRD_ATL_NC,Traveling,,APEX-SE,1,1,Double-crested Cormorant,,,
S207478348,S207478348,1,Wake,107.0,3.014,G13683692,35.6381473,Bass Lake Park & Trail,H,-78.8083899,wintering,6,2025-01-01,EBIRD_ATL_NC,Traveling,,APEX-SE,1,1,Downy Woodpecker,,,
S207478348,S207478348,1,Wake,107.0,3.014,G13683692,35.6381473,Bass Lake Park & Trail,H,-78.8083899,wintering,6,2025-01-01,EBIRD_ATL_NC,Traveling,,APEX-SE,1,1,Eastern Phoebe,,,
S207478348,S207478348,1,Wake,107.0,3.014,G13683692,35.6381473,Bass Lake Park & Trail,H,-78.8083899,wintering,6,2025-01-01,EBIRD_ATL_NC,Traveling,,APEX-SE,1,1,Fish Crow,,,
S207478348,S207478348,1,Wake,107.0,3.014,G13683692,35.6381473,Bass Lake Park & Trail,H,-78.8083899,wintering,6,2025-01-01,EBIRD_ATL_NC,Traveling,,APEX-SE,1,1,Golden-crowned Kinglet,,,
S207478348,S207478348,1,Wake,107.0,3.014,G13683692,35.6381473,Bass Lake Park & Trail,H,-78.8083899,wintering,6,2025-01-01,EBIRD_ATL_NC,Traveling,,APEX-SE,1,1,Great Blue Heron,,,
S207478348,S207478348,1,Wake,107.0,3.014,G13683692,35.6381473,Bass Lake Park & Trail,H,-78.8083899,wintering,6,2025-01-01,EBIRD_ATL_NC,Traveling,,APEX-SE,1,1,Hermit Thrush,,,
S207478348,S207478348,1,Wake,107.0,3.014,G13683692,35.6381473,Bass Lake Park & Trail,H,-78.8083899,wintering,6,2025-01-01,EBIRD_ATL_NC,Traveling,,APEX-SE,1,1,House Finch,,,
S207478348,S207478348,1,Wake,107.0,3.014,G13683692,35.6381473,Bass Lake Park & Trail,H,-78.8083899,wintering,6,2025-01-01,EBIRD_ATL_NC,Traveling,,APEX-SE,1,1,Mallard,,,
S207478348,S207478348,1,Wake,107.0,3.014,G13683692,35.6381473,Bass Lake Park & Trail,H,-78.8083899,wintering,6,2025-01-01,EBIRD_ATL_NC,Traveling,,APEX-SE,1,1,Mourning Dove,,,
S207478348,S207478348,1,Wake,107.0,3.014,G13683692,35.6381473,Bass Lake Park & Trail,H,-78.8083899,wintering,6,2025-01-01,EBIRD_ATL_NC,Traveling,,APEX-SE,1,1,Northern Cardinal,,,
S207478348,S207478348,1,Wake,107.0,3.014,G13683692,35.6381473,Bass Lake Park & Trail,H,-78.8083899,wintering,6,2025-01-01,EBIRD_ATL_NC,Traveling,,APEX-SE,1,1,Northern Flicker,,,
S207478348,S207478348,1,Wake,107.0,3.014,G13683692,35.6381473,Bass Lake Park & Trail,H,-78.8083899,wintering,6,2025-01-01,EBIRD_ATL_NC,Traveling,,APEX-SE,1,1,Pied-billed Grebe,,,
S207478348,S207478348,1,Wake,107.0,3.014,G13683692,35.6381473,Bass Lake Park & Trail,H,-78.8083899,wintering,6,2025-01-01,EBIRD_ATL_NC,Traveling,,APEX-SE,1,1,Red-bellied Woodpecker,,,
S207478348,S207478348,1,Wake,107.0,3.014,G13683692,35.6381473,Bass Lake Park & Trail,H,-78.8083899,wintering,6,2025-01-01,EBIRD_ATL_NC,Traveling,,APEX-SE,1,1,Red-shouldered Hawk,,,
S207478348,S207478348,1,Wake,107.0,3.014,G13683692,35.6381473,Bass Lake Park & Trail,H,-78.8083899,wintering,6,2025-01-01,EBIRD_ATL_NC,Traveling,,APEX-SE,1,1,Ring-billed Gull,,,
S207478348,S207478348,1,Wake,107.0,3.014,G13683692,35.6381473,Bass Lake Park & Trail,H,-78.8083899,wintering,6,2025-01-01,EBIRD_ATL_NC,Traveling,,APEX-SE,1,1,Ruby-crowned Kinglet,,,
S207478348,S207478348,1,Wake,107.0,3.014,G13683692,35.6381473,Bass Lake Park & Trail,H,-78.8083899,wintering,6,2025-01-01,EBIRD_ATL_NC,Traveling,,APEX-SE,1,1,Swamp Sparrow,,,
S207478348,S207478348,1,Wake,107.0,3.014,G13683692,35.6381473,Bass Lake Park & Trail,H,-78.8083899,wintering,6,2025-01-01,EBIRD_ATL_NC,Traveling,,APEX-SE,1,1,Tufted Titmouse,,,
S207478348,S207478348,1,Wake,107.0,3.014,G13683692,35.6381473,Bass Lake Park & Trail,H,-78.8083899,wintering,6,2025-01-01,EBIRD_ATL_NC,Traveling,,APEX-SE,1,1,Turkey Vulture,,,
S207478348,S207478348,1,Wake,107.0,3.014,G13683692,35.6381473,Bass Lake Park & Trail,H,-78.8083899,wintering,6,2025-01-01,EBIRD_ATL_NC,Traveling,,APEX-SE,1,1,White-breasted Nuthatch,,,
S207478348,S207478348,1,Wake,107.0,3.014,G13683692,35.6381473,Bass Lake Park & Trail,H,-78.8083899,wintering,6,2025-01-01,EBIRD_ATL_NC,Traveling,,APEX-SE,1,1,White-throated Sparrow,,,
S207478348,S207478348,1,Wake,107.0,3.014,G13683692,35.6381473,Bass Lake Park & Trail,H,-78.8083899,wintering,6,2025-01-01,EBIRD_ATL_NC,Traveling,,APEX-SE,1,1,Winter Wren,,,
S207478348,S207478348,1,Wake,107.0,3.014,G13683692,35.6381473,Bass Lake Park & Trail,H,-78.8083899,wintering,6,2025-01-01,EBIRD_ATL_NC,Traveling,,APEX-SE,1,1,American Coot,,,
S207478348,S207478348,1,Wake,107.0,3.014,G13683692,35.6381473,Bass Lake Park & Trail,H,-78.8083899,wintering,6,2025-01-01,EBIRD_ATL_NC,Traveling,,APEX-SE,1,1,Yellow-bellied Sapsucker,,,
S207478348,S207478348,1,Wake,107.0,3.014,G13683692,35.6381473,Bass Lake Park & Trail,H,-78.8083899,wintering,6,2025-01-01,EBIRD_ATL_NC,Traveling,,APEX-SE,1,1,Yellow-rumped Warbler,,,
S208034972,S208034972,1,Wake,107.0,3.014,G13683692,35.6381473,Bass Lake Park & Trail,H,-78.8083899,wintering,6,2025-01-01,EBIRD_ATL_NC,Traveling,,APEX-SE,1,1,American Crow,,,
S208034972,S208034972,1,Wake,107.0,3.014,G13683692,35.6381473,Bass Lake Park & Trail,H,-78.8083899,wintering,6,2025-01-01,EBIRD_ATL_NC,Traveling,,APEX-SE,1,1,American Goldfinch,,,
S208034972,S208034972,1,Wake,107.0,3.014,G13683692,35.6381473,Bass Lake Park & Trail,H,-78.8083899,wintering,6,2025-01-01,EBIRD_ATL_NC,Traveling,,APEX-SE,1,1,American Kestrel,,,
S208034972,S208034972,1,Wake,107.0,3.014,G13683692,35.6381473,Bass Lake Park & Trail,H,-78.8083899,wintering,6,2025-01-01,EBIRD_ATL_NC,Traveling,,APEX-SE,1,1,American Robin,,,
S208034972,S208034972,1,Wake,107.0,3.014,G13683692,35.6381473,Bass Lake Park & Trail,H,-78.8083899,wintering,6,2025-01-01,EBIRD_ATL_NC,Traveling,,APEX-SE,1,1,Bald Eagle,,,
S208034972,S208034972,1,Wake,107.0,3.014,G13683692,35.6381473,Bass Lake Park & Trail,H,-78.8083899,wintering,6,2025-01-01,EBIRD_ATL_NC,Traveling,,APEX-SE,1,1,Black Vulture,,,
S208034972,S208034972,1,Wake,107.0,3.014,G13683692,35.6381473,Bass Lake Park & Trail,H,-78.8083899,wintering,6,2025-01-01,EBIRD_ATL_NC,Traveling,,APEX-SE,1,1,Blue Jay,,,
S208034972,S208034972,1,Wake,107.0,3.014,G13683692,35.6381473,Bass Lake Park & Trail,H,-78.8083899,wintering,6,2025-01-01,EBIRD_ATL_NC,Traveling,,APEX-SE,1,1,Brown-headed Nuthatch,,,
S208034972,S208034972,1,Wake,107.0,3.014,G13683692,35.6381473,Bass Lake Park & Trail,H,-78.8083899,wintering,6,2025-01-01,EBIRD_ATL_NC,Traveling,,APEX-SE,1,1,Brown Creeper,,,
S208034972,S208034972,1,Wake,107.0,3.014,G13683692,35.6381473,Bass Lake Park & Trail,H,-78.8083899,wintering,6,2025-01-01,EBIRD_ATL_NC,Traveling,,APEX-SE,1,1,Carolina Chickadee,,,
S208034972,S208034972,1,Wake,107.0,3.014,G13683692,35.6381473,Bass Lake Park & Trail,H,-78.8083899,wintering,6,2025-01-01,EBIRD_ATL_NC,Traveling,,APEX-SE,1,1,Carolina Wren,,,
S208034972,S208034972,1,Wake,107.0,3.014,G13683692,35.6381473,Bass Lake Park & Trail,H,-78.8083899,wintering,6,2025-01-01,EBIRD_ATL_NC,Traveling,,APEX-SE,1,1,Cedar Waxwing,,,
S208034972,S208034972,1,Wake,107.0,3.014,G13683692,35.6381473,Bass Lake Park & Trail,H,-78.8083899,wintering,6,2025-01-01,EBIRD_ATL_NC,Traveling,,APEX-SE,1,1,Double-crested Cormorant,,,
S208034972,S208034972,1,Wake,107.0,3.014,G13683692,35.6381473,Bass Lake Park & Trail,H,-78.8083899,wintering,6,2025-01-01,EBIRD_ATL_NC,Traveling,,APEX-SE,1,1,Downy Woodpecker,,,
S208034972,S208034972,1,Wake,107.0,3.014,G13683692,35.6381473,Bass Lake Park & Trail,H,-78.8083899,wintering,6,2025-01-01,EBIRD_ATL_NC,Traveling,,APEX-SE,1,1,Eastern Phoebe,,,
S208034972,S208034972,1,Wake,107.0,3.014,G13683692,35.6381473,Bass Lake Park & Trail,H,-78.8083899,wintering,6,2025-01-01,EBIRD_ATL_NC,Traveling,,APEX-SE,1,1,Fish Crow,,,
S208034972,S208034972,1,Wake,107.0,3.014,G13683692,35.6381473,Bass Lake Park & Trail,H,-78.8083899,wintering,6,2025-01-01,EBIRD_ATL_NC,Traveling,,APEX-SE,1,1,Golden-crowned Kinglet,,,
S208034972,S208034972,1,Wake,107.0,3.014,G13683692,35.6381473,Bass Lake Park & Trail,H,-78.8083899,wintering,6,2025-01-01,EBIRD_ATL_NC,Traveling,,APEX-SE,1,1,Great Blue Heron,,,
S208034972,S208034972,1,Wake,107.0,3.014,G13683692,35.6381473,Bass Lake Park & Trail,H,-78.8083899,wintering,6,2025-01-01,EBIRD_ATL_NC,Traveling,,APEX-SE,1,1,Hermit Thrush,,,
S208034972,S208034972,1,Wake,107.0,3.014,G13683692,35.6381473,Bass Lake Park & Trail,H,-78.8083899,wintering,6,2025-01-01,EBIRD_ATL_NC,Traveling,,APEX-SE,1,1,House Finch,,,
S208034972,S208034972,1,Wake,107.0,3.014,G13683692,35.6381473,Bass Lake Park & Trail,H,-78.8083899,wintering,6,2025-01-01,EBIRD_ATL_NC,Traveling,,APEX-SE,1,1,Mallard,,,
S208034972,S208034972,1,Wake,107.0,3.014,G13683692,35.6381473,Bass Lake Park & Trail,H,-78.8083899,wintering,6,2025-01-01,EBIRD_ATL_NC,Traveling,,APEX-SE,1,1,Mourning Dove,,,
S208034972,S208034972,1,Wake,107.0,3.014,G13683692,35.6381473,Bass Lake Park & Trail,H,-78.8083899,wintering,6,2025-01-01,EBIRD_ATL_NC,Traveling,,APEX-SE,1,1,Northern Cardinal,,,
S208034972,S208034972,1,Wake,107.0,3.014,G13683692,35.6381473,Bass Lake Park & Trail,H,-78.8083899,wintering,6,2025-01-01,EBIRD_ATL_NC,Traveling,,APEX-SE,1,1,Northern Flicker,,,
S208034972,S208034972,1,Wake,107.0,3.014,G13683692,35.6381473,Bass Lake Park & Trail,H,-78.8083899,wintering,6,2025-01-01,EBIRD_ATL_NC,Traveling,,APEX-SE,1,1,Pied-billed Grebe,,,
S208034972,S208034972,1,Wake,107.0,3.014,G13683692,35.6381473,Bass Lake Park & Trail,H,-78.8083899,wintering,6,2025-01-01,EBIRD_ATL_NC,Traveling,,APEX-SE,1,1,Red-bellied Woodpecker,,,
S208034972,S208034972,1,Wake,107.0,3.014,G13683692,35.6381473,Bass Lake Park & Trail,H,-78.8083899,wintering,6,2025-01-01,EBIRD_ATL_NC,Traveling,,APEX-SE,1,1,Red-shouldered Hawk,,,
S208034972,S208034972,1,Wake,107.0,3.014,G13683692,35.6381473,Bass Lake Park & Trail,H,-78.8083899,wintering,6,2025-01-01,EBIRD_ATL_NC,Traveling,,APEX-SE,1,1,Ring-billed Gull,,,
S208034972,S208034972,1,Wake,107.0,3.014,G13683692,35.6381473,Bass Lake Park & Trail,H,-78.8083899,wintering,6,2025-01-01,EBIRD_ATL_NC,Traveling,,APEX-SE,1,1,Ruby-crowned Kinglet,,,
S208034972,S208034972,1,Wake,107.0,3.014,G13683692,35.6381473,Bass Lake Park & Trail,H,-78.8083899,wintering,6,2025-01-01,EBIRD_ATL_NC,Traveling,,APEX-SE,1,1,Swamp Sparrow,,,
S208034972,S208034972,1,Wake,107.0,3.014,G13683692,35.6381473,Bass Lake Park & Trail,H,-78.8083899,wintering,6,2025-01-01,EBIRD_ATL_NC,Traveling,,APEX-SE,1,1,Tufted Titmouse,,,
S208034972,S208034972,1,Wake,107.0,3.014,G13683692,35.6381473,Bass Lake Park & Trail,H,-78.8083899,wintering,6,2025-01-01,EBIRD_ATL_NC,Traveling,,APEX-SE,1,1,Turkey Vulture,,,
S208034972,S208034972,1,Wake,107.0,3.014,G13683692,35.6381473,Bass Lake Park & Trail,H,-78.8083899,wintering,6,2025-01-01,EBIRD_ATL_NC,Traveling,,APEX-SE,1,1,White-breasted Nuthatch,,,
S208034972,S208034972,1,Wake,107.0,3.014,G13683692,35.6381473,Bass Lake Park & Trail,H,-78.8083899,wintering,6,2025-01-01,EBIRD_ATL_NC,Traveling,,APEX-SE,1,1,White-throated Sparrow,,,
S208034972,S208034972,1,Wake,107.0,3.014,G13683692,35.6381473,Bass Lake Park & Trail,H,-78.8083899,wintering,6,2025-01-01,EBIRD_ATL_NC,Traveling,,APEX-SE,1,1,Winter Wren,,,
S208034972,S208034972,1,Wake,107.0,3.014,G13683692,35.6381473,Bass Lake Park & Trail,H,-78.8083899,wintering,6,2025-01-01,EBIRD_ATL_NC,Traveling,,APEX-SE,1,1,American Coot,,,
S208034972,S208034972,1,Wake,107.0,3.014,G13683692,35.6381473,Bass Lake Park & Trail,H,-78.8083899,wintering,6,2025-01-01,EBIRD_ATL_NC,Traveling,,APEX-SE,1,1,Yellow-bellied Sapsucker,,,
S208034972,S208034972,1,Wake,107.0,3.014,G13683692,35.6381473,Bass Lake Park & Trail,H,-78.8083899,wintering,6,2025-01-01,EBIRD_ATL_NC,Traveling,,APEX-SE,1,1,Yellow-rumped Warbler,,,
S207456908,S207456908,1,Wake,107.0,3.014,G13683692,35.6381473,Bass Lake Park & Trail,H,-78.8083899,wintering,6,2025-01-01,EBIRD_ATL_NC,Traveling,,APEX-SE,1,1,American Crow,,,
S207456908,S207456908,1,Wake,107.0,3.014,G13683692,35.6381473,Bass Lake Park & Trail,H,-78.8083899,wintering,6,2025-01-01,EBIRD_ATL_NC,Traveling,,APEX-SE,1,1,American Goldfinch,,,
S207456908,S207456908,1,Wake,107.0,3.014,G13683692,35.6381473,Bass Lake Park & Trail,H,-78.8083899,wintering,6,2025-01-01,EBIRD_ATL_NC,Traveling,,APEX-SE,1,1,American Kestrel,,,
S207456908,S207456908,1,Wake,107.0,3.014,G13683692,35.6381473,Bass Lake Park & Trail,H,-78.8083899,wintering,6,2025-01-01,EBIRD_ATL_NC,Traveling,,APEX-SE,1,1,American Robin,,,
S207456908,S207456908,1,Wake,107.0,3.014,G13683692,35.6381473,Bass Lake Park & Trail,H,-78.8083899,wintering,6,2025-01-01,EBIRD_ATL_NC,Traveling,,APEX-SE,1,1,Bald Eagle,,,
S207456908,S207456908,1,Wake,107.0,3.014,G13683692,35.6381473,Bass Lake Park & Trail,H,-78.8083899,wintering,6,2025-01-01,EBIRD_ATL_NC,Traveling,,APEX-SE,1,1,Black Vulture,,,
S207456908,S207456908,1,Wake,107.0,3.014,G13683692,35.6381473,Bass Lake Park & Trail,H,-78.8083899,wintering,6,2025-01-01,EBIRD_ATL_NC,Traveling,,APEX-SE,1,1,Blue Jay,,,
S207456908,S207456908,1,Wake,107.0,3.014,G13683692,35.6381473,Bass Lake Park & Trail,H,-78.8083899,wintering,6,2025-01-01,EBIRD_ATL_NC,Traveling,,APEX-SE,1,1,Brown-headed Nuthatch,,,
S207456908,S207456908,1,Wake,107.0,3.014,G13683692,35.6381473,Bass Lake Park & Trail,H,-78.8083899,wintering,6,2025-01-01,EBIRD_ATL_NC,Traveling,,APEX-SE,1,1,Brown Creeper,,,
S207456908,S207456908,1,Wake,107.0,3.014,G13683692,35.6381473,Bass Lake Park & Trail,H,-78.8083899,wintering,6,2025-01-01,EBIRD_ATL_NC,Traveling,,APEX-SE,1,1,Carolina Chickadee,,,
S207456908,S207456908,1,Wake,107.0,3.014,G13683692,35.6381473,Bass Lake Park & Trail,H,-78.8083899,wintering,6,2025-01-01,EBIRD_ATL_NC,Traveling,,APEX-SE,1,1,Carolina Wren,,,
S207456908,S207456908,1,Wake,107.0,3.014,G13683692,35.6381473,Bass Lake Park & Trail,H,-78.8083899,wintering,6,2025-01-01,EBIRD_ATL_NC,Traveling,,APEX-SE,1,1,Cedar Waxwing,,,
S207456908,S207456908,1,Wake,107.0,3.014,G13683692,35.6381473,Bass Lake Park & Trail,H,-78.8083899,wintering,6,2025-01-01,EBIRD_ATL_NC,Traveling,,APEX-SE,1,1,Double-crested Cormorant,,,
S207456908,S207456908,1,Wake,107.0,3.014,G13683692,35.6381473,Bass Lake Park & Trail,H,-78.8083899,wintering,6,2025-01-01,EBIRD_ATL_NC,Traveling,,APEX-SE,1,1,Downy Woodpecker,,,
S207456908,S207456908,1,Wake,107.0,3.014,G13683692,35.6381473,Bass Lake Park & Trail,H,-78.8083899,wintering,6,2025-01-01,EBIRD_ATL_NC,Traveling,,APEX-SE,1,1,Eastern Phoebe,,,
S207456908,S207456908,1,Wake,107.0,3.014,G13683692,35.6381473,Bass Lake Park & Trail,H,-78.8083899,wintering,6,2025-01-01,EBIRD_ATL_NC,Traveling,,APEX-SE,1,1,Fish Crow,,,
S207456908,S207456908,1,Wake,107.0,3.014,G13683692,35.6381473,Bass Lake Park & Trail,H,-78.8083899,wintering,6,2025-01-01,EBIRD_ATL_NC,Traveling,,APEX-SE,1,1,Golden-crowned Kinglet,,,
S207456908,S207456908,1,Wake,107.0,3.014,G13683692,35.6381473,Bass Lake Park & Trail,H,-78.8083899,wintering,6,2025-01-01,EBIRD_ATL_NC,Traveling,,APEX-SE,1,1,Great Blue Heron,,,
S207456908,S207456908,1,Wake,107.0,3.014,G13683692,35.6381473,Bass Lake Park & Trail,H,-78.8083899,wintering,6,2025-01-01,EBIRD_ATL_NC,Traveling,,APEX-SE,1,1,Hermit Thrush,,,
S207456908,S207456908,1,Wake,107.0,3.014,G13683692,35.6381473,Bass Lake Park & Trail,H,-78.8083899,wintering,6,2025-01-01,EBIRD_ATL_NC,Traveling,,APEX-SE,1,1,House Finch,,,
S207456908,S207456908,1,Wake,107.0,3.014,G13683692,35.6381473,Bass Lake Park & Trail,H,-78.8083899,wintering,6,2025-01-01,EBIRD_ATL_NC,Traveling,,APEX-SE,1,1,Mallard,,,
S207456908,S207456908,1,Wake,107.0,3.014,G13683692,35.6381473,Bass Lake Park & Trail,H,-78.8083899,wintering,6,2025-01-01,EBIRD_ATL_NC,Traveling,,APEX-SE,1,1,Mourning Dove,,,
S207456908,S207456908,1,Wake,107.0,3.014,G13683692,35.6381473,Bass Lake Park & Trail,H,-78.8083899,wintering,6,2025-01-01,EBIRD_ATL_NC,Traveling,,APEX-SE,1,1,Northern Cardinal,,,
S207456908,S207456908,1,Wake,107.0,3.014,G13683692,35.6381473,Bass Lake Park & Trail,H,-78.8083899,wintering,6,2025-01-01,EBIRD_ATL_NC,Traveling,,APEX-SE,1,1,Northern Flicker,,,
S207456908,S207456908,1,Wake,107.0,3.014,G13683692,35.6381473,Bass Lake Park & Trail,H,-78.8083899,wintering,6,2025-01-01,EBIRD_ATL_NC,Traveling,,APEX-SE,1,1,Pied-billed Grebe,,,
S207456908,S207456908,1,Wake,107.0,3.014,G13683692,35.6381473,Bass Lake Park & Trail,H,-78.8083899,wintering,6,2025-01-01,EBIRD_ATL_NC,Traveling,,APEX-SE,1,1,Red-bellied Woodpecker,,,
S207456908,S207456908,1,Wake,107.0,3.014,G13683692,35.6381473,Bass Lake Park & Trail,H,-78.8083899,wintering,6,2025-01-01,EBIRD_ATL_NC,Traveling,,APEX-SE,1,1,Red-shouldered Hawk,,,
S207456908,S207456908,1,Wake,107.0,3.014,G13683692,35.6381473,Bass Lake Park & Trail,H,-78.8083899,wintering,6,2025-01-01,EBIRD_ATL_NC,Traveling,,APEX-SE,1,1,Ring-billed Gull,,,
S207456908,S207456908,1,Wake,107.0,3.014,G13683692,35.6381473,Bass Lake Park & Trail,H,-78.8083899,wintering,6,2025-01-01,EBIRD_ATL_NC,Traveling,,APEX-SE,1,1,Ruby-crowned Kinglet,,,
S207456908,S207456908,1,Wake,107.0,3.014,G13683692,35.6381473,Bass Lake Park & Trail,H,-78.8083899,wintering,6,2025-01-01,EBIRD_ATL_NC,Traveling,,APEX-SE,1,1,Swamp Sparrow,,,
S207456908,S207456908,1,Wake,107.0,3.014,G13683692,35.6381473,Bass Lake Park & Trail,H,-78.8083899,wintering,6,2025-01-01,EBIRD_ATL_NC,Traveling,,APEX-SE,1,1,Tufted Titmouse,,,
S207456908,S207456908,1,Wake,107.0,3.014,G13683692,35.6381473,Bass Lake Park & Trail,H,-78.8083899,wintering,6,2025-01-01,EBIRD_ATL_NC,Traveling,,APEX-SE,1,1,Turkey Vulture,,,
S207456908,S207456908,1,Wake,107.0,3.014,G13683692,35.6381473,Bass Lake Park & Trail,H,-78.8083899,wintering,6,2025-01-01,EBIRD_ATL_NC,Traveling,,APEX-SE,1,1,White-breasted Nuthatch,,,
S207456908,S207456908,1,Wake,107.0,3.014,G13683692,35.6381473,Bass Lake Park & Trail,H,-78.8083899,wintering,6,2025-01-01,EBIRD_ATL_NC,Traveling,,APEX-SE,1,1,White-throated Sparrow,,,
S207456908,S207456908,1,Wake,107.0,3.014,G13683692,35.6381473,Bass Lake Park & Trail,H,-78.8083899,wintering,6,2025-01-01,EBIRD_ATL_NC,Traveling,,APEX-SE,1,1,Winter Wren,,,
S207456908,S207456908,1,Wake,107.0,3.014,G13683692,35.6381473,Bass Lake Park & Trail,H,-78.8083899,wintering,6,2025-01-01,EBIRD_ATL_NC,Traveling,,APEX-SE,1,1,American Coot,,,
S207456908,S207456908,1,Wake,107.0,3.014,G13683692,35.6381473,Bass Lake Park & Trail,H,-78.8083899,wintering,6,2025-01-01,EBIRD_ATL_NC,Traveling,,APEX-SE,1,1,Yellow-bellied Sapsucker,,,
S207456908,S207456908,1,Wake,107.0,3.014,G13683692,35.6381473,Bass Lake Park & Trail,H,-78.8083899,wintering,6,2025-01-01,EBIRD_ATL_NC,Traveling,,APEX-SE,1,1,Yellow-rumped Warbler,,,
S207428791,S207428791,1,Wake,8.0,0,,35.68654,4042 Reunion Creek Parkway.,P,-78.825601,wintering,1,2025-01-01,EBIRD_ATL_NC,Stationary,,APEX-CW,0,1.0,American Crow,,,
S207428791,S207428791,1,Wake,8.0,0,,35.68654,4042 Reunion Creek Parkway.,P,-78.825601,wintering,1,2025-01-01,EBIRD_ATL_NC,Stationary,,APEX-CW,0,1.0,Eastern Bluebird,,,
S207428791,S207428791,1,Wake,8.0,0,,35.68654,4042 Reunion Creek Parkway.,P,-78.825601,wintering,1,2025-01-01,EBIRD_ATL_NC,Stationary,,APEX-CW,0,1.0,Eastern Phoebe,,,
S207428791,S207428791,1,Wake,8.0,0,,35.68654,4042 Reunion Creek Parkway.,P,-78.825601,wintering,1,2025-01-01,EBIRD_ATL_NC,Stationary,,APEX-CW,0,1.0,Hermit Thrush,,,
S207428791,S207428791,1,Wake,8.0,0,,35.68654,4042 Reunion Creek Parkway.,P,-78.825601,wintering,1,2025-01-01,EBIRD_ATL_NC,Stationary,,APEX-CW,0,1.0,Pine Warbler,,,
S207428791,S207428791,1,Wake,8.0,0,,35.68654,4042 Reunion Creek Parkway.,P,-78.825601,wintering,1,2025-01-01,EBIRD_ATL_NC,Stationary,,APEX-CW,0,1.0,Red-shouldered Hawk,,,
S207428791,S207428791,1,Wake,8.0,0,,35.68654,4042 Reunion Creek Parkway.,P,-78.825601,wintering,1,2025-01-01,EBIRD_ATL_NC,Stationary,,APEX-CW,0,1.0,Song Sparrow,,,
S207428791,S207428791,1,Wake,8.0,0,,35.68654,4042 Reunion Creek Parkway.,P,-78.825601,wintering,1,2025-01-01,EBIRD_ATL_NC,Stationary,,APEX-CW,0,1.0,Yellow-rumped Warbler,,,
S207566719,S207566719,1,Wake,90.0,2.183,G13697082,35.6078779,Harris Game Land--Upper Boat Ramp,H,-78.9390818,wintering,2,2025-01-01,EBIRD_ATL_NC,Traveling,,COKESBURY-NW,0,1,American Crow,,,
S207566719,S207566719,1,Wake,90.0,2.183,G13697082,35.6078779,Harris Game Land--Upper Boat Ramp,H,-78.9390818,wintering,2,2025-01-01,EBIRD_ATL_NC,Traveling,,COKESBURY-NW,0,1,Bald Eagle,,,
S207566719,S207566719,1,Wake,90.0,2.183,G13697082,35.6078779,Harris Game Land--Upper Boat Ramp,H,-78.9390818,wintering,2,2025-01-01,EBIRD_ATL_NC,Traveling,,COKESBURY-NW,0,1,Common Loon,,,
S207566719,S207566719,1,Wake,90.0,2.183,G13697082,35.6078779,Harris Game Land--Upper Boat Ramp,H,-78.9390818,wintering,2,2025-01-01,EBIRD_ATL_NC,Traveling,,COKESBURY-NW,0,1,Double-crested Cormorant,,,
S207566719,S207566719,1,Wake,90.0,2.183,G13697082,35.6078779,Harris Game Land--Upper Boat Ramp,H,-78.9390818,wintering,2,2025-01-01,EBIRD_ATL_NC,Traveling,,COKESBURY-NW,0,1,Golden-crowned Kinglet,,,
S207566719,S207566719,1,Wake,90.0,2.183,G13697082,35.6078779,Harris Game Land--Upper Boat Ramp,H,-78.9390818,wintering,2,2025-01-01,EBIRD_ATL_NC,Traveling,,COKESBURY-NW,0,1,Great Blue Heron,,,
S207566719,S207566719,1,Wake,90.0,2.183,G13697082,35.6078779,Harris Game Land--Upper Boat Ramp,H,-78.9390818,wintering,2,2025-01-01,EBIRD_ATL_NC,Traveling,,COKESBURY-NW,0,1,Lesser Black-backed Gull,,,Husky brownish full with white head
S207566719,S207566719,1,Wake,90.0,2.183,G13697082,35.6078779,Harris Game Land--Upper Boat Ramp,H,-78.9390818,wintering,2,2025-01-01,EBIRD_ATL_NC,Traveling,,COKESBURY-NW,0,1,Northern Cardinal,,,
S207566719,S207566719,1,Wake,90.0,2.183,G13697082,35.6078779,Harris Game Land--Upper Boat Ramp,H,-78.9390818,wintering,2,2025-01-01,EBIRD_ATL_NC,Traveling,,COKESBURY-NW,0,1,Northern Harrier,,,
S207566719,S207566719,1,Wake,90.0,2.183,G13697082,35.6078779,Harris Game Land--Upper Boat Ramp,H,-78.9390818,wintering,2,2025-01-01,EBIRD_ATL_NC,Traveling,,COKESBURY-NW,0,1,Red-winged Blackbird,,,
S207566719,S207566719,1,Wake,90.0,2.183,G13697082,35.6078779,Harris Game Land--Upper Boat Ramp,H,-78.9390818,wintering,2,2025-01-01,EBIRD_ATL_NC,Traveling,,COKESBURY-NW,0,1,Ring-billed Gull,,,
S207566719,S207566719,1,Wake,90.0,2.183,G13697082,35.6078779,Harris Game Land--Upper Boat Ramp,H,-78.9390818,wintering,2,2025-01-01,EBIRD_ATL_NC,Traveling,,COKESBURY-NW,0,1,Ruby-crowned Kinglet,,,
S207566719,S207566719,1,Wake,90.0,2.183,G13697082,35.6078779,Harris Game Land--Upper Boat Ramp,H,-78.9390818,wintering,2,2025-01-01,EBIRD_ATL_NC,Traveling,,COKESBURY-NW,0,1,Savannah Sparrow,,,
S207566719,S207566719,1,Wake,90.0,2.183,G13697082,35.6078779,Harris Game Land--Upper Boat Ramp,H,-78.9390818,wintering,2,2025-01-01,EBIRD_ATL_NC,Traveling,,COKESBURY-NW,0,1,Song Sparrow,,,
S207435335,S207435335,0,Wake,0,0,,35.724947,"1027 Bungalow Park Dr, Apex US-NC 35.72495, -78.88640",P,-78.886398,wintering,1,2025-01-01,EBIRD_ATL_NC,Incidental,,NEW_HILL-NE,0,1.0,American Crow,,,
S207435335,S207435335,0,Wake,0,0,,35.724947,"1027 Bungalow Park Dr, Apex US-NC 35.72495, -78.88640",P,-78.886398,wintering,1,2025-01-01,EBIRD_ATL_NC,Incidental,,NEW_HILL-NE,0,1.0,American Goldfinch,,,
S207435335,S207435335,0,Wake,0,0,,35.724947,"1027 Bungalow Park Dr, Apex US-NC 35.72495, -78.88640",P,-78.886398,wintering,1,2025-01-01,EBIRD_ATL_NC,Incidental,,NEW_HILL-NE,0,1.0,House Finch,,,
S207435335,S207435335,0,Wake,0,0,,35.724947,"1027 Bungalow Park Dr, Apex US-NC 35.72495, -78.88640",P,-78.886398,wintering,1,2025-01-01,EBIRD_ATL_NC,Incidental,,NEW_HILL-NE,0,1.0,Northern Cardinal,,,
S207435335,S207435335,0,Wake,0,0,,35.724947,"1027 Bungalow Park Dr, Apex US-NC 35.72495, -78.88640",P,-78.886398,wintering,1,2025-01-01,EBIRD_ATL_NC,Incidental,,NEW_HILL-NE,0,1.0,Northern Mockingbird,,,
S207435335,S207435335,0,Wake,0,0,,35.724947,"1027 Bungalow Park Dr, Apex US-NC 35.72495, -78.88640",P,-78.886398,wintering,1,2025-01-01,EBIRD_ATL_NC,Incidental,,NEW_HILL-NE,0,1.0,Yellow-rumped Warbler,,,
S207430570,S207430570,1,Wake,4.0,0,,35.68654,4042 Reunion Creek Parkway.,P,-78.825601,wintering,1,2025-01-01,EBIRD_ATL_NC,Stationary,,APEX-CW,0,1.0,American Crow,,,
S207430570,S207430570,1,Wake,4.0,0,,35.68654,4042 Reunion Creek Parkway.,P,-78.825601,wintering,1,2025-01-01,EBIRD_ATL_NC,Stationary,,APEX-CW,0,1.0,American Robin,,,
S207430570,S207430570,1,Wake,4.0,0,,35.68654,4042 Reunion Creek Parkway.,P,-78.825601,wintering,1,2025-01-01,EBIRD_ATL_NC,Stationary,,APEX-CW,0,1.0,Brown-headed Nuthatch,,,
S207430570,S207430570,1,Wake,4.0,0,,35.68654,4042 Reunion Creek Parkway.,P,-78.825601,wintering,1,2025-01-01,EBIRD_ATL_NC,Stationary,,APEX-CW,0,1.0,Canada Goose,,,
S207430570,S207430570,1,Wake,4.0,0,,35.68654,4042 Reunion Creek Parkway.,P,-78.825601,wintering,1,2025-01-01,EBIRD_ATL_NC,Stationary,,APEX-CW,0,1.0,Dark-eyed Junco,,,
S207430570,S207430570,1,Wake,4.0,0,,35.68654,4042 Reunion Creek Parkway.,P,-78.825601,wintering,1,2025-01-01,EBIRD_ATL_NC,Stationary,,APEX-CW,0,1.0,Eastern Bluebird,,,
S207430570,S207430570,1,Wake,4.0,0,,35.68654,4042 Reunion Creek Parkway.,P,-78.825601,wintering,1,2025-01-01,EBIRD_ATL_NC,Stationary,,APEX-CW,0,1.0,Eastern Phoebe,,,
S207430570,S207430570,1,Wake,4.0,0,,35.68654,4042 Reunion Creek Parkway.,P,-78.825601,wintering,1,2025-01-01,EBIRD_ATL_NC,Stationary,,APEX-CW,0,1.0,European Starling,,,
S207430570,S207430570,1,Wake,4.0,0,,35.68654,4042 Reunion Creek Parkway.,P,-78.825601,wintering,1,2025-01-01,EBIRD_ATL_NC,Stationary,,APEX-CW,0,1.0,House Finch,,,
S207430570,S207430570,1,Wake,4.0,0,,35.68654,4042 Reunion Creek Parkway.,P,-78.825601,wintering,1,2025-01-01,EBIRD_ATL_NC,Stationary,,APEX-CW,0,1.0,Northern Cardinal,,,
S207430570,S207430570,1,Wake,4.0,0,,35.68654,4042 Reunion Creek Parkway.,P,-78.825601,wintering,1,2025-01-01,EBIRD_ATL_NC,Stationary,,APEX-CW,0,1.0,Tufted Titmouse,,,
S207430570,S207430570,1,Wake,4.0,0,,35.68654,4042 Reunion Creek Parkway.,P,-78.825601,wintering,1,2025-01-01,EBIRD_ATL_NC,Stationary,,APEX-CW,0,1.0,Yellow-rumped Warbler,,,
S207561681,S207561681,1,Washington,140.0,6.913,,35.7066562,Pocosin Lakes NWR--Pungo Unit,H,-76.5659523,wintering,1,2025-01-01,EBIRD_ATL_NC,Traveling,,PUNGO_LAKE-CW,0,1,American Black Duck,,,
S207561681,S207561681,1,Washington,140.0,6.913,,35.7066562,Pocosin Lakes NWR--Pungo Unit,H,-76.5659523,wintering,1,2025-01-01,EBIRD_ATL_NC,Traveling,,PUNGO_LAKE-CW,0,1,American Crow,,,
S207561681,S207561681,1,Washington,140.0,6.913,,35.7066562,Pocosin Lakes NWR--Pungo Unit,H,-76.5659523,wintering,1,2025-01-01,EBIRD_ATL_NC,Traveling,,PUNGO_LAKE-CW,0,1,American Kestrel,,,
S207561681,S207561681,1,Washington,140.0,6.913,,35.7066562,Pocosin Lakes NWR--Pungo Unit,H,-76.5659523,wintering,1,2025-01-01,EBIRD_ATL_NC,Traveling,,PUNGO_LAKE-CW,0,1,American Pipit,,,
S207561681,S207561681,1,Washington,140.0,6.913,,35.7066562,Pocosin Lakes NWR--Pungo Unit,H,-76.5659523,wintering,1,2025-01-01,EBIRD_ATL_NC,Traveling,,PUNGO_LAKE-CW,0,1,American Robin,,,
S207561681,S207561681,1,Washington,140.0,6.913,,35.7066562,Pocosin Lakes NWR--Pungo Unit,H,-76.5659523,wintering,1,2025-01-01,EBIRD_ATL_NC,Traveling,,PUNGO_LAKE-CW,0,1,Bald Eagle,,,
S207561681,S207561681,1,Washington,140.0,6.913,,35.7066562,Pocosin Lakes NWR--Pungo Unit,H,-76.5659523,wintering,1,2025-01-01,EBIRD_ATL_NC,Traveling,,PUNGO_LAKE-CW,0,1,Belted Kingfisher,,,
S207561681,S207561681,1,Washington,140.0,6.913,,35.7066562,Pocosin Lakes NWR--Pungo Unit,H,-76.5659523,wintering,1,2025-01-01,EBIRD_ATL_NC,Traveling,,PUNGO_LAKE-CW,0,1,Black Vulture,,,
S207561681,S207561681,1,Washington,140.0,6.913,,35.7066562,Pocosin Lakes NWR--Pungo Unit,H,-76.5659523,wintering,1,2025-01-01,EBIRD_ATL_NC,Traveling,,PUNGO_LAKE-CW,0,1,Carolina Chickadee,,,
S207561681,S207561681,1,Washington,140.0,6.913,,35.7066562,Pocosin Lakes NWR--Pungo Unit,H,-76.5659523,wintering,1,2025-01-01,EBIRD_ATL_NC,Traveling,,PUNGO_LAKE-CW,0,1,Carolina Wren,,,
S207561681,S207561681,1,Washington,140.0,6.913,,35.7066562,Pocosin Lakes NWR--Pungo Unit,H,-76.5659523,wintering,1,2025-01-01,EBIRD_ATL_NC,Traveling,,PUNGO_LAKE-CW,0,1,Chipping Sparrow,,,
S207561681,S207561681,1,Washington,140.0,6.913,,35.7066562,Pocosin Lakes NWR--Pungo Unit,H,-76.5659523,wintering,1,2025-01-01,EBIRD_ATL_NC,Traveling,,PUNGO_LAKE-CW,0,1,Common Grackle,,,
S207561681,S207561681,1,Washington,140.0,6.913,,35.7066562,Pocosin Lakes NWR--Pungo Unit,H,-76.5659523,wintering,1,2025-01-01,EBIRD_ATL_NC,Traveling,,PUNGO_LAKE-CW,0,1,Coopers Hawk,,,
S207561681,S207561681,1,Washington,140.0,6.913,,35.7066562,Pocosin Lakes NWR--Pungo Unit,H,-76.5659523,wintering,1,2025-01-01,EBIRD_ATL_NC,Traveling,,PUNGO_LAKE-CW,0,1,Dark-eyed Junco,,,
S207561681,S207561681,1,Washington,140.0,6.913,,35.7066562,Pocosin Lakes NWR--Pungo Unit,H,-76.5659523,wintering,1,2025-01-01,EBIRD_ATL_NC,Traveling,,PUNGO_LAKE-CW,0,1,Downy Woodpecker,,,
S207561681,S207561681,1,Washington,140.0,6.913,,35.7066562,Pocosin Lakes NWR--Pungo Unit,H,-76.5659523,wintering,1,2025-01-01,EBIRD_ATL_NC,Traveling,,PUNGO_LAKE-CW,0,1,Eastern Bluebird,,,
S207561681,S207561681,1,Washington,140.0,6.913,,35.7066562,Pocosin Lakes NWR--Pungo Unit,H,-76.5659523,wintering,1,2025-01-01,EBIRD_ATL_NC,Traveling,,PUNGO_LAKE-CW,0,1,Eastern Phoebe,,,
S207561681,S207561681,1,Washington,140.0,6.913,,35.7066562,Pocosin Lakes NWR--Pungo Unit,H,-76.5659523,wintering,1,2025-01-01,EBIRD_ATL_NC,Traveling,,PUNGO_LAKE-CW,0,1,Eastern Towhee,,,
S207561681,S207561681,1,Washington,140.0,6.913,,35.7066562,Pocosin Lakes NWR--Pungo Unit,H,-76.5659523,wintering,1,2025-01-01,EBIRD_ATL_NC,Traveling,,PUNGO_LAKE-CW,0,1,European Starling,,,
S207561681,S207561681,1,Washington,140.0,6.913,,35.7066562,Pocosin Lakes NWR--Pungo Unit,H,-76.5659523,wintering,1,2025-01-01,EBIRD_ATL_NC,Traveling,,PUNGO_LAKE-CW,0,1,Gadwall,,,
S207561681,S207561681,1,Washington,140.0,6.913,,35.7066562,Pocosin Lakes NWR--Pungo Unit,H,-76.5659523,wintering,1,2025-01-01,EBIRD_ATL_NC,Traveling,,PUNGO_LAKE-CW,0,1,Great Blue Heron,,,
S207561681,S207561681,1,Washington,140.0,6.913,,35.7066562,Pocosin Lakes NWR--Pungo Unit,H,-76.5659523,wintering,1,2025-01-01,EBIRD_ATL_NC,Traveling,,PUNGO_LAKE-CW,0,1,Greater Yellowlegs,,,
S207561681,S207561681,1,Washington,140.0,6.913,,35.7066562,Pocosin Lakes NWR--Pungo Unit,H,-76.5659523,wintering,1,2025-01-01,EBIRD_ATL_NC,Traveling,,PUNGO_LAKE-CW,0,1,Great Horned Owl,,,
S207561681,S207561681,1,Washington,140.0,6.913,,35.7066562,Pocosin Lakes NWR--Pungo Unit,H,-76.5659523,wintering,1,2025-01-01,EBIRD_ATL_NC,Traveling,,PUNGO_LAKE-CW,0,1,Gray Catbird,,,
S207561681,S207561681,1,Washington,140.0,6.913,,35.7066562,Pocosin Lakes NWR--Pungo Unit,H,-76.5659523,wintering,1,2025-01-01,EBIRD_ATL_NC,Traveling,,PUNGO_LAKE-CW,0,1,Hooded Merganser,,,
S207561681,S207561681,1,Washington,140.0,6.913,,35.7066562,Pocosin Lakes NWR--Pungo Unit,H,-76.5659523,wintering,1,2025-01-01,EBIRD_ATL_NC,Traveling,,PUNGO_LAKE-CW,0,1,Northern House Wren,,,
S207561681,S207561681,1,Washington,140.0,6.913,,35.7066562,Pocosin Lakes NWR--Pungo Unit,H,-76.5659523,wintering,1,2025-01-01,EBIRD_ATL_NC,Traveling,,PUNGO_LAKE-CW,0,1,Killdeer,,,
S207561681,S207561681,1,Washington,140.0,6.913,,35.7066562,Pocosin Lakes NWR--Pungo Unit,H,-76.5659523,wintering,1,2025-01-01,EBIRD_ATL_NC,Traveling,,PUNGO_LAKE-CW,0,1,Mallard,,,
S207561681,S207561681,1,Washington,140.0,6.913,,35.7066562,Pocosin Lakes NWR--Pungo Unit,H,-76.5659523,wintering,1,2025-01-01,EBIRD_ATL_NC,Traveling,,PUNGO_LAKE-CW,0,1,Mourning Dove,,,
S207561681,S207561681,1,Washington,140.0,6.913,,35.7066562,Pocosin Lakes NWR--Pungo Unit,H,-76.5659523,wintering,1,2025-01-01,EBIRD_ATL_NC,Traveling,,PUNGO_LAKE-CW,0,1,Northern Bobwhite,,,
S207561681,S207561681,1,Washington,140.0,6.913,,35.7066562,Pocosin Lakes NWR--Pungo Unit,H,-76.5659523,wintering,1,2025-01-01,EBIRD_ATL_NC,Traveling,,PUNGO_LAKE-CW,0,1,Northern Cardinal,,,
S207561681,S207561681,1,Washington,140.0,6.913,,35.7066562,Pocosin Lakes NWR--Pungo Unit,H,-76.5659523,wintering,1,2025-01-01,EBIRD_ATL_NC,Traveling,,PUNGO_LAKE-CW,0,1,Northern Flicker,,,
S207561681,S207561681,1,Washington,140.0,6.913,,35.7066562,Pocosin Lakes NWR--Pungo Unit,H,-76.5659523,wintering,1,2025-01-01,EBIRD_ATL_NC,Traveling,,PUNGO_LAKE-CW,0,1,Northern Harrier,,,
S207561681,S207561681,1,Washington,140.0,6.913,,35.7066562,Pocosin Lakes NWR--Pungo Unit,H,-76.5659523,wintering,1,2025-01-01,EBIRD_ATL_NC,Traveling,,PUNGO_LAKE-CW,0,1,Northern Mockingbird,,,
S207561681,S207561681,1,Washington,140.0,6.913,,35.7066562,Pocosin Lakes NWR--Pungo Unit,H,-76.5659523,wintering,1,2025-01-01,EBIRD_ATL_NC,Traveling,,PUNGO_LAKE-CW,0,1,Northern Shoveler,,,
S207561681,S207561681,1,Washington,140.0,6.913,,35.7066562,Pocosin Lakes NWR--Pungo Unit,H,-76.5659523,wintering,1,2025-01-01,EBIRD_ATL_NC,Traveling,,PUNGO_LAKE-CW,0,1,Palm Warbler,,,
S207561681,S207561681,1,Washington,140.0,6.913,,35.7066562,Pocosin Lakes NWR--Pungo Unit,H,-76.5659523,wintering,1,2025-01-01,EBIRD_ATL_NC,Traveling,,PUNGO_LAKE-CW,0,1,Pied-billed Grebe,,,
S207561681,S207561681,1,Washington,140.0,6.913,,35.7066562,Pocosin Lakes NWR--Pungo Unit,H,-76.5659523,wintering,1,2025-01-01,EBIRD_ATL_NC,Traveling,,PUNGO_LAKE-CW,0,1,Pileated Woodpecker,,,
S207561681,S207561681,1,Washington,140.0,6.913,,35.7066562,Pocosin Lakes NWR--Pungo Unit,H,-76.5659523,wintering,1,2025-01-01,EBIRD_ATL_NC,Traveling,,PUNGO_LAKE-CW,0,1,Red-bellied Woodpecker,,,
S207561681,S207561681,1,Washington,140.0,6.913,,35.7066562,Pocosin Lakes NWR--Pungo Unit,H,-76.5659523,wintering,1,2025-01-01,EBIRD_ATL_NC,Traveling,,PUNGO_LAKE-CW,0,1,Red-tailed Hawk,,,
S207561681,S207561681,1,Washington,140.0,6.913,,35.7066562,Pocosin Lakes NWR--Pungo Unit,H,-76.5659523,wintering,1,2025-01-01,EBIRD_ATL_NC,Traveling,,PUNGO_LAKE-CW,0,1,Red-winged Blackbird,,,
S207561681,S207561681,1,Washington,140.0,6.913,,35.7066562,Pocosin Lakes NWR--Pungo Unit,H,-76.5659523,wintering,1,2025-01-01,EBIRD_ATL_NC,Traveling,,PUNGO_LAKE-CW,0,1,Ring-billed Gull,,,
S207561681,S207561681,1,Washington,140.0,6.913,,35.7066562,Pocosin Lakes NWR--Pungo Unit,H,-76.5659523,wintering,1,2025-01-01,EBIRD_ATL_NC,Traveling,,PUNGO_LAKE-CW,0,1,Ruddy Duck,,,
S207561681,S207561681,1,Washington,140.0,6.913,,35.7066562,Pocosin Lakes NWR--Pungo Unit,H,-76.5659523,wintering,1,2025-01-01,EBIRD_ATL_NC,Traveling,,PUNGO_LAKE-CW,0,1,Savannah Sparrow,,,
S207561681,S207561681,1,Washington,140.0,6.913,,35.7066562,Pocosin Lakes NWR--Pungo Unit,H,-76.5659523,wintering,1,2025-01-01,EBIRD_ATL_NC,Traveling,,PUNGO_LAKE-CW,0,1,Snow Goose,,,White goose with black wingtips. Please correct the filter.
S207561681,S207561681,1,Washington,140.0,6.913,,35.7066562,Pocosin Lakes NWR--Pungo Unit,H,-76.5659523,wintering,1,2025-01-01,EBIRD_ATL_NC,Traveling,,PUNGO_LAKE-CW,0,1,Song Sparrow,,,
S207561681,S207561681,1,Washington,140.0,6.913,,35.7066562,Pocosin Lakes NWR--Pungo Unit,H,-76.5659523,wintering,1,2025-01-01,EBIRD_ATL_NC,Traveling,,PUNGO_LAKE-CW,0,1,Swamp Sparrow,,,
S207561681,S207561681,1,Washington,140.0,6.913,,35.7066562,Pocosin Lakes NWR--Pungo Unit,H,-76.5659523,wintering,1,2025-01-01,EBIRD_ATL_NC,Traveling,,PUNGO_LAKE-CW,0,1,Tree Swallow,,,
S207561681,S207561681,1,Washington,140.0,6.913,,35.7066562,Pocosin Lakes NWR--Pungo Unit,H,-76.5659523,wintering,1,2025-01-01,EBIRD_ATL_NC,Traveling,,PUNGO_LAKE-CW,0,1,Tufted Titmouse,,,
S207561681,S207561681,1,Washington,140.0,6.913,,35.7066562,Pocosin Lakes NWR--Pungo Unit,H,-76.5659523,wintering,1,2025-01-01,EBIRD_ATL_NC,Traveling,,PUNGO_LAKE-CW,0,1,Tundra Swan,,,"White Swan with black legs, feet & bill. Please adjust filter."
S207561681,S207561681,1,Washington,140.0,6.913,,35.7066562,Pocosin Lakes NWR--Pungo Unit,H,-76.5659523,wintering,1,2025-01-01,EBIRD_ATL_NC,Traveling,,PUNGO_LAKE-CW,0,1,Turkey Vulture,,,
S207561681,S207561681,1,Washington,140.0,6.913,,35.7066562,Pocosin Lakes NWR--Pungo Unit,H,-76.5659523,wintering,1,2025-01-01,EBIRD_ATL_NC,Traveling,,PUNGO_LAKE-CW,0,1,White-throated Sparrow,,,
S207561681,S207561681,1,Washington,140.0,6.913,,35.7066562,Pocosin Lakes NWR--Pungo Unit,H,-76.5659523,wintering,1,2025-01-01,EBIRD_ATL_NC,Traveling,,PUNGO_LAKE-CW,0,1,Wild Turkey,,,
S207561681,S207561681,1,Washington,140.0,6.913,,35.7066562,Pocosin Lakes NWR--Pungo Unit,H,-76.5659523,wintering,1,2025-01-01,EBIRD_ATL_NC,Traveling,,PUNGO_LAKE-CW,0,1,Wood Duck,,,
S207561681,S207561681,1,Washington,140.0,6.913,,35.7066562,Pocosin Lakes NWR--Pungo Unit,H,-76.5659523,wintering,1,2025-01-01,EBIRD_ATL_NC,Traveling,,PUNGO_LAKE-CW,0,1,Yellow-rumped Warbler,,,
S207561681,S207561681,1,Washington,140.0,6.913,,35.7066562,Pocosin Lakes NWR--Pungo Unit,H,-76.5659523,wintering,1,2025-01-01,EBIRD_ATL_NC,Traveling,,PUNGO_LAKE-CW,0,1,Wilson's Snipe,,,Brown & goldish round bird with long bill. Please adjust filter.
S207561681,S207561681,1,Washington,140.0,6.913,,35.7066562,Pocosin Lakes NWR--Pungo Unit,H,-76.5659523,wintering,1,2025-01-01,EBIRD_ATL_NC,Traveling,,PUNGO_LAKE-CW,0,1,Sandhill Crane,,,Tall grey crane with long sharp beak & red mask. Please adjust filter.
S207476714,S207476714,1,Watauga,43.0,2.816,,36.2144561,Boone Greenway Trail,H,-81.6465175,wintering,1,2025-01-01,EBIRD_ATL_NC,Traveling,,BOONE-NE,0,1.0,American Crow,,,
S207476714,S207476714,1,Watauga,43.0,2.816,,36.2144561,Boone Greenway Trail,H,-81.6465175,wintering,1,2025-01-01,EBIRD_ATL_NC,Traveling,,BOONE-NE,0,1.0,Carolina Wren,,,
S207476714,S207476714,1,Watauga,43.0,2.816,,36.2144561,Boone Greenway Trail,H,-81.6465175,wintering,1,2025-01-01,EBIRD_ATL_NC,Traveling,,BOONE-NE,0,1.0,Great Blue Heron,,,
S207476714,S207476714,1,Watauga,43.0,2.816,,36.2144561,Boone Greenway Trail,H,-81.6465175,wintering,1,2025-01-01,EBIRD_ATL_NC,Traveling,,BOONE-NE,0,1.0,Red-bellied Woodpecker,,,
S207476714,S207476714,1,Watauga,43.0,2.816,,36.2144561,Boone Greenway Trail,H,-81.6465175,wintering,1,2025-01-01,EBIRD_ATL_NC,Traveling,,BOONE-NE,0,1.0,Red-tailed Hawk,,,
S207476714,S207476714,1,Watauga,43.0,2.816,,36.2144561,Boone Greenway Trail,H,-81.6465175,wintering,1,2025-01-01,EBIRD_ATL_NC,Traveling,,BOONE-NE,0,1.0,Song Sparrow,,,
S211401165,S211401165,1,Watauga,60.0,0,,36.2357004,Clint Norris Rd,P,-81.6598415,wintering,1,2025-01-01,EBIRD_ATL_NC,Stationary,"snow, windy, 30s",BOONE-NE,0,1.0,American Crow,,,
S211401165,S211401165,1,Watauga,60.0,0,,36.2357004,Clint Norris Rd,P,-81.6598415,wintering,1,2025-01-01,EBIRD_ATL_NC,Stationary,"snow, windy, 30s",BOONE-NE,0,1.0,American Goldfinch,,,
S211401165,S211401165,1,Watauga,60.0,0,,36.2357004,Clint Norris Rd,P,-81.6598415,wintering,1,2025-01-01,EBIRD_ATL_NC,Stationary,"snow, windy, 30s",BOONE-NE,0,1.0,Blue Jay,,,
S211401165,S211401165,1,Watauga,60.0,0,,36.2357004,Clint Norris Rd,P,-81.6598415,wintering,1,2025-01-01,EBIRD_ATL_NC,Stationary,"snow, windy, 30s",BOONE-NE,0,1.0,Carolina Chickadee,,,
S211401165,S211401165,1,Watauga,60.0,0,,36.2357004,Clint Norris Rd,P,-81.6598415,wintering,1,2025-01-01,EBIRD_ATL_NC,Stationary,"snow, windy, 30s",BOONE-NE,0,1.0,Carolina Wren,,,
S211401165,S211401165,1,Watauga,60.0,0,,36.2357004,Clint Norris Rd,P,-81.6598415,wintering,1,2025-01-01,EBIRD_ATL_NC,Stationary,"snow, windy, 30s",BOONE-NE,0,1.0,Dark-eyed Junco,,,
S211401165,S211401165,1,Watauga,60.0,0,,36.2357004,Clint Norris Rd,P,-81.6598415,wintering,1,2025-01-01,EBIRD_ATL_NC,Stationary,"snow, windy, 30s",BOONE-NE,0,1.0,Downy Woodpecker,,,
S211401165,S211401165,1,Watauga,60.0,0,,36.2357004,Clint Norris Rd,P,-81.6598415,wintering,1,2025-01-01,EBIRD_ATL_NC,Stationary,"snow, windy, 30s",BOONE-NE,0,1.0,Field Sparrow,,,
S211401165,S211401165,1,Watauga,60.0,0,,36.2357004,Clint Norris Rd,P,-81.6598415,wintering,1,2025-01-01,EBIRD_ATL_NC,Stationary,"snow, windy, 30s",BOONE-NE,0,1.0,House Finch,,,
S211401165,S211401165,1,Watauga,60.0,0,,36.2357004,Clint Norris Rd,P,-81.6598415,wintering,1,2025-01-01,EBIRD_ATL_NC,Stationary,"snow, windy, 30s",BOONE-NE,0,1.0,Mourning Dove,,,
S211401165,S211401165,1,Watauga,60.0,0,,36.2357004,Clint Norris Rd,P,-81.6598415,wintering,1,2025-01-01,EBIRD_ATL_NC,Stationary,"snow, windy, 30s",BOONE-NE,0,1.0,Northern Cardinal,,,
S211401165,S211401165,1,Watauga,60.0,0,,36.2357004,Clint Norris Rd,P,-81.6598415,wintering,1,2025-01-01,EBIRD_ATL_NC,Stationary,"snow, windy, 30s",BOONE-NE,0,1.0,Red-bellied Woodpecker,,,
S211401165,S211401165,1,Watauga,60.0,0,,36.2357004,Clint Norris Rd,P,-81.6598415,wintering,1,2025-01-01,EBIRD_ATL_NC,Stationary,"snow, windy, 30s",BOONE-NE,0,1.0,Song Sparrow,,,
S211401165,S211401165,1,Watauga,60.0,0,,36.2357004,Clint Norris Rd,P,-81.6598415,wintering,1,2025-01-01,EBIRD_ATL_NC,Stationary,"snow, windy, 30s",BOONE-NE,0,1.0,Tufted Titmouse,,,
S211401165,S211401165,1,Watauga,60.0,0,,36.2357004,Clint Norris Rd,P,-81.6598415,wintering,1,2025-01-01,EBIRD_ATL_NC,Stationary,"snow, windy, 30s",BOONE-NE,0,1.0,White-breasted Nuthatch,,,
S211401165,S211401165,1,Watauga,60.0,0,,36.2357004,Clint Norris Rd,P,-81.6598415,wintering,1,2025-01-01,EBIRD_ATL_NC,Stationary,"snow, windy, 30s",BOONE-NE,0,1.0,White-throated Sparrow,,,
S207485454,S207485454,1,Wilson,50.0,1.912,,35.772169,"6074 Ervin Pl, Elm City US-NC (35.7722,-77.7962) dirt rd. Thomas Garner",P,-77.796223,wintering,1,2025-01-01,EBIRD_ATL_NC,Traveling,,ELM_CITY-SE,1,1.0,American Crow,,,
S207485454,S207485454,1,Wilson,50.0,1.912,,35.772169,"6074 Ervin Pl, Elm City US-NC (35.7722,-77.7962) dirt rd. Thomas Garner",P,-77.796223,wintering,1,2025-01-01,EBIRD_ATL_NC,Traveling,,ELM_CITY-SE,1,1.0,Brown-headed Nuthatch,,,
S207485454,S207485454,1,Wilson,50.0,1.912,,35.772169,"6074 Ervin Pl, Elm City US-NC (35.7722,-77.7962) dirt rd. Thomas Garner",P,-77.796223,wintering,1,2025-01-01,EBIRD_ATL_NC,Traveling,,ELM_CITY-SE,1,1.0,Eastern Bluebird,,,
S207485454,S207485454,1,Wilson,50.0,1.912,,35.772169,"6074 Ervin Pl, Elm City US-NC (35.7722,-77.7962) dirt rd. Thomas Garner",P,-77.796223,wintering,1,2025-01-01,EBIRD_ATL_NC,Traveling,,ELM_CITY-SE,1,1.0,hawk sp.,,,
S207485454,S207485454,1,Wilson,50.0,1.912,,35.772169,"6074 Ervin Pl, Elm City US-NC (35.7722,-77.7962) dirt rd. Thomas Garner",P,-77.796223,wintering,1,2025-01-01,EBIRD_ATL_NC,Traveling,,ELM_CITY-SE,1,1.0,House Finch,,,
S207485454,S207485454,1,Wilson,50.0,1.912,,35.772169,"6074 Ervin Pl, Elm City US-NC (35.7722,-77.7962) dirt rd. Thomas Garner",P,-77.796223,wintering,1,2025-01-01,EBIRD_ATL_NC,Traveling,,ELM_CITY-SE,1,1.0,Northern Harrier,,,
S207485454,S207485454,1,Wilson,50.0,1.912,,35.772169,"6074 Ervin Pl, Elm City US-NC (35.7722,-77.7962) dirt rd. Thomas Garner",P,-77.796223,wintering,1,2025-01-01,EBIRD_ATL_NC,Traveling,,ELM_CITY-SE,1,1.0,Northern Mockingbird,,,
S207485454,S207485454,1,Wilson,50.0,1.912,,35.772169,"6074 Ervin Pl, Elm City US-NC (35.7722,-77.7962) dirt rd. Thomas Garner",P,-77.796223,wintering,1,2025-01-01,EBIRD_ATL_NC,Traveling,,ELM_CITY-SE,1,1.0,new world sparrow sp.,,,
S207485454,S207485454,1,Wilson,50.0,1.912,,35.772169,"6074 Ervin Pl, Elm City US-NC (35.7722,-77.7962) dirt rd. Thomas Garner",P,-77.796223,wintering,1,2025-01-01,EBIRD_ATL_NC,Traveling,,ELM_CITY-SE,1,1.0,Turkey Vulture,,,
S207485454,S207485454,1,Wilson,50.0,1.912,,35.772169,"6074 Ervin Pl, Elm City US-NC (35.7722,-77.7962) dirt rd. Thomas Garner",P,-77.796223,wintering,1,2025-01-01,EBIRD_ATL_NC,Traveling,,ELM_CITY-SE,1,1.0,Wild Turkey,,,
S207492428,S207492428,1,Wilson,25.0,0,,35.778714,"Cattail Rd swamp, Elm City",P,-77.804649,wintering,1,2025-01-01,EBIRD_ATL_NC,Stationary,Sunny. 56F. Windy,ELM_CITY-SE,1,1.0,American Crow,,,
S207492428,S207492428,1,Wilson,25.0,0,,35.778714,"Cattail Rd swamp, Elm City",P,-77.804649,wintering,1,2025-01-01,EBIRD_ATL_NC,Stationary,Sunny. 56F. Windy,ELM_CITY-SE,1,1.0,American Robin,,,
S207492428,S207492428,1,Wilson,25.0,0,,35.778714,"Cattail Rd swamp, Elm City",P,-77.804649,wintering,1,2025-01-01,EBIRD_ATL_NC,Stationary,Sunny. 56F. Windy,ELM_CITY-SE,1,1.0,Golden-crowned Kinglet,,,
S207492428,S207492428,1,Wilson,25.0,0,,35.778714,"Cattail Rd swamp, Elm City",P,-77.804649,wintering,1,2025-01-01,EBIRD_ATL_NC,Stationary,Sunny. 56F. Windy,ELM_CITY-SE,1,1.0,Northern Cardinal,,,
S207492428,S207492428,1,Wilson,25.0,0,,35.778714,"Cattail Rd swamp, Elm City",P,-77.804649,wintering,1,2025-01-01,EBIRD_ATL_NC,Stationary,Sunny. 56F. Windy,ELM_CITY-SE,1,1.0,Ruby-crowned Kinglet,,,
S207492428,S207492428,1,Wilson,25.0,0,,35.778714,"Cattail Rd swamp, Elm City",P,-77.804649,wintering,1,2025-01-01,EBIRD_ATL_NC,Stationary,Sunny. 56F. Windy,ELM_CITY-SE,1,1.0,Song Sparrow,,,
S207492428,S207492428,1,Wilson,25.0,0,,35.778714,"Cattail Rd swamp, Elm City",P,-77.804649,wintering,1,2025-01-01,EBIRD_ATL_NC,Stationary,Sunny. 56F. Windy,ELM_CITY-SE,1,1.0,Turkey Vulture,,,
S207492428,S207492428,1,Wilson,25.0,0,,35.778714,"Cattail Rd swamp, Elm City",P,-77.804649,wintering,1,2025-01-01,EBIRD_ATL_NC,Stationary,Sunny. 56F. Windy,ELM_CITY-SE,1,1.0,White-throated Sparrow,,,
S207547325,S207547325,1,Yancey,17.0,0,,35.8418804,"High View Trail, Burnsville, North Carolina, US (35.842, -82.159)",P,-82.1589151,wintering,1,2025-01-01,EBIRD_ATL_NC,Stationary,,CELO-NE,0,1.0,American Crow,,,
S207547325,S207547325,1,Yancey,17.0,0,,35.8418804,"High View Trail, Burnsville, North Carolina, US (35.842, -82.159)",P,-82.1589151,wintering,1,2025-01-01,EBIRD_ATL_NC,Stationary,,CELO-NE,0,1.0,American Goldfinch,,,
S207547325,S207547325,1,Yancey,17.0,0,,35.8418804,"High View Trail, Burnsville, North Carolina, US (35.842, -82.159)",P,-82.1589151,wintering,1,2025-01-01,EBIRD_ATL_NC,Stationary,,CELO-NE,0,1.0,Carolina Chickadee,,,
S207547325,S207547325,1,Yancey,17.0,0,,35.8418804,"High View Trail, Burnsville, North Carolina, US (35.842, -82.159)",P,-82.1589151,wintering,1,2025-01-01,EBIRD_ATL_NC,Stationary,,CELO-NE,0,1.0,Carolina Wren,,,
S207547325,S207547325,1,Yancey,17.0,0,,35.8418804,"High View Trail, Burnsville, North Carolina, US (35.842, -82.159)",P,-82.1589151,wintering,1,2025-01-01,EBIRD_ATL_NC,Stationary,,CELO-NE,0,1.0,Dark-eyed Junco,,,
S207547325,S207547325,1,Yancey,17.0,0,,35.8418804,"High View Trail, Burnsville, North Carolina, US (35.842, -82.159)",P,-82.1589151,wintering,1,2025-01-01,EBIRD_ATL_NC,Stationary,,CELO-NE,0,1.0,Downy Woodpecker,,,
S207547325,S207547325,1,Yancey,17.0,0,,35.8418804,"High View Trail, Burnsville, North Carolina, US (35.842, -82.159)",P,-82.1589151,wintering,1,2025-01-01,EBIRD_ATL_NC,Stationary,,CELO-NE,0,1.0,Golden-crowned Kinglet,,,
S207547325,S207547325,1,Yancey,17.0,0,,35.8418804,"High View Trail, Burnsville, North Carolina, US (35.842, -82.159)",P,-82.1589151,wintering,1,2025-01-01,EBIRD_ATL_NC,Stationary,,CELO-NE,0,1.0,Mourning Dove,,,
S207547325,S207547325,1,Yancey,17.0,0,,35.8418804,"High View Trail, Burnsville, North Carolina, US (35.842, -82.159)",P,-82.1589151,wintering,1,2025-01-01,EBIRD_ATL_NC,Stationary,,CELO-NE,0,1.0,Northern Cardinal,,,
S207547325,S207547325,1,Yancey,17.0,0,,35.8418804,"High View Trail, Burnsville, North Carolina, US (35.842, -82.159)",P,-82.1589151,wintering,1,2025-01-01,EBIRD_ATL_NC,Stationary,,CELO-NE,0,1.0,Purple Finch,,,
S207547325,S207547325,1,Yancey,17.0,0,,35.8418804,"High View Trail, Burnsville, North Carolina, US (35.842, -82.159)",P,-82.1589151,wintering,1,2025-01-01,EBIRD_ATL_NC,Stationary,,CELO-NE,0,1.0,Red-bellied Woodpecker,,,
S207547325,S207547325,1,Yancey,17.0,0,,35.8418804,"High View Trail, Burnsville, North Carolina, US (35.842, -82.159)",P,-82.1589151,wintering,1,2025-01-01,EBIRD_ATL_NC,Stationary,,CELO-NE,0,1.0,Song Sparrow,,,
S207547325,S207547325,1,Yancey,17.0,0,,35.8418804,"High View Trail, Burnsville, North Carolina, US (35.842, -82.159)",P,-82.1589151,wintering,1,2025-01-01,EBIRD_ATL_NC,Stationary,,CELO-NE,0,1.0,Tufted Titmouse,,,
S207547325,S207547325,1,Yancey,17.0,0,,35.8418804,"High View Trail, Burnsville, North Carolina, US (35.842, -82.159)",P,-82.1589151,wintering,1,2025-01-01,EBIRD_ATL_NC,Stationary,,CELO-NE,0,1.0,Turkey Vulture,,,
S207547325,S207547325,1,Yancey,17.0,0,,35.8418804,"High View Trail, Burnsville, North Carolina, US (35.842, -82.159)",P,-82.1589151,wintering,1,2025-01-01,EBIRD_ATL_NC,Stationary,,CELO-NE,0,1.0,White-breasted Nuthatch,,,
S207547325,S207547325,1,Yancey,17.0,0,,35.8418804,"High View Trail, Burnsville, North Carolina, US (35.842, -82.159)",P,-82.1589151,wintering,1,2025-01-01,EBIRD_ATL_NC,Stationary,,CELO-NE,0,1.0,Wild Turkey,,,
S207434835,S207434835,1,Yancey,48.0,0,,35.8418804,"High View Trail, Burnsville, North Carolina, US (35.842, -82.159)",P,-82.1589151,wintering,1,2025-01-01,EBIRD_ATL_NC,Stationary,,CELO-NE,0,1.0,American Crow,,,
S207434835,S207434835,1,Yancey,48.0,0,,35.8418804,"High View Trail, Burnsville, North Carolina, US (35.842, -82.159)",P,-82.1589151,wintering,1,2025-01-01,EBIRD_ATL_NC,Stationary,,CELO-NE,0,1.0,American Goldfinch,,,
S207434835,S207434835,1,Yancey,48.0,0,,35.8418804,"High View Trail, Burnsville, North Carolina, US (35.842, -82.159)",P,-82.1589151,wintering,1,2025-01-01,EBIRD_ATL_NC,Stationary,,CELO-NE,0,1.0,Carolina Chickadee,,,
S207434835,S207434835,1,Yancey,48.0,0,,35.8418804,"High View Trail, Burnsville, North Carolina, US (35.842, -82.159)",P,-82.1589151,wintering,1,2025-01-01,EBIRD_ATL_NC,Stationary,,CELO-NE,0,1.0,Carolina Wren,,,
S207434835,S207434835,1,Yancey,48.0,0,,35.8418804,"High View Trail, Burnsville, North Carolina, US (35.842, -82.159)",P,-82.1589151,wintering,1,2025-01-01,EBIRD_ATL_NC,Stationary,,CELO-NE,0,1.0,Dark-eyed Junco,,,
S207434835,S207434835,1,Yancey,48.0,0,,35.8418804,"High View Trail, Burnsville, North Carolina, US (35.842, -82.159)",P,-82.1589151,wintering,1,2025-01-01,EBIRD_ATL_NC,Stationary,,CELO-NE,0,1.0,Golden-crowned Kinglet,,,
S207434835,S207434835,1,Yancey,48.0,0,,35.8418804,"High View Trail, Burnsville, North Carolina, US (35.842, -82.159)",P,-82.1589151,wintering,1,2025-01-01,EBIRD_ATL_NC,Stationary,,CELO-NE,0,1.0,Northern Cardinal,,,
S207434835,S207434835,1,Yancey,48.0,0,,35.8418804,"High View Trail, Burnsville, North Carolina, US (35.842, -82.159)",P,-82.1589151,wintering,1,2025-01-01,EBIRD_ATL_NC,Stationary,,CELO-NE,0,1.0,Tufted Titmouse,,,
S207434835,S207434835,1,Yancey,48.0,0,,35.8418804,"High View Trail, Burnsville, North Carolina, US (35.842, -82.159)",P,-82.1589151,wintering,1,2025-01-01,EBIRD_ATL_NC,Stationary,,CELO-NE,0,1.0,White-throated Sparrow,,,
S207761777,S207761777,1,Whatcom,213.0,5.002,,48.9800492,Semiahmoo Spit,H,-122.7883112,wintering,1,2025-01-01 08:21:00.0,EBIRD_ATL_NC,Traveling,,,,1,Barrow's Goldeneye,,,
S207761777,S207761777,1,Whatcom,213.0,5.002,,48.9800492,Semiahmoo Spit,H,-122.7883112,wintering,1,2025-01-01 08:21:00.0,EBIRD_ATL_NC,Traveling,,,,1,Cooper's Hawk,,,
S207761777,S207761777,1,Whatcom,213.0,5.002,,48.9800492,Semiahmoo Spit,H,-122.7883112,wintering,1,2025-01-01 08:21:00.0,EBIRD_ATL_NC,Traveling,,,,1,White-crowned Sparrow,,,
S207761777,S207761777,1,Whatcom,213.0,5.002,,48.9800492,Semiahmoo Spit,H,-122.7883112,wintering,1,2025-01-01 08:21:00.0,EBIRD_ATL_NC,Traveling,,,,1,Common Loon,,,
S207761777,S207761777,1,Whatcom,213.0,5.002,,48.9800492,Semiahmoo Spit,H,-122.7883112,wintering,1,2025-01-01 08:21:00.0,EBIRD_ATL_NC,Traveling,,,,1,Golden-crowned Sparrow,,,
S207761777,S207761777,1,Whatcom,213.0,5.002,,48.9800492,Semiahmoo Spit,H,-122.7883112,wintering,1,2025-01-01 08:21:00.0,EBIRD_ATL_NC,Traveling,,,,1,Bald Eagle,,,
S207761777,S207761777,1,Whatcom,213.0,5.002,,48.9800492,Semiahmoo Spit,H,-122.7883112,wintering,1,2025-01-01 08:21:00.0,EBIRD_ATL_NC,Traveling,,,,1,Western x Glaucous-winged Gull (hybrid),,,
S207761777,S207761777,1,Whatcom,213.0,5.002,,48.9800492,Semiahmoo Spit,H,-122.7883112,wintering,1,2025-01-01 08:21:00.0,EBIRD_ATL_NC,Traveling,,,,1,Northern Pintail,,,
S207761777,S207761777,1,Whatcom,213.0,5.002,,48.9800492,Semiahmoo Spit,H,-122.7883112,wintering,1,2025-01-01 08:21:00.0,EBIRD_ATL_NC,Traveling,,,,1,Belted Kingfisher,,,
S207761777,S207761777,1,Whatcom,213.0,5.002,,48.9800492,Semiahmoo Spit,H,-122.7883112,wintering,1,2025-01-01 08:21:00.0,EBIRD_ATL_NC,Traveling,,,,1,Greater Scaup,,,
S207761777,S207761777,1,Whatcom,213.0,5.002,,48.9800492,Semiahmoo Spit,H,-122.7883112,wintering,1,2025-01-01 08:21:00.0,EBIRD_ATL_NC,Traveling,,,,1,Harlequin Duck,,,
S207761777,S207761777,1,Whatcom,213.0,5.002,,48.9800492,Semiahmoo Spit,H,-122.7883112,wintering,1,2025-01-01 08:21:00.0,EBIRD_ATL_NC,Traveling,,,,1,House Finch,,,
S207761777,S207761777,1,Whatcom,213.0,5.002,,48.9800492,Semiahmoo Spit,H,-122.7883112,wintering,1,2025-01-01 08:21:00.0,EBIRD_ATL_NC,Traveling,,,,1,Red-throated Loon,,,
S207761777,S207761777,1,Whatcom,213.0,5.002,,48.9800492,Semiahmoo Spit,H,-122.7883112,wintering,1,2025-01-01 08:21:00.0,EBIRD_ATL_NC,Traveling,,,,1,Rock Pigeon,,,
S207761777,S207761777,1,Whatcom,213.0,5.002,,48.9800492,Semiahmoo Spit,H,-122.7883112,wintering,1,2025-01-01 08:21:00.0,EBIRD_ATL_NC,Traveling,,,,1,Glaucous-winged Gull,,,
S207761777,S207761777,1,Whatcom,213.0,5.002,,48.9800492,Semiahmoo Spit,H,-122.7883112,wintering,1,2025-01-01 08:21:00.0,EBIRD_ATL_NC,Traveling,,,,1,Common Goldeneye,,,
S207761777,S207761777,1,Whatcom,213.0,5.002,,48.9800492,Semiahmoo Spit,H,-122.7883112,wintering,1,2025-01-01 08:21:00.0,EBIRD_ATL_NC,Traveling,,,,1,Spotted Towhee,,,
S207761777,S207761777,1,Whatcom,213.0,5.002,,48.9800492,Semiahmoo Spit,H,-122.7883112,wintering,1,2025-01-01 08:21:00.0,EBIRD_ATL_NC,Traveling,,,,1,Killdeer,,,
S207761777,S207761777,1,Whatcom,213.0,5.002,,48.9800492,Semiahmoo Spit,H,-122.7883112,wintering,1,2025-01-01 08:21:00.0,EBIRD_ATL_NC,Traveling,,,,1,Dark-eyed Junco,,,
S207761777,S207761777,1,Whatcom,213.0,5.002,,48.9800492,Semiahmoo Spit,H,-122.7883112,wintering,1,2025-01-01 08:21:00.0,EBIRD_ATL_NC,Traveling,,,,1,Song Sparrow,,,
S207761777,S207761777,1,Whatcom,213.0,5.002,,48.9800492,Semiahmoo Spit,H,-122.7883112,wintering,1,2025-01-01 08:21:00.0,EBIRD_ATL_NC,Traveling,,,,1,American Crow,,,
S207761777,S207761777,1,Whatcom,213.0,5.002,,48.9800492,Semiahmoo Spit,H,-122.7883112,wintering,1,2025-01-01 08:21:00.0,EBIRD_ATL_NC,Traveling,,,,1,Horned Grebe,,,
S207761777,S207761777,1,Whatcom,213.0,5.002,,48.9800492,Semiahmoo Spit,H,-122.7883112,wintering,1,2025-01-01 08:21:00.0,EBIRD_ATL_NC,Traveling,,,,1,Double-crested Cormorant,,,
S207761777,S207761777,1,Whatcom,213.0,5.002,,48.9800492,Semiahmoo Spit,H,-122.7883112,wintering,1,2025-01-01 08:21:00.0,EBIRD_ATL_NC,Traveling,,,,1,White-winged Scoter,,,
S207761777,S207761777,1,Whatcom,213.0,5.002,,48.9800492,Semiahmoo Spit,H,-122.7883112,wintering,1,2025-01-01 08:21:00.0,EBIRD_ATL_NC,Traveling,,,,1,Bufflehead,,,
S207761777,S207761777,1,Whatcom,213.0,5.002,,48.9800492,Semiahmoo Spit,H,-122.7883112,wintering,1,2025-01-01 08:21:00.0,EBIRD_ATL_NC,Traveling,,,,1,Long-tailed Duck,,,
S207761777,S207761777,1,Whatcom,213.0,5.002,,48.9800492,Semiahmoo Spit,H,-122.7883112,wintering,1,2025-01-01 08:21:00.0,EBIRD_ATL_NC,Traveling,,,,1,Black-capped Chickadee,,,
S207761777,S207761777,1,Whatcom,213.0,5.002,,48.9800492,Semiahmoo Spit,H,-122.7883112,wintering,1,2025-01-01 08:21:00.0,EBIRD_ATL_NC,Traveling,,,,1,Brant,,,
S207761777,S207761777,1,Whatcom,213.0,5.002,,48.9800492,Semiahmoo Spit,H,-122.7883112,wintering,1,2025-01-01 08:21:00.0,EBIRD_ATL_NC,Traveling,,,,1,Pelagic Cormorant,,,
S207761777,S207761777,1,Whatcom,213.0,5.002,,48.9800492,Semiahmoo Spit,H,-122.7883112,wintering,1,2025-01-01 08:21:00.0,EBIRD_ATL_NC,Traveling,,,,1,Red-breasted Merganser,,,
S207761777,S207761777,1,Whatcom,213.0,5.002,,48.9800492,Semiahmoo Spit,H,-122.7883112,wintering,1,2025-01-01 08:21:00.0,EBIRD_ATL_NC,Traveling,,,,1,Black Oystercatcher,,,
S207761777,S207761777,1,Whatcom,213.0,5.002,,48.9800492,Semiahmoo Spit,H,-122.7883112,wintering,1,2025-01-01 08:21:00.0,EBIRD_ATL_NC,Traveling,,,,1,Black Turnstone,,,
S207761777,S207761777,1,Whatcom,213.0,5.002,,48.9800492,Semiahmoo Spit,H,-122.7883112,wintering,1,2025-01-01 08:21:00.0,EBIRD_ATL_NC,Traveling,,,,1,Surf Scoter,,,
S207761777,S207761777,1,Whatcom,213.0,5.002,,48.9800492,Semiahmoo Spit,H,-122.7883112,wintering,1,2025-01-01 08:21:00.0,EBIRD_ATL_NC,Traveling,,,,1,Pacific Loon,,,
S207510378,S207510378,1,Dorchester,85.0,6.761,,32.956442,Horizons/Summers Corner,P,-80.28274,wintering,1,2025-01-01 10:54:00.0,EBIRD_ATL_NC,Traveling,,,,1,Song Sparrow,,,
S207510378,S207510378,1,Dorchester,85.0,6.761,,32.956442,Horizons/Summers Corner,P,-80.28274,wintering,1,2025-01-01 10:54:00.0,EBIRD_ATL_NC,Traveling,,,,1,Hermit Thrush,,,
S207510378,S207510378,1,Dorchester,85.0,6.761,,32.956442,Horizons/Summers Corner,P,-80.28274,wintering,1,2025-01-01 10:54:00.0,EBIRD_ATL_NC,Traveling,,,,1,Turkey Vulture,,,
S207510378,S207510378,1,Dorchester,85.0,6.761,,32.956442,Horizons/Summers Corner,P,-80.28274,wintering,1,2025-01-01 10:54:00.0,EBIRD_ATL_NC,Traveling,,,,1,Osprey,,,
S207510378,S207510378,1,Dorchester,85.0,6.761,,32.956442,Horizons/Summers Corner,P,-80.28274,wintering,1,2025-01-01 10:54:00.0,EBIRD_ATL_NC,Traveling,,,,1,Tufted Titmouse,,,
S207510378,S207510378,1,Dorchester,85.0,6.761,,32.956442,Horizons/Summers Corner,P,-80.28274,wintering,1,2025-01-01 10:54:00.0,EBIRD_ATL_NC,Traveling,,,,1,Eastern Bluebird,,,
S207510378,S207510378,1,Dorchester,85.0,6.761,,32.956442,Horizons/Summers Corner,P,-80.28274,wintering,1,2025-01-01 10:54:00.0,EBIRD_ATL_NC,Traveling,,,,1,Red-bellied Woodpecker,,,
S207510378,S207510378,1,Dorchester,85.0,6.761,,32.956442,Horizons/Summers Corner,P,-80.28274,wintering,1,2025-01-01 10:54:00.0,EBIRD_ATL_NC,Traveling,,,,1,Carolina Chickadee,,,
S207510378,S207510378,1,Dorchester,85.0,6.761,,32.956442,Horizons/Summers Corner,P,-80.28274,wintering,1,2025-01-01 10:54:00.0,EBIRD_ATL_NC,Traveling,,,,1,Canada Goose,,,
S207510378,S207510378,1,Dorchester,85.0,6.761,,32.956442,Horizons/Summers Corner,P,-80.28274,wintering,1,2025-01-01 10:54:00.0,EBIRD_ATL_NC,Traveling,,,,1,Carolina Wren,,,
S207510378,S207510378,1,Dorchester,85.0,6.761,,32.956442,Horizons/Summers Corner,P,-80.28274,wintering,1,2025-01-01 10:54:00.0,EBIRD_ATL_NC,Traveling,,,,1,Double-crested Cormorant,,,
S207510378,S207510378,1,Dorchester,85.0,6.761,,32.956442,Horizons/Summers Corner,P,-80.28274,wintering,1,2025-01-01 10:54:00.0,EBIRD_ATL_NC,Traveling,,,,1,Great Egret,,,
S207510378,S207510378,1,Dorchester,85.0,6.761,,32.956442,Horizons/Summers Corner,P,-80.28274,wintering,1,2025-01-01 10:54:00.0,EBIRD_ATL_NC,Traveling,,,,1,Golden-crowned Kinglet,,,
S207510378,S207510378,1,Dorchester,85.0,6.761,,32.956442,Horizons/Summers Corner,P,-80.28274,wintering,1,2025-01-01 10:54:00.0,EBIRD_ATL_NC,Traveling,,,,1,American Goldfinch,,,
S207510378,S207510378,1,Dorchester,85.0,6.761,,32.956442,Horizons/Summers Corner,P,-80.28274,wintering,1,2025-01-01 10:54:00.0,EBIRD_ATL_NC,Traveling,,,,1,Chipping Sparrow,,,
S207510378,S207510378,1,Dorchester,85.0,6.761,,32.956442,Horizons/Summers Corner,P,-80.28274,wintering,1,2025-01-01 10:54:00.0,EBIRD_ATL_NC,Traveling,,,,1,American Crow,,,
S207510378,S207510378,1,Dorchester,85.0,6.761,,32.956442,Horizons/Summers Corner,P,-80.28274,wintering,1,2025-01-01 10:54:00.0,EBIRD_ATL_NC,Traveling,,,,1,Pine Warbler,,,
S207510378,S207510378,1,Dorchester,85.0,6.761,,32.956442,Horizons/Summers Corner,P,-80.28274,wintering,1,2025-01-01 10:54:00.0,EBIRD_ATL_NC,Traveling,,,,1,Brown-headed Cowbird,,,
S207510378,S207510378,1,Dorchester,85.0,6.761,,32.956442,Horizons/Summers Corner,P,-80.28274,wintering,1,2025-01-01 10:54:00.0,EBIRD_ATL_NC,Traveling,,,,1,Yellow-rumped Warbler,,,
S207510378,S207510378,1,Dorchester,85.0,6.761,,32.956442,Horizons/Summers Corner,P,-80.28274,wintering,1,2025-01-01 10:54:00.0,EBIRD_ATL_NC,Traveling,,,,1,Palm Warbler,,,
S207510378,S207510378,1,Dorchester,85.0,6.761,,32.956442,Horizons/Summers Corner,P,-80.28274,wintering,1,2025-01-01 10:54:00.0,EBIRD_ATL_NC,Traveling,,,,1,Blue-gray Gnatcatcher,,,
S207510378,S207510378,1,Dorchester,85.0,6.761,,32.956442,Horizons/Summers Corner,P,-80.28274,wintering,1,2025-01-01 10:54:00.0,EBIRD_ATL_NC,Traveling,,,,1,Blue Jay,,,
S207510378,S207510378,1,Dorchester,85.0,6.761,,32.956442,Horizons/Summers Corner,P,-80.28274,wintering,1,2025-01-01 10:54:00.0,EBIRD_ATL_NC,Traveling,,,,1,Northern Flicker,,,
S207510378,S207510378,1,Dorchester,85.0,6.761,,32.956442,Horizons/Summers Corner,P,-80.28274,wintering,1,2025-01-01 10:54:00.0,EBIRD_ATL_NC,Traveling,,,,1,Northern Mockingbird,,,
S207510378,S207510378,1,Dorchester,85.0,6.761,,32.956442,Horizons/Summers Corner,P,-80.28274,wintering,1,2025-01-01 10:54:00.0,EBIRD_ATL_NC,Traveling,,,,1,Fish Crow,,,
S207510378,S207510378,1,Dorchester,85.0,6.761,,32.956442,Horizons/Summers Corner,P,-80.28274,wintering,1,2025-01-01 10:54:00.0,EBIRD_ATL_NC,Traveling,,,,1,Red-shouldered Hawk,,,
S207510378,S207510378,1,Dorchester,85.0,6.761,,32.956442,Horizons/Summers Corner,P,-80.28274,wintering,1,2025-01-01 10:54:00.0,EBIRD_ATL_NC,Traveling,,,,1,Anhinga,,,
S207510378,S207510378,1,Dorchester,85.0,6.761,,32.956442,Horizons/Summers Corner,P,-80.28274,wintering,1,2025-01-01 10:54:00.0,EBIRD_ATL_NC,Traveling,,,,1,Northern Cardinal,,,
S207528650,S207528650,1,Metro Vancouver,45.0,2.2,,49.0244183,Tsawwassen—12th Ave Pumphouse (Boundary Bay Regional Park),H,-123.052969,wintering,1,2025-01-01 11:49:00.0,EBIRD_ATL_NC,Traveling,,,,1,American Crow,,,
S207528650,S207528650,1,Metro Vancouver,45.0,2.2,,49.0244183,Tsawwassen—12th Ave Pumphouse (Boundary Bay Regional Park),H,-123.052969,wintering,1,2025-01-01 11:49:00.0,EBIRD_ATL_NC,Traveling,,,,1,Golden-crowned Sparrow,,,
S207528650,S207528650,1,Metro Vancouver,45.0,2.2,,49.0244183,Tsawwassen—12th Ave Pumphouse (Boundary Bay Regional Park),H,-123.052969,wintering,1,2025-01-01 11:49:00.0,EBIRD_ATL_NC,Traveling,,,,1,Song Sparrow,,,
S207528650,S207528650,1,Metro Vancouver,45.0,2.2,,49.0244183,Tsawwassen—12th Ave Pumphouse (Boundary Bay Regional Park),H,-123.052969,wintering,1,2025-01-01 11:49:00.0,EBIRD_ATL_NC,Traveling,,,,1,Fox Sparrow,,,
S207528650,S207528650,1,Metro Vancouver,45.0,2.2,,49.0244183,Tsawwassen—12th Ave Pumphouse (Boundary Bay Regional Park),H,-123.052969,wintering,1,2025-01-01 11:49:00.0,EBIRD_ATL_NC,Traveling,,,,1,Black-capped Chickadee,,,
S207528650,S207528650,1,Metro Vancouver,45.0,2.2,,49.0244183,Tsawwassen—12th Ave Pumphouse (Boundary Bay Regional Park),H,-123.052969,wintering,1,2025-01-01 11:49:00.0,EBIRD_ATL_NC,Traveling,,,,1,Northern Harrier,,,
S207528650,S207528650,1,Metro Vancouver,45.0,2.2,,49.0244183,Tsawwassen—12th Ave Pumphouse (Boundary Bay Regional Park),H,-123.052969,wintering,1,2025-01-01 11:49:00.0,EBIRD_ATL_NC,Traveling,,,,1,Northern Pintail,,,
S207528650,S207528650,1,Metro Vancouver,45.0,2.2,,49.0244183,Tsawwassen—12th Ave Pumphouse (Boundary Bay Regional Park),H,-123.052969,wintering,1,2025-01-01 11:49:00.0,EBIRD_ATL_NC,Traveling,,,,1,Glaucous-winged Gull,,,
S207528650,S207528650,1,Metro Vancouver,45.0,2.2,,49.0244183,Tsawwassen—12th Ave Pumphouse (Boundary Bay Regional Park),H,-123.052969,wintering,1,2025-01-01 11:49:00.0,EBIRD_ATL_NC,Traveling,,,,1,Bald Eagle,,,
S207528650,S207528650,1,Metro Vancouver,45.0,2.2,,49.0244183,Tsawwassen—12th Ave Pumphouse (Boundary Bay Regional Park),H,-123.052969,wintering,1,2025-01-01 11:49:00.0,EBIRD_ATL_NC,Traveling,,,,1,Pacific Wren,,,
S207528650,S207528650,1,Metro Vancouver,45.0,2.2,,49.0244183,Tsawwassen—12th Ave Pumphouse (Boundary Bay Regional Park),H,-123.052969,wintering,1,2025-01-01 11:49:00.0,EBIRD_ATL_NC,Traveling,,,,1,Mallard,,,
S207528650,S207528650,1,Metro Vancouver,45.0,2.2,,49.0244183,Tsawwassen—12th Ave Pumphouse (Boundary Bay Regional Park),H,-123.052969,wintering,1,2025-01-01 11:49:00.0,EBIRD_ATL_NC,Traveling,,,,1,Brant,,,
S207528650,S207528650,1,Metro Vancouver,45.0,2.2,,49.0244183,Tsawwassen—12th Ave Pumphouse (Boundary Bay Regional Park),H,-123.052969,wintering,1,2025-01-01 11:49:00.0,EBIRD_ATL_NC,Traveling,,,,1,Northern Flicker,,,
S207528650,S207528650,1,Metro Vancouver,45.0,2.2,,49.0244183,Tsawwassen—12th Ave Pumphouse (Boundary Bay Regional Park),H,-123.052969,wintering,1,2025-01-01 11:49:00.0,EBIRD_ATL_NC,Traveling,,,,1,Spotted Towhee,,,
S207528650,S207528650,1,Metro Vancouver,45.0,2.2,,49.0244183,Tsawwassen—12th Ave Pumphouse (Boundary Bay Regional Park),H,-123.052969,wintering,1,2025-01-01 11:49:00.0,EBIRD_ATL_NC,Traveling,,,,1,Downy Woodpecker,,,
S207528650,S207528650,1,Metro Vancouver,45.0,2.2,,49.0244183,Tsawwassen—12th Ave Pumphouse (Boundary Bay Regional Park),H,-123.052969,wintering,1,2025-01-01 11:49:00.0,EBIRD_ATL_NC,Traveling,,,,1,American Robin,,,
S207528650,S207528650,1,Metro Vancouver,45.0,2.2,,49.0244183,Tsawwassen—12th Ave Pumphouse (Boundary Bay Regional Park),H,-123.052969,wintering,1,2025-01-01 11:49:00.0,EBIRD_ATL_NC,Traveling,,,,1,Dark-eyed Junco,,,
S207528650,S207528650,1,Metro Vancouver,45.0,2.2,,49.0244183,Tsawwassen—12th Ave Pumphouse (Boundary Bay Regional Park),H,-123.052969,wintering,1,2025-01-01 11:49:00.0,EBIRD_ATL_NC,Traveling,,,,1,White-crowned Sparrow,,,
S207646027,S207646027,1,Avery,31.0,1.548,,36.0385315,Land Harbor Lake,P,-81.8921113,wintering,1,2025-01-02,EBIRD_ATL_NC,Traveling,"19 Degrees, clear sky, wind 10-15, 29.98 inHg.",NEWLAND-SE,1,1.0,American Crow,,,
S207646027,S207646027,1,Avery,31.0,1.548,,36.0385315,Land Harbor Lake,P,-81.8921113,wintering,1,2025-01-02,EBIRD_ATL_NC,Traveling,"19 Degrees, clear sky, wind 10-15, 29.98 inHg.",NEWLAND-SE,1,1.0,American Robin,,,
S207646027,S207646027,1,Avery,31.0,1.548,,36.0385315,Land Harbor Lake,P,-81.8921113,wintering,1,2025-01-02,EBIRD_ATL_NC,Traveling,"19 Degrees, clear sky, wind 10-15, 29.98 inHg.",NEWLAND-SE,1,1.0,Canada Goose,,,
S207646027,S207646027,1,Avery,31.0,1.548,,36.0385315,Land Harbor Lake,P,-81.8921113,wintering,1,2025-01-02,EBIRD_ATL_NC,Traveling,"19 Degrees, clear sky, wind 10-15, 29.98 inHg.",NEWLAND-SE,1,1.0,Downy Woodpecker,,,
S207646027,S207646027,1,Avery,31.0,1.548,,36.0385315,Land Harbor Lake,P,-81.8921113,wintering,1,2025-01-02,EBIRD_ATL_NC,Traveling,"19 Degrees, clear sky, wind 10-15, 29.98 inHg.",NEWLAND-SE,1,1.0,Hairy Woodpecker,,,
S207801448,S207801448,1,Buncombe,35.0,0,,35.6209483,*25 Jazaka Ridge Ln,P,-82.4279147,wintering,2,2025-01-02,EBIRD_ATL_NC,Stationary,,OTEEN-NE,0,1.0,American Crow,,,
S207801448,S207801448,1,Buncombe,35.0,0,,35.6209483,*25 Jazaka Ridge Ln,P,-82.4279147,wintering,2,2025-01-02,EBIRD_ATL_NC,Stationary,,OTEEN-NE,0,1.0,Carolina Chickadee,,,
S207801448,S207801448,1,Buncombe,35.0,0,,35.6209483,*25 Jazaka Ridge Ln,P,-82.4279147,wintering,2,2025-01-02,EBIRD_ATL_NC,Stationary,,OTEEN-NE,0,1.0,Carolina Wren,,,
S207801448,S207801448,1,Buncombe,35.0,0,,35.6209483,*25 Jazaka Ridge Ln,P,-82.4279147,wintering,2,2025-01-02,EBIRD_ATL_NC,Stationary,,OTEEN-NE,0,1.0,Dark-eyed Junco,,,
S207801448,S207801448,1,Buncombe,35.0,0,,35.6209483,*25 Jazaka Ridge Ln,P,-82.4279147,wintering,2,2025-01-02,EBIRD_ATL_NC,Stationary,,OTEEN-NE,0,1.0,Downy Woodpecker,,,
S207801448,S207801448,1,Buncombe,35.0,0,,35.6209483,*25 Jazaka Ridge Ln,P,-82.4279147,wintering,2,2025-01-02,EBIRD_ATL_NC,Stationary,,OTEEN-NE,0,1.0,Mourning Dove,,,
S207801448,S207801448,1,Buncombe,35.0,0,,35.6209483,*25 Jazaka Ridge Ln,P,-82.4279147,wintering,2,2025-01-02,EBIRD_ATL_NC,Stationary,,OTEEN-NE,0,1.0,Northern Cardinal,,,
S207801448,S207801448,1,Buncombe,35.0,0,,35.6209483,*25 Jazaka Ridge Ln,P,-82.4279147,wintering,2,2025-01-02,EBIRD_ATL_NC,Stationary,,OTEEN-NE,0,1.0,Pileated Woodpecker,,,
S207801448,S207801448,1,Buncombe,35.0,0,,35.6209483,*25 Jazaka Ridge Ln,P,-82.4279147,wintering,2,2025-01-02,EBIRD_ATL_NC,Stationary,,OTEEN-NE,0,1.0,Red-bellied Woodpecker,,,
S207801448,S207801448,1,Buncombe,35.0,0,,35.6209483,*25 Jazaka Ridge Ln,P,-82.4279147,wintering,2,2025-01-02,EBIRD_ATL_NC,Stationary,,OTEEN-NE,0,1.0,Tufted Titmouse,,,
S207801448,S207801448,1,Buncombe,35.0,0,,35.6209483,*25 Jazaka Ridge Ln,P,-82.4279147,wintering,2,2025-01-02,EBIRD_ATL_NC,Stationary,,OTEEN-NE,0,1.0,White-breasted Nuthatch,,,
S207710830,S207710830,1,Buncombe,5.0,0,,35.7096008,40 Flack Valley Road,P,-82.6052141,wintering,1,2025-01-02,EBIRD_ATL_NC,Stationary,,WEAVERVILLE-NW,0,1.0,American Crow,,,
S207710830,S207710830,1,Buncombe,5.0,0,,35.7096008,40 Flack Valley Road,P,-82.6052141,wintering,1,2025-01-02,EBIRD_ATL_NC,Stationary,,WEAVERVILLE-NW,0,1.0,American Robin,,,
S207710830,S207710830,1,Buncombe,5.0,0,,35.7096008,40 Flack Valley Road,P,-82.6052141,wintering,1,2025-01-02,EBIRD_ATL_NC,Stationary,,WEAVERVILLE-NW,0,1.0,Carolina Chickadee,,,
S207710830,S207710830,1,Buncombe,5.0,0,,35.7096008,40 Flack Valley Road,P,-82.6052141,wintering,1,2025-01-02,EBIRD_ATL_NC,Stationary,,WEAVERVILLE-NW,0,1.0,Hermit Thrush,,,
S207710830,S207710830,1,Buncombe,5.0,0,,35.7096008,40 Flack Valley Road,P,-82.6052141,wintering,1,2025-01-02,EBIRD_ATL_NC,Stationary,,WEAVERVILLE-NW,0,1.0,Mourning Dove,,,
S207710830,S207710830,1,Buncombe,5.0,0,,35.7096008,40 Flack Valley Road,P,-82.6052141,wintering,1,2025-01-02,EBIRD_ATL_NC,Stationary,,WEAVERVILLE-NW,0,1.0,Tufted Titmouse,,,
S207710830,S207710830,1,Buncombe,5.0,0,,35.7096008,40 Flack Valley Road,P,-82.6052141,wintering,1,2025-01-02,EBIRD_ATL_NC,Stationary,,WEAVERVILLE-NW,0,1.0,White-breasted Nuthatch,,,
S207647836,S207647836,1,Buncombe,23.0,0.322,,35.633465,Beaver Lake Bird Sanctuary,H,-82.55752,wintering,1,2025-01-02,EBIRD_ATL_NC,Traveling,,WEAVERVILLE-SE,1,1,American Crow,,,
S207647836,S207647836,1,Buncombe,23.0,0.322,,35.633465,Beaver Lake Bird Sanctuary,H,-82.55752,wintering,1,2025-01-02,EBIRD_ATL_NC,Traveling,,WEAVERVILLE-SE,1,1,American Goldfinch,,,
S207647836,S207647836,1,Buncombe,23.0,0.322,,35.633465,Beaver Lake Bird Sanctuary,H,-82.55752,wintering,1,2025-01-02,EBIRD_ATL_NC,Traveling,,WEAVERVILLE-SE,1,1,American Robin,,,
S207647836,S207647836,1,Buncombe,23.0,0.322,,35.633465,Beaver Lake Bird Sanctuary,H,-82.55752,wintering,1,2025-01-02,EBIRD_ATL_NC,Traveling,,WEAVERVILLE-SE,1,1,Bufflehead,,,
S207647836,S207647836,1,Buncombe,23.0,0.322,,35.633465,Beaver Lake Bird Sanctuary,H,-82.55752,wintering,1,2025-01-02,EBIRD_ATL_NC,Traveling,,WEAVERVILLE-SE,1,1,Canada Goose,,,
S207647836,S207647836,1,Buncombe,23.0,0.322,,35.633465,Beaver Lake Bird Sanctuary,H,-82.55752,wintering,1,2025-01-02,EBIRD_ATL_NC,Traveling,,WEAVERVILLE-SE,1,1,Carolina Chickadee,,,
S207647836,S207647836,1,Buncombe,23.0,0.322,,35.633465,Beaver Lake Bird Sanctuary,H,-82.55752,wintering,1,2025-01-02,EBIRD_ATL_NC,Traveling,,WEAVERVILLE-SE,1,1,Carolina Wren,,,
S207647836,S207647836,1,Buncombe,23.0,0.322,,35.633465,Beaver Lake Bird Sanctuary,H,-82.55752,wintering,1,2025-01-02,EBIRD_ATL_NC,Traveling,,WEAVERVILLE-SE,1,1,Eastern Bluebird,,,
S207647836,S207647836,1,Buncombe,23.0,0.322,,35.633465,Beaver Lake Bird Sanctuary,H,-82.55752,wintering,1,2025-01-02,EBIRD_ATL_NC,Traveling,,WEAVERVILLE-SE,1,1,Eastern Towhee,,,
S207647836,S207647836,1,Buncombe,23.0,0.322,,35.633465,Beaver Lake Bird Sanctuary,H,-82.55752,wintering,1,2025-01-02,EBIRD_ATL_NC,Traveling,,WEAVERVILLE-SE,1,1,Great Blue Heron,,,
S207647836,S207647836,1,Buncombe,23.0,0.322,,35.633465,Beaver Lake Bird Sanctuary,H,-82.55752,wintering,1,2025-01-02,EBIRD_ATL_NC,Traveling,,WEAVERVILLE-SE,1,1,Northern Cardinal,,,
S207647836,S207647836,1,Buncombe,23.0,0.322,,35.633465,Beaver Lake Bird Sanctuary,H,-82.55752,wintering,1,2025-01-02,EBIRD_ATL_NC,Traveling,,WEAVERVILLE-SE,1,1,Red-bellied Woodpecker,,,
S207647836,S207647836,1,Buncombe,23.0,0.322,,35.633465,Beaver Lake Bird Sanctuary,H,-82.55752,wintering,1,2025-01-02,EBIRD_ATL_NC,Traveling,,WEAVERVILLE-SE,1,1,Song Sparrow,,,
S207647836,S207647836,1,Buncombe,23.0,0.322,,35.633465,Beaver Lake Bird Sanctuary,H,-82.55752,wintering,1,2025-01-02,EBIRD_ATL_NC,Traveling,,WEAVERVILLE-SE,1,1,Tufted Titmouse,,,
S207647836,S207647836,1,Buncombe,23.0,0.322,,35.633465,Beaver Lake Bird Sanctuary,H,-82.55752,wintering,1,2025-01-02,EBIRD_ATL_NC,Traveling,,WEAVERVILLE-SE,1,1,White-breasted Nuthatch,,,
S207689058,S207689058,1,Buncombe,56.0,0.813,,35.596092,BlackBerry Stables,P,-82.748221,wintering,1,2025-01-02,EBIRD_ATL_NC,Traveling,,ENKA-NW,0,1.0,American Crow,,,
S207689058,S207689058,1,Buncombe,56.0,0.813,,35.596092,BlackBerry Stables,P,-82.748221,wintering,1,2025-01-02,EBIRD_ATL_NC,Traveling,,ENKA-NW,0,1.0,American Goldfinch,,,
S207689058,S207689058,1,Buncombe,56.0,0.813,,35.596092,BlackBerry Stables,P,-82.748221,wintering,1,2025-01-02,EBIRD_ATL_NC,Traveling,,ENKA-NW,0,1.0,American Robin,,,
S207689058,S207689058,1,Buncombe,56.0,0.813,,35.596092,BlackBerry Stables,P,-82.748221,wintering,1,2025-01-02,EBIRD_ATL_NC,Traveling,,ENKA-NW,0,1.0,Blue Jay,,,
S207689058,S207689058,1,Buncombe,56.0,0.813,,35.596092,BlackBerry Stables,P,-82.748221,wintering,1,2025-01-02,EBIRD_ATL_NC,Traveling,,ENKA-NW,0,1.0,Carolina Chickadee,,,
S207689058,S207689058,1,Buncombe,56.0,0.813,,35.596092,BlackBerry Stables,P,-82.748221,wintering,1,2025-01-02,EBIRD_ATL_NC,Traveling,,ENKA-NW,0,1.0,Carolina Wren,,,
S207689058,S207689058,1,Buncombe,56.0,0.813,,35.596092,BlackBerry Stables,P,-82.748221,wintering,1,2025-01-02,EBIRD_ATL_NC,Traveling,,ENKA-NW,0,1.0,Cedar Waxwing,,,
S207689058,S207689058,1,Buncombe,56.0,0.813,,35.596092,BlackBerry Stables,P,-82.748221,wintering,1,2025-01-02,EBIRD_ATL_NC,Traveling,,ENKA-NW,0,1.0,Downy Woodpecker,,,
S207689058,S207689058,1,Buncombe,56.0,0.813,,35.596092,BlackBerry Stables,P,-82.748221,wintering,1,2025-01-02,EBIRD_ATL_NC,Traveling,,ENKA-NW,0,1.0,Eastern Bluebird,,,
S207689058,S207689058,1,Buncombe,56.0,0.813,,35.596092,BlackBerry Stables,P,-82.748221,wintering,1,2025-01-02,EBIRD_ATL_NC,Traveling,,ENKA-NW,0,1.0,Eastern Phoebe,,,
S207689058,S207689058,1,Buncombe,56.0,0.813,,35.596092,BlackBerry Stables,P,-82.748221,wintering,1,2025-01-02,EBIRD_ATL_NC,Traveling,,ENKA-NW,0,1.0,Eastern Towhee,,,
S207689058,S207689058,1,Buncombe,56.0,0.813,,35.596092,BlackBerry Stables,P,-82.748221,wintering,1,2025-01-02,EBIRD_ATL_NC,Traveling,,ENKA-NW,0,1.0,Field Sparrow,,,
S207689058,S207689058,1,Buncombe,56.0,0.813,,35.596092,BlackBerry Stables,P,-82.748221,wintering,1,2025-01-02,EBIRD_ATL_NC,Traveling,,ENKA-NW,0,1.0,Hairy Woodpecker,,,
S207689058,S207689058,1,Buncombe,56.0,0.813,,35.596092,BlackBerry Stables,P,-82.748221,wintering,1,2025-01-02,EBIRD_ATL_NC,Traveling,,ENKA-NW,0,1.0,Hermit Thrush,,,
S207689058,S207689058,1,Buncombe,56.0,0.813,,35.596092,BlackBerry Stables,P,-82.748221,wintering,1,2025-01-02,EBIRD_ATL_NC,Traveling,,ENKA-NW,0,1.0,House Finch,,,
S207689058,S207689058,1,Buncombe,56.0,0.813,,35.596092,BlackBerry Stables,P,-82.748221,wintering,1,2025-01-02,EBIRD_ATL_NC,Traveling,,ENKA-NW,0,1.0,Mourning Dove,,,
S207689058,S207689058,1,Buncombe,56.0,0.813,,35.596092,BlackBerry Stables,P,-82.748221,wintering,1,2025-01-02,EBIRD_ATL_NC,Traveling,,ENKA-NW,0,1.0,Northern Cardinal,,,
S207689058,S207689058,1,Buncombe,56.0,0.813,,35.596092,BlackBerry Stables,P,-82.748221,wintering,1,2025-01-02,EBIRD_ATL_NC,Traveling,,ENKA-NW,0,1.0,Northern Flicker,,,
S207689058,S207689058,1,Buncombe,56.0,0.813,,35.596092,BlackBerry Stables,P,-82.748221,wintering,1,2025-01-02,EBIRD_ATL_NC,Traveling,,ENKA-NW,0,1.0,Northern Mockingbird,,,
S207689058,S207689058,1,Buncombe,56.0,0.813,,35.596092,BlackBerry Stables,P,-82.748221,wintering,1,2025-01-02,EBIRD_ATL_NC,Traveling,,ENKA-NW,0,1.0,Red-bellied Woodpecker,,,
S207689058,S207689058,1,Buncombe,56.0,0.813,,35.596092,BlackBerry Stables,P,-82.748221,wintering,1,2025-01-02,EBIRD_ATL_NC,Traveling,,ENKA-NW,0,1.0,Song Sparrow,,,
S207689058,S207689058,1,Buncombe,56.0,0.813,,35.596092,BlackBerry Stables,P,-82.748221,wintering,1,2025-01-02,EBIRD_ATL_NC,Traveling,,ENKA-NW,0,1.0,Tufted Titmouse,,,
S207689058,S207689058,1,Buncombe,56.0,0.813,,35.596092,BlackBerry Stables,P,-82.748221,wintering,1,2025-01-02,EBIRD_ATL_NC,Traveling,,ENKA-NW,0,1.0,Turkey Vulture,,,
S207689058,S207689058,1,Buncombe,56.0,0.813,,35.596092,BlackBerry Stables,P,-82.748221,wintering,1,2025-01-02,EBIRD_ATL_NC,Traveling,,ENKA-NW,0,1.0,White-breasted Nuthatch,,,
S207689058,S207689058,1,Buncombe,56.0,0.813,,35.596092,BlackBerry Stables,P,-82.748221,wintering,1,2025-01-02,EBIRD_ATL_NC,Traveling,,ENKA-NW,0,1.0,White-throated Sparrow,,,
S207689058,S207689058,1,Buncombe,56.0,0.813,,35.596092,BlackBerry Stables,P,-82.748221,wintering,1,2025-01-02,EBIRD_ATL_NC,Traveling,,ENKA-NW,0,1.0,Winter Wren,,,
S207689058,S207689058,1,Buncombe,56.0,0.813,,35.596092,BlackBerry Stables,P,-82.748221,wintering,1,2025-01-02,EBIRD_ATL_NC,Traveling,,ENKA-NW,0,1.0,Yellow-bellied Sapsucker,,,
S207675062,S207675062,1,Buncombe,70.0,0.289,,35.7096008,40 Flack Valley Road,P,-82.6052141,wintering,1,2025-01-02,EBIRD_ATL_NC,Traveling,,WEAVERVILLE-NW,0,1,American Crow,,,
S207675062,S207675062,1,Buncombe,70.0,0.289,,35.7096008,40 Flack Valley Road,P,-82.6052141,wintering,1,2025-01-02,EBIRD_ATL_NC,Traveling,,WEAVERVILLE-NW,0,1,American Goldfinch,,,
S207675062,S207675062,1,Buncombe,70.0,0.289,,35.7096008,40 Flack Valley Road,P,-82.6052141,wintering,1,2025-01-02,EBIRD_ATL_NC,Traveling,,WEAVERVILLE-NW,0,1,American Robin,,,
S207675062,S207675062,1,Buncombe,70.0,0.289,,35.7096008,40 Flack Valley Road,P,-82.6052141,wintering,1,2025-01-02,EBIRD_ATL_NC,Traveling,,WEAVERVILLE-NW,0,1,Black Vulture,,,
S207675062,S207675062,1,Buncombe,70.0,0.289,,35.7096008,40 Flack Valley Road,P,-82.6052141,wintering,1,2025-01-02,EBIRD_ATL_NC,Traveling,,WEAVERVILLE-NW,0,1,Brown-headed Nuthatch,,,
S207675062,S207675062,1,Buncombe,70.0,0.289,,35.7096008,40 Flack Valley Road,P,-82.6052141,wintering,1,2025-01-02,EBIRD_ATL_NC,Traveling,,WEAVERVILLE-NW,0,1,Carolina Chickadee,,,
S207675062,S207675062,1,Buncombe,70.0,0.289,,35.7096008,40 Flack Valley Road,P,-82.6052141,wintering,1,2025-01-02,EBIRD_ATL_NC,Traveling,,WEAVERVILLE-NW,0,1,Carolina Wren,,,
S207675062,S207675062,1,Buncombe,70.0,0.289,,35.7096008,40 Flack Valley Road,P,-82.6052141,wintering,1,2025-01-02,EBIRD_ATL_NC,Traveling,,WEAVERVILLE-NW,0,1,Dark-eyed Junco,,,
S207675062,S207675062,1,Buncombe,70.0,0.289,,35.7096008,40 Flack Valley Road,P,-82.6052141,wintering,1,2025-01-02,EBIRD_ATL_NC,Traveling,,WEAVERVILLE-NW,0,1,Downy Woodpecker,,,
S207675062,S207675062,1,Buncombe,70.0,0.289,,35.7096008,40 Flack Valley Road,P,-82.6052141,wintering,1,2025-01-02,EBIRD_ATL_NC,Traveling,,WEAVERVILLE-NW,0,1,Field Sparrow,,,
S207675062,S207675062,1,Buncombe,70.0,0.289,,35.7096008,40 Flack Valley Road,P,-82.6052141,wintering,1,2025-01-02,EBIRD_ATL_NC,Traveling,,WEAVERVILLE-NW,0,1,House Finch,,,
S207675062,S207675062,1,Buncombe,70.0,0.289,,35.7096008,40 Flack Valley Road,P,-82.6052141,wintering,1,2025-01-02,EBIRD_ATL_NC,Traveling,,WEAVERVILLE-NW,0,1,Mourning Dove,,,
S207675062,S207675062,1,Buncombe,70.0,0.289,,35.7096008,40 Flack Valley Road,P,-82.6052141,wintering,1,2025-01-02,EBIRD_ATL_NC,Traveling,,WEAVERVILLE-NW,0,1,Northern Cardinal,,,
S207675062,S207675062,1,Buncombe,70.0,0.289,,35.7096008,40 Flack Valley Road,P,-82.6052141,wintering,1,2025-01-02,EBIRD_ATL_NC,Traveling,,WEAVERVILLE-NW,0,1,Purple Finch,,,
S207675062,S207675062,1,Buncombe,70.0,0.289,,35.7096008,40 Flack Valley Road,P,-82.6052141,wintering,1,2025-01-02,EBIRD_ATL_NC,Traveling,,WEAVERVILLE-NW,0,1,Song Sparrow,,,
S207675062,S207675062,1,Buncombe,70.0,0.289,,35.7096008,40 Flack Valley Road,P,-82.6052141,wintering,1,2025-01-02,EBIRD_ATL_NC,Traveling,,WEAVERVILLE-NW,0,1,Tufted Titmouse,,,
S207675062,S207675062,1,Buncombe,70.0,0.289,,35.7096008,40 Flack Valley Road,P,-82.6052141,wintering,1,2025-01-02,EBIRD_ATL_NC,Traveling,,WEAVERVILLE-NW,0,1,White-breasted Nuthatch,,,
S207675062,S207675062,1,Buncombe,70.0,0.289,,35.7096008,40 Flack Valley Road,P,-82.6052141,wintering,1,2025-01-02,EBIRD_ATL_NC,Traveling,,WEAVERVILLE-NW,0,1,White-throated Sparrow,,,
S207675062,S207675062,1,Buncombe,70.0,0.289,,35.7096008,40 Flack Valley Road,P,-82.6052141,wintering,1,2025-01-02,EBIRD_ATL_NC,Traveling,,WEAVERVILLE-NW,0,1,Wild Turkey,,,1leucistic
S207769123,S207769123,1,Buncombe,18.0,0.33,G13706200,35.4794464,Lake Julian Park,H,-82.538002,wintering,2,2025-01-02,EBIRD_ATL_NC,Traveling,Speed birding before Vicky leaves town.,SKYLAND-NE,0,1,American Crow,,,
S207769123,S207769123,1,Buncombe,18.0,0.33,G13706200,35.4794464,Lake Julian Park,H,-82.538002,wintering,2,2025-01-02,EBIRD_ATL_NC,Traveling,Speed birding before Vicky leaves town.,SKYLAND-NE,0,1,American Robin,,,
S207769123,S207769123,1,Buncombe,18.0,0.33,G13706200,35.4794464,Lake Julian Park,H,-82.538002,wintering,2,2025-01-02,EBIRD_ATL_NC,Traveling,Speed birding before Vicky leaves town.,SKYLAND-NE,0,1,Blue Jay,,,
S207769123,S207769123,1,Buncombe,18.0,0.33,G13706200,35.4794464,Lake Julian Park,H,-82.538002,wintering,2,2025-01-02,EBIRD_ATL_NC,Traveling,Speed birding before Vicky leaves town.,SKYLAND-NE,0,1,Bufflehead,,,
S207769123,S207769123,1,Buncombe,18.0,0.33,G13706200,35.4794464,Lake Julian Park,H,-82.538002,wintering,2,2025-01-02,EBIRD_ATL_NC,Traveling,Speed birding before Vicky leaves town.,SKYLAND-NE,0,1,Canada Goose,,,
S207769123,S207769123,1,Buncombe,18.0,0.33,G13706200,35.4794464,Lake Julian Park,H,-82.538002,wintering,2,2025-01-02,EBIRD_ATL_NC,Traveling,Speed birding before Vicky leaves town.,SKYLAND-NE,0,1,Domestic goose sp. (Domestic type),,,
S207769123,S207769123,1,Buncombe,18.0,0.33,G13706200,35.4794464,Lake Julian Park,H,-82.538002,wintering,2,2025-01-02,EBIRD_ATL_NC,Traveling,Speed birding before Vicky leaves town.,SKYLAND-NE,0,1,Graylag Goose,,,
S207769123,S207769123,1,Buncombe,18.0,0.33,G13706200,35.4794464,Lake Julian Park,H,-82.538002,wintering,2,2025-01-02,EBIRD_ATL_NC,Traveling,Speed birding before Vicky leaves town.,SKYLAND-NE,0,1,Great Blue Heron,,,
S207769123,S207769123,1,Buncombe,18.0,0.33,G13706200,35.4794464,Lake Julian Park,H,-82.538002,wintering,2,2025-01-02,EBIRD_ATL_NC,Traveling,Speed birding before Vicky leaves town.,SKYLAND-NE,0,1,Hooded Merganser,,,
S207769123,S207769123,1,Buncombe,18.0,0.33,G13706200,35.4794464,Lake Julian Park,H,-82.538002,wintering,2,2025-01-02,EBIRD_ATL_NC,Traveling,Speed birding before Vicky leaves town.,SKYLAND-NE,0,1,Mallard,,,
S207769123,S207769123,1,Buncombe,18.0,0.33,G13706200,35.4794464,Lake Julian Park,H,-82.538002,wintering,2,2025-01-02,EBIRD_ATL_NC,Traveling,Speed birding before Vicky leaves town.,SKYLAND-NE,0,1,Mallard,,,
S207769123,S207769123,1,Buncombe,18.0,0.33,G13706200,35.4794464,Lake Julian Park,H,-82.538002,wintering,2,2025-01-02,EBIRD_ATL_NC,Traveling,Speed birding before Vicky leaves town.,SKYLAND-NE,0,1,Muscovy Duck,,,
S207769123,S207769123,1,Buncombe,18.0,0.33,G13706200,35.4794464,Lake Julian Park,H,-82.538002,wintering,2,2025-01-02,EBIRD_ATL_NC,Traveling,Speed birding before Vicky leaves town.,SKYLAND-NE,0,1,Red-bellied Woodpecker,,,
S207769123,S207769123,1,Buncombe,18.0,0.33,G13706200,35.4794464,Lake Julian Park,H,-82.538002,wintering,2,2025-01-02,EBIRD_ATL_NC,Traveling,Speed birding before Vicky leaves town.,SKYLAND-NE,0,1,Ruddy Duck,,,
S207769123,S207769123,1,Buncombe,18.0,0.33,G13706200,35.4794464,Lake Julian Park,H,-82.538002,wintering,2,2025-01-02,EBIRD_ATL_NC,Traveling,Speed birding before Vicky leaves town.,SKYLAND-NE,0,1,White-breasted Nuthatch,,,
S207769123,S207769123,1,Buncombe,18.0,0.33,G13706200,35.4794464,Lake Julian Park,H,-82.538002,wintering,2,2025-01-02,EBIRD_ATL_NC,Traveling,Speed birding before Vicky leaves town.,SKYLAND-NE,0,1,American Coot,,,
S207769123,S207769123,1,Buncombe,18.0,0.33,G13706200,35.4794464,Lake Julian Park,H,-82.538002,wintering,2,2025-01-02,EBIRD_ATL_NC,Traveling,Speed birding before Vicky leaves town.,SKYLAND-NE,0,1,Yellow-bellied Sapsucker,,,
S207655703,S207655703,1,Buncombe,80.0,0.413,,35.7096008,40 Flack Valley Road,P,-82.6052141,wintering,1,2025-01-02,EBIRD_ATL_NC,Traveling,,WEAVERVILLE-NW,0,1,American Crow,,,
S207655703,S207655703,1,Buncombe,80.0,0.413,,35.7096008,40 Flack Valley Road,P,-82.6052141,wintering,1,2025-01-02,EBIRD_ATL_NC,Traveling,,WEAVERVILLE-NW,0,1,American Goldfinch,,,
S207655703,S207655703,1,Buncombe,80.0,0.413,,35.7096008,40 Flack Valley Road,P,-82.6052141,wintering,1,2025-01-02,EBIRD_ATL_NC,Traveling,,WEAVERVILLE-NW,0,1,American Robin,,,
S207655703,S207655703,1,Buncombe,80.0,0.413,,35.7096008,40 Flack Valley Road,P,-82.6052141,wintering,1,2025-01-02,EBIRD_ATL_NC,Traveling,,WEAVERVILLE-NW,0,1,Black Vulture,,,
S207655703,S207655703,1,Buncombe,80.0,0.413,,35.7096008,40 Flack Valley Road,P,-82.6052141,wintering,1,2025-01-02,EBIRD_ATL_NC,Traveling,,WEAVERVILLE-NW,0,1,Blue Jay,,,
S207655703,S207655703,1,Buncombe,80.0,0.413,,35.7096008,40 Flack Valley Road,P,-82.6052141,wintering,1,2025-01-02,EBIRD_ATL_NC,Traveling,,WEAVERVILLE-NW,0,1,Carolina Chickadee,,,
S207655703,S207655703,1,Buncombe,80.0,0.413,,35.7096008,40 Flack Valley Road,P,-82.6052141,wintering,1,2025-01-02,EBIRD_ATL_NC,Traveling,,WEAVERVILLE-NW,0,1,Carolina Wren,,,
S207655703,S207655703,1,Buncombe,80.0,0.413,,35.7096008,40 Flack Valley Road,P,-82.6052141,wintering,1,2025-01-02,EBIRD_ATL_NC,Traveling,,WEAVERVILLE-NW,0,1,Dark-eyed Junco,,,
S207655703,S207655703,1,Buncombe,80.0,0.413,,35.7096008,40 Flack Valley Road,P,-82.6052141,wintering,1,2025-01-02,EBIRD_ATL_NC,Traveling,,WEAVERVILLE-NW,0,1,Downy Woodpecker,,,
S207655703,S207655703,1,Buncombe,80.0,0.413,,35.7096008,40 Flack Valley Road,P,-82.6052141,wintering,1,2025-01-02,EBIRD_ATL_NC,Traveling,,WEAVERVILLE-NW,0,1,Eastern Bluebird,,,
S207655703,S207655703,1,Buncombe,80.0,0.413,,35.7096008,40 Flack Valley Road,P,-82.6052141,wintering,1,2025-01-02,EBIRD_ATL_NC,Traveling,,WEAVERVILLE-NW,0,1,Eastern Towhee,,,
S207655703,S207655703,1,Buncombe,80.0,0.413,,35.7096008,40 Flack Valley Road,P,-82.6052141,wintering,1,2025-01-02,EBIRD_ATL_NC,Traveling,,WEAVERVILLE-NW,0,1,Field Sparrow,,,
S207655703,S207655703,1,Buncombe,80.0,0.413,,35.7096008,40 Flack Valley Road,P,-82.6052141,wintering,1,2025-01-02,EBIRD_ATL_NC,Traveling,,WEAVERVILLE-NW,0,1,House Finch,,,
S207655703,S207655703,1,Buncombe,80.0,0.413,,35.7096008,40 Flack Valley Road,P,-82.6052141,wintering,1,2025-01-02,EBIRD_ATL_NC,Traveling,,WEAVERVILLE-NW,0,1,Mourning Dove,,,
S207655703,S207655703,1,Buncombe,80.0,0.413,,35.7096008,40 Flack Valley Road,P,-82.6052141,wintering,1,2025-01-02,EBIRD_ATL_NC,Traveling,,WEAVERVILLE-NW,0,1,Northern Cardinal,,,
S207655703,S207655703,1,Buncombe,80.0,0.413,,35.7096008,40 Flack Valley Road,P,-82.6052141,wintering,1,2025-01-02,EBIRD_ATL_NC,Traveling,,WEAVERVILLE-NW,0,1,Purple Finch,,,
S207655703,S207655703,1,Buncombe,80.0,0.413,,35.7096008,40 Flack Valley Road,P,-82.6052141,wintering,1,2025-01-02,EBIRD_ATL_NC,Traveling,,WEAVERVILLE-NW,0,1,Red-bellied Woodpecker,,,
S207655703,S207655703,1,Buncombe,80.0,0.413,,35.7096008,40 Flack Valley Road,P,-82.6052141,wintering,1,2025-01-02,EBIRD_ATL_NC,Traveling,,WEAVERVILLE-NW,0,1,Song Sparrow,,,
S207655703,S207655703,1,Buncombe,80.0,0.413,,35.7096008,40 Flack Valley Road,P,-82.6052141,wintering,1,2025-01-02,EBIRD_ATL_NC,Traveling,,WEAVERVILLE-NW,0,1,Tufted Titmouse,,,
S207655703,S207655703,1,Buncombe,80.0,0.413,,35.7096008,40 Flack Valley Road,P,-82.6052141,wintering,1,2025-01-02,EBIRD_ATL_NC,Traveling,,WEAVERVILLE-NW,0,1,White-breasted Nuthatch,,,
S207655703,S207655703,1,Buncombe,80.0,0.413,,35.7096008,40 Flack Valley Road,P,-82.6052141,wintering,1,2025-01-02,EBIRD_ATL_NC,Traveling,,WEAVERVILLE-NW,0,1,White-throated Sparrow,,,
S207655703,S207655703,1,Buncombe,80.0,0.413,,35.7096008,40 Flack Valley Road,P,-82.6052141,wintering,1,2025-01-02,EBIRD_ATL_NC,Traveling,,WEAVERVILLE-NW,0,1,Wild Turkey,,,
S207660096,S207660096,1,Buncombe,23.0,0.342,,35.4794464,Lake Julian Park,H,-82.538002,wintering,1,2025-01-02,EBIRD_ATL_NC,Traveling,,SKYLAND-NE,0,1,American Crow,,,
S207660096,S207660096,1,Buncombe,23.0,0.342,,35.4794464,Lake Julian Park,H,-82.538002,wintering,1,2025-01-02,EBIRD_ATL_NC,Traveling,,SKYLAND-NE,0,1,Brown-headed Nuthatch,,,
S207660096,S207660096,1,Buncombe,23.0,0.342,,35.4794464,Lake Julian Park,H,-82.538002,wintering,1,2025-01-02,EBIRD_ATL_NC,Traveling,,SKYLAND-NE,0,1,Bufflehead,,,
S207660096,S207660096,1,Buncombe,23.0,0.342,,35.4794464,Lake Julian Park,H,-82.538002,wintering,1,2025-01-02,EBIRD_ATL_NC,Traveling,,SKYLAND-NE,0,1,Canada Goose,,,
S207660096,S207660096,1,Buncombe,23.0,0.342,,35.4794464,Lake Julian Park,H,-82.538002,wintering,1,2025-01-02,EBIRD_ATL_NC,Traveling,,SKYLAND-NE,0,1,Dark-eyed Junco,,,
S207660096,S207660096,1,Buncombe,23.0,0.342,,35.4794464,Lake Julian Park,H,-82.538002,wintering,1,2025-01-02,EBIRD_ATL_NC,Traveling,,SKYLAND-NE,0,1,Golden-crowned Kinglet,,,
S207660096,S207660096,1,Buncombe,23.0,0.342,,35.4794464,Lake Julian Park,H,-82.538002,wintering,1,2025-01-02,EBIRD_ATL_NC,Traveling,,SKYLAND-NE,0,1,Great Blue Heron,,,
S207660096,S207660096,1,Buncombe,23.0,0.342,,35.4794464,Lake Julian Park,H,-82.538002,wintering,1,2025-01-02,EBIRD_ATL_NC,Traveling,,SKYLAND-NE,0,1,Hooded Merganser,,,
S207660096,S207660096,1,Buncombe,23.0,0.342,,35.4794464,Lake Julian Park,H,-82.538002,wintering,1,2025-01-02,EBIRD_ATL_NC,Traveling,,SKYLAND-NE,0,1,Pied-billed Grebe,,,
S207660096,S207660096,1,Buncombe,23.0,0.342,,35.4794464,Lake Julian Park,H,-82.538002,wintering,1,2025-01-02,EBIRD_ATL_NC,Traveling,,SKYLAND-NE,0,1,Ring-necked Duck,,,
S207660096,S207660096,1,Buncombe,23.0,0.342,,35.4794464,Lake Julian Park,H,-82.538002,wintering,1,2025-01-02,EBIRD_ATL_NC,Traveling,,SKYLAND-NE,0,1,Ruddy Duck,,,
S207660096,S207660096,1,Buncombe,23.0,0.342,,35.4794464,Lake Julian Park,H,-82.538002,wintering,1,2025-01-02,EBIRD_ATL_NC,Traveling,,SKYLAND-NE,0,1,American Coot,,,
S207716128,S207716128,1,Buncombe,18.0,0.33,G13706200,35.4794464,Lake Julian Park,H,-82.538002,wintering,2,2025-01-02,EBIRD_ATL_NC,Traveling,Speed birding before Vicky leaves town.,SKYLAND-NE,0,1,American Crow,,,
S207716128,S207716128,1,Buncombe,18.0,0.33,G13706200,35.4794464,Lake Julian Park,H,-82.538002,wintering,2,2025-01-02,EBIRD_ATL_NC,Traveling,Speed birding before Vicky leaves town.,SKYLAND-NE,0,1,American Robin,,,
S207716128,S207716128,1,Buncombe,18.0,0.33,G13706200,35.4794464,Lake Julian Park,H,-82.538002,wintering,2,2025-01-02,EBIRD_ATL_NC,Traveling,Speed birding before Vicky leaves town.,SKYLAND-NE,0,1,Blue Jay,,,
S207716128,S207716128,1,Buncombe,18.0,0.33,G13706200,35.4794464,Lake Julian Park,H,-82.538002,wintering,2,2025-01-02,EBIRD_ATL_NC,Traveling,Speed birding before Vicky leaves town.,SKYLAND-NE,0,1,Bufflehead,,,
S207716128,S207716128,1,Buncombe,18.0,0.33,G13706200,35.4794464,Lake Julian Park,H,-82.538002,wintering,2,2025-01-02,EBIRD_ATL_NC,Traveling,Speed birding before Vicky leaves town.,SKYLAND-NE,0,1,Canada Goose,,,
S207716128,S207716128,1,Buncombe,18.0,0.33,G13706200,35.4794464,Lake Julian Park,H,-82.538002,wintering,2,2025-01-02,EBIRD_ATL_NC,Traveling,Speed birding before Vicky leaves town.,SKYLAND-NE,0,1,Domestic goose sp. (Domestic type),,,
S207716128,S207716128,1,Buncombe,18.0,0.33,G13706200,35.4794464,Lake Julian Park,H,-82.538002,wintering,2,2025-01-02,EBIRD_ATL_NC,Traveling,Speed birding before Vicky leaves town.,SKYLAND-NE,0,1,Graylag Goose,,,
S207716128,S207716128,1,Buncombe,18.0,0.33,G13706200,35.4794464,Lake Julian Park,H,-82.538002,wintering,2,2025-01-02,EBIRD_ATL_NC,Traveling,Speed birding before Vicky leaves town.,SKYLAND-NE,0,1,Great Blue Heron,,,
S207716128,S207716128,1,Buncombe,18.0,0.33,G13706200,35.4794464,Lake Julian Park,H,-82.538002,wintering,2,2025-01-02,EBIRD_ATL_NC,Traveling,Speed birding before Vicky leaves town.,SKYLAND-NE,0,1,Hooded Merganser,,,
S207716128,S207716128,1,Buncombe,18.0,0.33,G13706200,35.4794464,Lake Julian Park,H,-82.538002,wintering,2,2025-01-02,EBIRD_ATL_NC,Traveling,Speed birding before Vicky leaves town.,SKYLAND-NE,0,1,Mallard,,,
S207716128,S207716128,1,Buncombe,18.0,0.33,G13706200,35.4794464,Lake Julian Park,H,-82.538002,wintering,2,2025-01-02,EBIRD_ATL_NC,Traveling,Speed birding before Vicky leaves town.,SKYLAND-NE,0,1,Mallard,,,
S207716128,S207716128,1,Buncombe,18.0,0.33,G13706200,35.4794464,Lake Julian Park,H,-82.538002,wintering,2,2025-01-02,EBIRD_ATL_NC,Traveling,Speed birding before Vicky leaves town.,SKYLAND-NE,0,1,Muscovy Duck,,,
S207716128,S207716128,1,Buncombe,18.0,0.33,G13706200,35.4794464,Lake Julian Park,H,-82.538002,wintering,2,2025-01-02,EBIRD_ATL_NC,Traveling,Speed birding before Vicky leaves town.,SKYLAND-NE,0,1,Red-bellied Woodpecker,,,
S207716128,S207716128,1,Buncombe,18.0,0.33,G13706200,35.4794464,Lake Julian Park,H,-82.538002,wintering,2,2025-01-02,EBIRD_ATL_NC,Traveling,Speed birding before Vicky leaves town.,SKYLAND-NE,0,1,Ruddy Duck,,,
S207716128,S207716128,1,Buncombe,18.0,0.33,G13706200,35.4794464,Lake Julian Park,H,-82.538002,wintering,2,2025-01-02,EBIRD_ATL_NC,Traveling,Speed birding before Vicky leaves town.,SKYLAND-NE,0,1,White-breasted Nuthatch,,,
S207716128,S207716128,1,Buncombe,18.0,0.33,G13706200,35.4794464,Lake Julian Park,H,-82.538002,wintering,2,2025-01-02,EBIRD_ATL_NC,Traveling,Speed birding before Vicky leaves town.,SKYLAND-NE,0,1,American Coot,,,
S207716128,S207716128,1,Buncombe,18.0,0.33,G13706200,35.4794464,Lake Julian Park,H,-82.538002,wintering,2,2025-01-02,EBIRD_ATL_NC,Traveling,Speed birding before Vicky leaves town.,SKYLAND-NE,0,1,Yellow-bellied Sapsucker,,,
S207669267,S207669267,1,Caldwell,74.0,1.431,,35.990081,Yadkin River Greenway--Happy Valley,H,-81.558355,wintering,1,2025-01-02,EBIRD_ATL_NC,Traveling,,LENOIR-NE,0,1,American Crow,,,
S207669267,S207669267,1,Caldwell,74.0,1.431,,35.990081,Yadkin River Greenway--Happy Valley,H,-81.558355,wintering,1,2025-01-02,EBIRD_ATL_NC,Traveling,,LENOIR-NE,0,1,American Kestrel,,,
S207669267,S207669267,1,Caldwell,74.0,1.431,,35.990081,Yadkin River Greenway--Happy Valley,H,-81.558355,wintering,1,2025-01-02,EBIRD_ATL_NC,Traveling,,LENOIR-NE,0,1,Belted Kingfisher,,,
S207669267,S207669267,1,Caldwell,74.0,1.431,,35.990081,Yadkin River Greenway--Happy Valley,H,-81.558355,wintering,1,2025-01-02,EBIRD_ATL_NC,Traveling,,LENOIR-NE,0,1,Carolina Wren,,,
S207669267,S207669267,1,Caldwell,74.0,1.431,,35.990081,Yadkin River Greenway--Happy Valley,H,-81.558355,wintering,1,2025-01-02,EBIRD_ATL_NC,Traveling,,LENOIR-NE,0,1,Downy Woodpecker,,,
S207669267,S207669267,1,Caldwell,74.0,1.431,,35.990081,Yadkin River Greenway--Happy Valley,H,-81.558355,wintering,1,2025-01-02,EBIRD_ATL_NC,Traveling,,LENOIR-NE,0,1,Eastern Phoebe,,,
S207669267,S207669267,1,Caldwell,74.0,1.431,,35.990081,Yadkin River Greenway--Happy Valley,H,-81.558355,wintering,1,2025-01-02,EBIRD_ATL_NC,Traveling,,LENOIR-NE,0,1,Field Sparrow,,,
S207669267,S207669267,1,Caldwell,74.0,1.431,,35.990081,Yadkin River Greenway--Happy Valley,H,-81.558355,wintering,1,2025-01-02,EBIRD_ATL_NC,Traveling,,LENOIR-NE,0,1,Great Blue Heron,,,
S207669267,S207669267,1,Caldwell,74.0,1.431,,35.990081,Yadkin River Greenway--Happy Valley,H,-81.558355,wintering,1,2025-01-02,EBIRD_ATL_NC,Traveling,,LENOIR-NE,0,1,Northern Cardinal,,,
S207669267,S207669267,1,Caldwell,74.0,1.431,,35.990081,Yadkin River Greenway--Happy Valley,H,-81.558355,wintering,1,2025-01-02,EBIRD_ATL_NC,Traveling,,LENOIR-NE,0,1,Pileated Woodpecker,,,
S207669267,S207669267,1,Caldwell,74.0,1.431,,35.990081,Yadkin River Greenway--Happy Valley,H,-81.558355,wintering,1,2025-01-02,EBIRD_ATL_NC,Traveling,,LENOIR-NE,0,1,Red-bellied Woodpecker,,,
S207669267,S207669267,1,Caldwell,74.0,1.431,,35.990081,Yadkin River Greenway--Happy Valley,H,-81.558355,wintering,1,2025-01-02,EBIRD_ATL_NC,Traveling,,LENOIR-NE,0,1,Red-shouldered Hawk,,,
S207669267,S207669267,1,Caldwell,74.0,1.431,,35.990081,Yadkin River Greenway--Happy Valley,H,-81.558355,wintering,1,2025-01-02,EBIRD_ATL_NC,Traveling,,LENOIR-NE,0,1,Ruby-crowned Kinglet,,,
S207669267,S207669267,1,Caldwell,74.0,1.431,,35.990081,Yadkin River Greenway--Happy Valley,H,-81.558355,wintering,1,2025-01-02,EBIRD_ATL_NC,Traveling,,LENOIR-NE,0,1,Song Sparrow,,,
S207669267,S207669267,1,Caldwell,74.0,1.431,,35.990081,Yadkin River Greenway--Happy Valley,H,-81.558355,wintering,1,2025-01-02,EBIRD_ATL_NC,Traveling,,LENOIR-NE,0,1,White-throated Sparrow,,,
S207683755,S207683755,1,Caswell,7.0,0.408,,36.5211737,Piedmont Triad Visitor Center,H,-79.4751338,wintering,1,2025-01-02,EBIRD_ATL_NC,Traveling,,DANVILLE-SW,0,1.0,American Crow,,,
S207683755,S207683755,1,Caswell,7.0,0.408,,36.5211737,Piedmont Triad Visitor Center,H,-79.4751338,wintering,1,2025-01-02,EBIRD_ATL_NC,Traveling,,DANVILLE-SW,0,1.0,Carolina Wren,,,
S207683755,S207683755,1,Caswell,7.0,0.408,,36.5211737,Piedmont Triad Visitor Center,H,-79.4751338,wintering,1,2025-01-02,EBIRD_ATL_NC,Traveling,,DANVILLE-SW,0,1.0,Dark-eyed Junco,,,
S207683755,S207683755,1,Caswell,7.0,0.408,,36.5211737,Piedmont Triad Visitor Center,H,-79.4751338,wintering,1,2025-01-02,EBIRD_ATL_NC,Traveling,,DANVILLE-SW,0,1.0,Turkey Vulture,,,
S207734662,S207734662,1,Catawba,32.0,0,,35.808434,Burkholders Tree House,P,-81.142062,wintering,1,2025-01-02,EBIRD_ATL_NC,Stationary,,MILLERSVILLE-CE,0,1.0,American Crow,,,
S207734662,S207734662,1,Catawba,32.0,0,,35.808434,Burkholders Tree House,P,-81.142062,wintering,1,2025-01-02,EBIRD_ATL_NC,Stationary,,MILLERSVILLE-CE,0,1.0,Carolina Chickadee,,,
S207734662,S207734662,1,Catawba,32.0,0,,35.808434,Burkholders Tree House,P,-81.142062,wintering,1,2025-01-02,EBIRD_ATL_NC,Stationary,,MILLERSVILLE-CE,0,1.0,Downy Woodpecker,,,
S207734662,S207734662,1,Catawba,32.0,0,,35.808434,Burkholders Tree House,P,-81.142062,wintering,1,2025-01-02,EBIRD_ATL_NC,Stationary,,MILLERSVILLE-CE,0,1.0,Mourning Dove,,,
S207734662,S207734662,1,Catawba,32.0,0,,35.808434,Burkholders Tree House,P,-81.142062,wintering,1,2025-01-02,EBIRD_ATL_NC,Stationary,,MILLERSVILLE-CE,0,1.0,Northern Cardinal,,,
S207734662,S207734662,1,Catawba,32.0,0,,35.808434,Burkholders Tree House,P,-81.142062,wintering,1,2025-01-02,EBIRD_ATL_NC,Stationary,,MILLERSVILLE-CE,0,1.0,Pileated Woodpecker,,,
S207734662,S207734662,1,Catawba,32.0,0,,35.808434,Burkholders Tree House,P,-81.142062,wintering,1,2025-01-02,EBIRD_ATL_NC,Stationary,,MILLERSVILLE-CE,0,1.0,Purple Finch,,,
S207734662,S207734662,1,Catawba,32.0,0,,35.808434,Burkholders Tree House,P,-81.142062,wintering,1,2025-01-02,EBIRD_ATL_NC,Stationary,,MILLERSVILLE-CE,0,1.0,Red-breasted Nuthatch,,,
S207734662,S207734662,1,Catawba,32.0,0,,35.808434,Burkholders Tree House,P,-81.142062,wintering,1,2025-01-02,EBIRD_ATL_NC,Stationary,,MILLERSVILLE-CE,0,1.0,Red-bellied Woodpecker,,,
S207734662,S207734662,1,Catawba,32.0,0,,35.808434,Burkholders Tree House,P,-81.142062,wintering,1,2025-01-02,EBIRD_ATL_NC,Stationary,,MILLERSVILLE-CE,0,1.0,Ruby-crowned Kinglet,,,
S207734662,S207734662,1,Catawba,32.0,0,,35.808434,Burkholders Tree House,P,-81.142062,wintering,1,2025-01-02,EBIRD_ATL_NC,Stationary,,MILLERSVILLE-CE,0,1.0,Tufted Titmouse,,,
S207734662,S207734662,1,Catawba,32.0,0,,35.808434,Burkholders Tree House,P,-81.142062,wintering,1,2025-01-02,EBIRD_ATL_NC,Stationary,,MILLERSVILLE-CE,0,1.0,White-breasted Nuthatch,,,
S207674815,S207674815,1,Chatham,78.0,4.13,,35.834519,Otis Johnson Road,P,-79.287054,wintering,1,2025-01-02,EBIRD_ATL_NC,Traveling,"Sunny, 35",SILK_HOPE-NE,0,1.0,American Crow,,,
S207674815,S207674815,1,Chatham,78.0,4.13,,35.834519,Otis Johnson Road,P,-79.287054,wintering,1,2025-01-02,EBIRD_ATL_NC,Traveling,"Sunny, 35",SILK_HOPE-NE,0,1.0,American Goldfinch,,,
S207674815,S207674815,1,Chatham,78.0,4.13,,35.834519,Otis Johnson Road,P,-79.287054,wintering,1,2025-01-02,EBIRD_ATL_NC,Traveling,"Sunny, 35",SILK_HOPE-NE,0,1.0,American Robin,,,
S207674815,S207674815,1,Chatham,78.0,4.13,,35.834519,Otis Johnson Road,P,-79.287054,wintering,1,2025-01-02,EBIRD_ATL_NC,Traveling,"Sunny, 35",SILK_HOPE-NE,0,1.0,Black Vulture,,,
S207674815,S207674815,1,Chatham,78.0,4.13,,35.834519,Otis Johnson Road,P,-79.287054,wintering,1,2025-01-02,EBIRD_ATL_NC,Traveling,"Sunny, 35",SILK_HOPE-NE,0,1.0,Blue Jay,,,
S207674815,S207674815,1,Chatham,78.0,4.13,,35.834519,Otis Johnson Road,P,-79.287054,wintering,1,2025-01-02,EBIRD_ATL_NC,Traveling,"Sunny, 35",SILK_HOPE-NE,0,1.0,Brown Creeper,,,
S207674815,S207674815,1,Chatham,78.0,4.13,,35.834519,Otis Johnson Road,P,-79.287054,wintering,1,2025-01-02,EBIRD_ATL_NC,Traveling,"Sunny, 35",SILK_HOPE-NE,0,1.0,Carolina Chickadee,,,
S207674815,S207674815,1,Chatham,78.0,4.13,,35.834519,Otis Johnson Road,P,-79.287054,wintering,1,2025-01-02,EBIRD_ATL_NC,Traveling,"Sunny, 35",SILK_HOPE-NE,0,1.0,Carolina Wren,,,
S207674815,S207674815,1,Chatham,78.0,4.13,,35.834519,Otis Johnson Road,P,-79.287054,wintering,1,2025-01-02,EBIRD_ATL_NC,Traveling,"Sunny, 35",SILK_HOPE-NE,0,1.0,Common Raven,,,Wooooohooooo!!!
S207674815,S207674815,1,Chatham,78.0,4.13,,35.834519,Otis Johnson Road,P,-79.287054,wintering,1,2025-01-02,EBIRD_ATL_NC,Traveling,"Sunny, 35",SILK_HOPE-NE,0,1.0,Dark-eyed Junco,,,
S207674815,S207674815,1,Chatham,78.0,4.13,,35.834519,Otis Johnson Road,P,-79.287054,wintering,1,2025-01-02,EBIRD_ATL_NC,Traveling,"Sunny, 35",SILK_HOPE-NE,0,1.0,Eastern Bluebird,,,
S207674815,S207674815,1,Chatham,78.0,4.13,,35.834519,Otis Johnson Road,P,-79.287054,wintering,1,2025-01-02,EBIRD_ATL_NC,Traveling,"Sunny, 35",SILK_HOPE-NE,0,1.0,Eastern Meadowlark,,,
S207674815,S207674815,1,Chatham,78.0,4.13,,35.834519,Otis Johnson Road,P,-79.287054,wintering,1,2025-01-02,EBIRD_ATL_NC,Traveling,"Sunny, 35",SILK_HOPE-NE,0,1.0,Eastern Phoebe,,,
S207674815,S207674815,1,Chatham,78.0,4.13,,35.834519,Otis Johnson Road,P,-79.287054,wintering,1,2025-01-02,EBIRD_ATL_NC,Traveling,"Sunny, 35",SILK_HOPE-NE,0,1.0,Eastern Towhee,,,
S207674815,S207674815,1,Chatham,78.0,4.13,,35.834519,Otis Johnson Road,P,-79.287054,wintering,1,2025-01-02,EBIRD_ATL_NC,Traveling,"Sunny, 35",SILK_HOPE-NE,0,1.0,Hermit Thrush,,,
S207674815,S207674815,1,Chatham,78.0,4.13,,35.834519,Otis Johnson Road,P,-79.287054,wintering,1,2025-01-02,EBIRD_ATL_NC,Traveling,"Sunny, 35",SILK_HOPE-NE,0,1.0,Northern Cardinal,,,
S207674815,S207674815,1,Chatham,78.0,4.13,,35.834519,Otis Johnson Road,P,-79.287054,wintering,1,2025-01-02,EBIRD_ATL_NC,Traveling,"Sunny, 35",SILK_HOPE-NE,0,1.0,Northern Flicker,,,
S207674815,S207674815,1,Chatham,78.0,4.13,,35.834519,Otis Johnson Road,P,-79.287054,wintering,1,2025-01-02,EBIRD_ATL_NC,Traveling,"Sunny, 35",SILK_HOPE-NE,0,1.0,Northern Mockingbird,,,
S207674815,S207674815,1,Chatham,78.0,4.13,,35.834519,Otis Johnson Road,P,-79.287054,wintering,1,2025-01-02,EBIRD_ATL_NC,Traveling,"Sunny, 35",SILK_HOPE-NE,0,1.0,Pine Warbler,,,
S207674815,S207674815,1,Chatham,78.0,4.13,,35.834519,Otis Johnson Road,P,-79.287054,wintering,1,2025-01-02,EBIRD_ATL_NC,Traveling,"Sunny, 35",SILK_HOPE-NE,0,1.0,Red-bellied Woodpecker,,,
S207674815,S207674815,1,Chatham,78.0,4.13,,35.834519,Otis Johnson Road,P,-79.287054,wintering,1,2025-01-02,EBIRD_ATL_NC,Traveling,"Sunny, 35",SILK_HOPE-NE,0,1.0,Red-shouldered Hawk,,,
S207674815,S207674815,1,Chatham,78.0,4.13,,35.834519,Otis Johnson Road,P,-79.287054,wintering,1,2025-01-02,EBIRD_ATL_NC,Traveling,"Sunny, 35",SILK_HOPE-NE,0,1.0,Red-tailed Hawk,,,
S207674815,S207674815,1,Chatham,78.0,4.13,,35.834519,Otis Johnson Road,P,-79.287054,wintering,1,2025-01-02,EBIRD_ATL_NC,Traveling,"Sunny, 35",SILK_HOPE-NE,0,1.0,Ruby-crowned Kinglet,,,
S207674815,S207674815,1,Chatham,78.0,4.13,,35.834519,Otis Johnson Road,P,-79.287054,wintering,1,2025-01-02,EBIRD_ATL_NC,Traveling,"Sunny, 35",SILK_HOPE-NE,0,1.0,Tufted Titmouse,,,
S207674815,S207674815,1,Chatham,78.0,4.13,,35.834519,Otis Johnson Road,P,-79.287054,wintering,1,2025-01-02,EBIRD_ATL_NC,Traveling,"Sunny, 35",SILK_HOPE-NE,0,1.0,Turkey Vulture,,,
S207674815,S207674815,1,Chatham,78.0,4.13,,35.834519,Otis Johnson Road,P,-79.287054,wintering,1,2025-01-02,EBIRD_ATL_NC,Traveling,"Sunny, 35",SILK_HOPE-NE,0,1.0,White-throated Sparrow,,,
S207674815,S207674815,1,Chatham,78.0,4.13,,35.834519,Otis Johnson Road,P,-79.287054,wintering,1,2025-01-02,EBIRD_ATL_NC,Traveling,"Sunny, 35",SILK_HOPE-NE,0,1.0,Yellow-bellied Sapsucker,,,
S207639869,S207639869,1,Dare,113.0,0,,35.9244038,"Pat’s home, Manteo US-NC (35.9248,-75.7046)",P,-75.7043546,wintering,1,2025-01-02,EBIRD_ATL_NC,Stationary,,MANTEO-CW,0,1.0,American Crow,,,
S207639869,S207639869,1,Dare,113.0,0,,35.9244038,"Pat’s home, Manteo US-NC (35.9248,-75.7046)",P,-75.7043546,wintering,1,2025-01-02,EBIRD_ATL_NC,Stationary,,MANTEO-CW,0,1.0,Brown-headed Nuthatch,,,
S207639869,S207639869,1,Dare,113.0,0,,35.9244038,"Pat’s home, Manteo US-NC (35.9248,-75.7046)",P,-75.7043546,wintering,1,2025-01-02,EBIRD_ATL_NC,Stationary,,MANTEO-CW,0,1.0,Carolina Chickadee,,,
S207639869,S207639869,1,Dare,113.0,0,,35.9244038,"Pat’s home, Manteo US-NC (35.9248,-75.7046)",P,-75.7043546,wintering,1,2025-01-02,EBIRD_ATL_NC,Stationary,,MANTEO-CW,0,1.0,Carolina Wren,,,
S207639869,S207639869,1,Dare,113.0,0,,35.9244038,"Pat’s home, Manteo US-NC (35.9248,-75.7046)",P,-75.7043546,wintering,1,2025-01-02,EBIRD_ATL_NC,Stationary,,MANTEO-CW,0,1.0,Chipping Sparrow,,,
S207639869,S207639869,1,Dare,113.0,0,,35.9244038,"Pat’s home, Manteo US-NC (35.9248,-75.7046)",P,-75.7043546,wintering,1,2025-01-02,EBIRD_ATL_NC,Stationary,,MANTEO-CW,0,1.0,Downy Woodpecker,,,
S207639869,S207639869,1,Dare,113.0,0,,35.9244038,"Pat’s home, Manteo US-NC (35.9248,-75.7046)",P,-75.7043546,wintering,1,2025-01-02,EBIRD_ATL_NC,Stationary,,MANTEO-CW,0,1.0,House Finch,,,
S207639869,S207639869,1,Dare,113.0,0,,35.9244038,"Pat’s home, Manteo US-NC (35.9248,-75.7046)",P,-75.7043546,wintering,1,2025-01-02,EBIRD_ATL_NC,Stationary,,MANTEO-CW,0,1.0,Mourning Dove,,,
S207639869,S207639869,1,Dare,113.0,0,,35.9244038,"Pat’s home, Manteo US-NC (35.9248,-75.7046)",P,-75.7043546,wintering,1,2025-01-02,EBIRD_ATL_NC,Stationary,,MANTEO-CW,0,1.0,Northern Cardinal,,,
S207639869,S207639869,1,Dare,113.0,0,,35.9244038,"Pat’s home, Manteo US-NC (35.9248,-75.7046)",P,-75.7043546,wintering,1,2025-01-02,EBIRD_ATL_NC,Stationary,,MANTEO-CW,0,1.0,Ovenbird,,,
S207639869,S207639869,1,Dare,113.0,0,,35.9244038,"Pat’s home, Manteo US-NC (35.9248,-75.7046)",P,-75.7043546,wintering,1,2025-01-02,EBIRD_ATL_NC,Stationary,,MANTEO-CW,0,1.0,Red-bellied Woodpecker,,,
S207639869,S207639869,1,Dare,113.0,0,,35.9244038,"Pat’s home, Manteo US-NC (35.9248,-75.7046)",P,-75.7043546,wintering,1,2025-01-02,EBIRD_ATL_NC,Stationary,,MANTEO-CW,0,1.0,Ruby-throated Hummingbird,,,
S207639869,S207639869,1,Dare,113.0,0,,35.9244038,"Pat’s home, Manteo US-NC (35.9248,-75.7046)",P,-75.7043546,wintering,1,2025-01-02,EBIRD_ATL_NC,Stationary,,MANTEO-CW,0,1.0,White-throated Sparrow,,,
S207639869,S207639869,1,Dare,113.0,0,,35.9244038,"Pat’s home, Manteo US-NC (35.9248,-75.7046)",P,-75.7043546,wintering,1,2025-01-02,EBIRD_ATL_NC,Stationary,,MANTEO-CW,0,1.0,Yellow-rumped Warbler,,,
S207689297,S207689297,1,Davidson,24.0,0,,36.006457,"27107, Winston Salem US-NC 36.00646, -80.15297",P,-80.152974,wintering,1,2025-01-02,EBIRD_ATL_NC,Stationary,,WINSTON-SALEM_EAST-SE,1,1.0,American Crow,,,
S207689297,S207689297,1,Davidson,24.0,0,,36.006457,"27107, Winston Salem US-NC 36.00646, -80.15297",P,-80.152974,wintering,1,2025-01-02,EBIRD_ATL_NC,Stationary,,WINSTON-SALEM_EAST-SE,1,1.0,Canada Goose,,,
S207689297,S207689297,1,Davidson,24.0,0,,36.006457,"27107, Winston Salem US-NC 36.00646, -80.15297",P,-80.152974,wintering,1,2025-01-02,EBIRD_ATL_NC,Stationary,,WINSTON-SALEM_EAST-SE,1,1.0,Great Egret,,,
S207689297,S207689297,1,Davidson,24.0,0,,36.006457,"27107, Winston Salem US-NC 36.00646, -80.15297",P,-80.152974,wintering,1,2025-01-02,EBIRD_ATL_NC,Stationary,,WINSTON-SALEM_EAST-SE,1,1.0,Hooded Merganser,,,
S207689297,S207689297,1,Davidson,24.0,0,,36.006457,"27107, Winston Salem US-NC 36.00646, -80.15297",P,-80.152974,wintering,1,2025-01-02,EBIRD_ATL_NC,Stationary,,WINSTON-SALEM_EAST-SE,1,1.0,Killdeer,,,
S207689297,S207689297,1,Davidson,24.0,0,,36.006457,"27107, Winston Salem US-NC 36.00646, -80.15297",P,-80.152974,wintering,1,2025-01-02,EBIRD_ATL_NC,Stationary,,WINSTON-SALEM_EAST-SE,1,1.0,Mallard,,,
S207682102,S207682102,1,Davidson,56.0,0,,36.010608,Indian Peaks,P,-80.167981,wintering,1,2025-01-02,EBIRD_ATL_NC,Stationary,,WINSTON-SALEM_EAST-SE,1,1.0,American Crow,,,
S207682102,S207682102,1,Davidson,56.0,0,,36.010608,Indian Peaks,P,-80.167981,wintering,1,2025-01-02,EBIRD_ATL_NC,Stationary,,WINSTON-SALEM_EAST-SE,1,1.0,American Goldfinch,,,
S207682102,S207682102,1,Davidson,56.0,0,,36.010608,Indian Peaks,P,-80.167981,wintering,1,2025-01-02,EBIRD_ATL_NC,Stationary,,WINSTON-SALEM_EAST-SE,1,1.0,American Robin,,,
S207682102,S207682102,1,Davidson,56.0,0,,36.010608,Indian Peaks,P,-80.167981,wintering,1,2025-01-02,EBIRD_ATL_NC,Stationary,,WINSTON-SALEM_EAST-SE,1,1.0,Blue Jay,,,
S207682102,S207682102,1,Davidson,56.0,0,,36.010608,Indian Peaks,P,-80.167981,wintering,1,2025-01-02,EBIRD_ATL_NC,Stationary,,WINSTON-SALEM_EAST-SE,1,1.0,Brown-headed Nuthatch,,,
S207682102,S207682102,1,Davidson,56.0,0,,36.010608,Indian Peaks,P,-80.167981,wintering,1,2025-01-02,EBIRD_ATL_NC,Stationary,,WINSTON-SALEM_EAST-SE,1,1.0,Brown Thrasher,,,
S207682102,S207682102,1,Davidson,56.0,0,,36.010608,Indian Peaks,P,-80.167981,wintering,1,2025-01-02,EBIRD_ATL_NC,Stationary,,WINSTON-SALEM_EAST-SE,1,1.0,Carolina Chickadee,,,
S207682102,S207682102,1,Davidson,56.0,0,,36.010608,Indian Peaks,P,-80.167981,wintering,1,2025-01-02,EBIRD_ATL_NC,Stationary,,WINSTON-SALEM_EAST-SE,1,1.0,Carolina Wren,,,
S207682102,S207682102,1,Davidson,56.0,0,,36.010608,Indian Peaks,P,-80.167981,wintering,1,2025-01-02,EBIRD_ATL_NC,Stationary,,WINSTON-SALEM_EAST-SE,1,1.0,Chipping Sparrow,,,
S207682102,S207682102,1,Davidson,56.0,0,,36.010608,Indian Peaks,P,-80.167981,wintering,1,2025-01-02,EBIRD_ATL_NC,Stationary,,WINSTON-SALEM_EAST-SE,1,1.0,Dark-eyed Junco,,,
S207682102,S207682102,1,Davidson,56.0,0,,36.010608,Indian Peaks,P,-80.167981,wintering,1,2025-01-02,EBIRD_ATL_NC,Stationary,,WINSTON-SALEM_EAST-SE,1,1.0,Downy Woodpecker,,,
S207682102,S207682102,1,Davidson,56.0,0,,36.010608,Indian Peaks,P,-80.167981,wintering,1,2025-01-02,EBIRD_ATL_NC,Stationary,,WINSTON-SALEM_EAST-SE,1,1.0,Eastern Bluebird,,,
S207682102,S207682102,1,Davidson,56.0,0,,36.010608,Indian Peaks,P,-80.167981,wintering,1,2025-01-02,EBIRD_ATL_NC,Stationary,,WINSTON-SALEM_EAST-SE,1,1.0,Eastern Phoebe,,,
S207682102,S207682102,1,Davidson,56.0,0,,36.010608,Indian Peaks,P,-80.167981,wintering,1,2025-01-02,EBIRD_ATL_NC,Stationary,,WINSTON-SALEM_EAST-SE,1,1.0,Eastern Towhee,,,
S207682102,S207682102,1,Davidson,56.0,0,,36.010608,Indian Peaks,P,-80.167981,wintering,1,2025-01-02,EBIRD_ATL_NC,Stationary,,WINSTON-SALEM_EAST-SE,1,1.0,European Starling,,,
S207682102,S207682102,1,Davidson,56.0,0,,36.010608,Indian Peaks,P,-80.167981,wintering,1,2025-01-02,EBIRD_ATL_NC,Stationary,,WINSTON-SALEM_EAST-SE,1,1.0,House Finch,,,
S207682102,S207682102,1,Davidson,56.0,0,,36.010608,Indian Peaks,P,-80.167981,wintering,1,2025-01-02,EBIRD_ATL_NC,Stationary,,WINSTON-SALEM_EAST-SE,1,1.0,Mourning Dove,,,
S207682102,S207682102,1,Davidson,56.0,0,,36.010608,Indian Peaks,P,-80.167981,wintering,1,2025-01-02,EBIRD_ATL_NC,Stationary,,WINSTON-SALEM_EAST-SE,1,1.0,Northern Cardinal,,,
S207682102,S207682102,1,Davidson,56.0,0,,36.010608,Indian Peaks,P,-80.167981,wintering,1,2025-01-02,EBIRD_ATL_NC,Stationary,,WINSTON-SALEM_EAST-SE,1,1.0,Pine Warbler,,,
S207682102,S207682102,1,Davidson,56.0,0,,36.010608,Indian Peaks,P,-80.167981,wintering,1,2025-01-02,EBIRD_ATL_NC,Stationary,,WINSTON-SALEM_EAST-SE,1,1.0,Song Sparrow,,,
S207682102,S207682102,1,Davidson,56.0,0,,36.010608,Indian Peaks,P,-80.167981,wintering,1,2025-01-02,EBIRD_ATL_NC,Stationary,,WINSTON-SALEM_EAST-SE,1,1.0,Tufted Titmouse,,,
S207682102,S207682102,1,Davidson,56.0,0,,36.010608,Indian Peaks,P,-80.167981,wintering,1,2025-01-02,EBIRD_ATL_NC,Stationary,,WINSTON-SALEM_EAST-SE,1,1.0,White-breasted Nuthatch,,,
S207682102,S207682102,1,Davidson,56.0,0,,36.010608,Indian Peaks,P,-80.167981,wintering,1,2025-01-02,EBIRD_ATL_NC,Stationary,,WINSTON-SALEM_EAST-SE,1,1.0,White-throated Sparrow,,,
S207744725,S207744725,1,Duplin,20.0,0.161,,34.887499,"Beulaville SE—Quinn Store Rd @ Muddy Creek, Beulaville US-NC (34.8875,-77.7601)",P,-77.760111,wintering,1,2025-01-02,EBIRD_ATL_NC,Traveling,,BEULAVILLE-SE,1,1.0,American Crow,,,
S207744725,S207744725,1,Duplin,20.0,0.161,,34.887499,"Beulaville SE—Quinn Store Rd @ Muddy Creek, Beulaville US-NC (34.8875,-77.7601)",P,-77.760111,wintering,1,2025-01-02,EBIRD_ATL_NC,Traveling,,BEULAVILLE-SE,1,1.0,American Goldfinch,,,
S207744725,S207744725,1,Duplin,20.0,0.161,,34.887499,"Beulaville SE—Quinn Store Rd @ Muddy Creek, Beulaville US-NC (34.8875,-77.7601)",P,-77.760111,wintering,1,2025-01-02,EBIRD_ATL_NC,Traveling,,BEULAVILLE-SE,1,1.0,American Robin,,,
S207744725,S207744725,1,Duplin,20.0,0.161,,34.887499,"Beulaville SE—Quinn Store Rd @ Muddy Creek, Beulaville US-NC (34.8875,-77.7601)",P,-77.760111,wintering,1,2025-01-02,EBIRD_ATL_NC,Traveling,,BEULAVILLE-SE,1,1.0,Black-and-white Warbler,,,
S207744725,S207744725,1,Duplin,20.0,0.161,,34.887499,"Beulaville SE—Quinn Store Rd @ Muddy Creek, Beulaville US-NC (34.8875,-77.7601)",P,-77.760111,wintering,1,2025-01-02,EBIRD_ATL_NC,Traveling,,BEULAVILLE-SE,1,1.0,Carolina Chickadee,,,
S207744725,S207744725,1,Duplin,20.0,0.161,,34.887499,"Beulaville SE—Quinn Store Rd @ Muddy Creek, Beulaville US-NC (34.8875,-77.7601)",P,-77.760111,wintering,1,2025-01-02,EBIRD_ATL_NC,Traveling,,BEULAVILLE-SE,1,1.0,Carolina Wren,,,
S207744725,S207744725,1,Duplin,20.0,0.161,,34.887499,"Beulaville SE—Quinn Store Rd @ Muddy Creek, Beulaville US-NC (34.8875,-77.7601)",P,-77.760111,wintering,1,2025-01-02,EBIRD_ATL_NC,Traveling,,BEULAVILLE-SE,1,1.0,Chipping Sparrow,,,
S207744725,S207744725,1,Duplin,20.0,0.161,,34.887499,"Beulaville SE—Quinn Store Rd @ Muddy Creek, Beulaville US-NC (34.8875,-77.7601)",P,-77.760111,wintering,1,2025-01-02,EBIRD_ATL_NC,Traveling,,BEULAVILLE-SE,1,1.0,Downy Woodpecker,,,
S207744725,S207744725,1,Duplin,20.0,0.161,,34.887499,"Beulaville SE—Quinn Store Rd @ Muddy Creek, Beulaville US-NC (34.8875,-77.7601)",P,-77.760111,wintering,1,2025-01-02,EBIRD_ATL_NC,Traveling,,BEULAVILLE-SE,1,1.0,Eastern Phoebe,,,
S207744725,S207744725,1,Duplin,20.0,0.161,,34.887499,"Beulaville SE—Quinn Store Rd @ Muddy Creek, Beulaville US-NC (34.8875,-77.7601)",P,-77.760111,wintering,1,2025-01-02,EBIRD_ATL_NC,Traveling,,BEULAVILLE-SE,1,1.0,Golden-crowned Kinglet,,,
S207744725,S207744725,1,Duplin,20.0,0.161,,34.887499,"Beulaville SE—Quinn Store Rd @ Muddy Creek, Beulaville US-NC (34.8875,-77.7601)",P,-77.760111,wintering,1,2025-01-02,EBIRD_ATL_NC,Traveling,,BEULAVILLE-SE,1,1.0,Hermit Thrush,,,
S207744725,S207744725,1,Duplin,20.0,0.161,,34.887499,"Beulaville SE—Quinn Store Rd @ Muddy Creek, Beulaville US-NC (34.8875,-77.7601)",P,-77.760111,wintering,1,2025-01-02,EBIRD_ATL_NC,Traveling,,BEULAVILLE-SE,1,1.0,Northern House Wren,,,
S207744725,S207744725,1,Duplin,20.0,0.161,,34.887499,"Beulaville SE—Quinn Store Rd @ Muddy Creek, Beulaville US-NC (34.8875,-77.7601)",P,-77.760111,wintering,1,2025-01-02,EBIRD_ATL_NC,Traveling,,BEULAVILLE-SE,1,1.0,Mourning Dove,,,
S207744725,S207744725,1,Duplin,20.0,0.161,,34.887499,"Beulaville SE—Quinn Store Rd @ Muddy Creek, Beulaville US-NC (34.8875,-77.7601)",P,-77.760111,wintering,1,2025-01-02,EBIRD_ATL_NC,Traveling,,BEULAVILLE-SE,1,1.0,Northern Cardinal,,,
S207744725,S207744725,1,Duplin,20.0,0.161,,34.887499,"Beulaville SE—Quinn Store Rd @ Muddy Creek, Beulaville US-NC (34.8875,-77.7601)",P,-77.760111,wintering,1,2025-01-02,EBIRD_ATL_NC,Traveling,,BEULAVILLE-SE,1,1.0,Northern Flicker,,,
S207744725,S207744725,1,Duplin,20.0,0.161,,34.887499,"Beulaville SE—Quinn Store Rd @ Muddy Creek, Beulaville US-NC (34.8875,-77.7601)",P,-77.760111,wintering,1,2025-01-02,EBIRD_ATL_NC,Traveling,,BEULAVILLE-SE,1,1.0,Orange-crowned Warbler,,,
S207744725,S207744725,1,Duplin,20.0,0.161,,34.887499,"Beulaville SE—Quinn Store Rd @ Muddy Creek, Beulaville US-NC (34.8875,-77.7601)",P,-77.760111,wintering,1,2025-01-02,EBIRD_ATL_NC,Traveling,,BEULAVILLE-SE,1,1.0,Pileated Woodpecker,,,
S207744725,S207744725,1,Duplin,20.0,0.161,,34.887499,"Beulaville SE—Quinn Store Rd @ Muddy Creek, Beulaville US-NC (34.8875,-77.7601)",P,-77.760111,wintering,1,2025-01-02,EBIRD_ATL_NC,Traveling,,BEULAVILLE-SE,1,1.0,Red-bellied Woodpecker,,,
S207744725,S207744725,1,Duplin,20.0,0.161,,34.887499,"Beulaville SE—Quinn Store Rd @ Muddy Creek, Beulaville US-NC (34.8875,-77.7601)",P,-77.760111,wintering,1,2025-01-02,EBIRD_ATL_NC,Traveling,,BEULAVILLE-SE,1,1.0,Red-shouldered Hawk,,,
S207744725,S207744725,1,Duplin,20.0,0.161,,34.887499,"Beulaville SE—Quinn Store Rd @ Muddy Creek, Beulaville US-NC (34.8875,-77.7601)",P,-77.760111,wintering,1,2025-01-02,EBIRD_ATL_NC,Traveling,,BEULAVILLE-SE,1,1.0,Ruby-crowned Kinglet,,,
S207744725,S207744725,1,Duplin,20.0,0.161,,34.887499,"Beulaville SE—Quinn Store Rd @ Muddy Creek, Beulaville US-NC (34.8875,-77.7601)",P,-77.760111,wintering,1,2025-01-02,EBIRD_ATL_NC,Traveling,,BEULAVILLE-SE,1,1.0,Song Sparrow,,,
S207744725,S207744725,1,Duplin,20.0,0.161,,34.887499,"Beulaville SE—Quinn Store Rd @ Muddy Creek, Beulaville US-NC (34.8875,-77.7601)",P,-77.760111,wintering,1,2025-01-02,EBIRD_ATL_NC,Traveling,,BEULAVILLE-SE,1,1.0,Tufted Titmouse,,,
S207744725,S207744725,1,Duplin,20.0,0.161,,34.887499,"Beulaville SE—Quinn Store Rd @ Muddy Creek, Beulaville US-NC (34.8875,-77.7601)",P,-77.760111,wintering,1,2025-01-02,EBIRD_ATL_NC,Traveling,,BEULAVILLE-SE,1,1.0,White-throated Sparrow,,,
S207744725,S207744725,1,Duplin,20.0,0.161,,34.887499,"Beulaville SE—Quinn Store Rd @ Muddy Creek, Beulaville US-NC (34.8875,-77.7601)",P,-77.760111,wintering,1,2025-01-02,EBIRD_ATL_NC,Traveling,,BEULAVILLE-SE,1,1.0,Winter Wren,,,
S207744725,S207744725,1,Duplin,20.0,0.161,,34.887499,"Beulaville SE—Quinn Store Rd @ Muddy Creek, Beulaville US-NC (34.8875,-77.7601)",P,-77.760111,wintering,1,2025-01-02,EBIRD_ATL_NC,Traveling,,BEULAVILLE-SE,1,1.0,Yellow-rumped Warbler,,,
S207744878,S207744878,1,Duplin,11.0,0,,34.906557,"Beulaville SE—Lyman Rd, Beulaville US-NC (34.9066,-77.7510)",P,-77.75098,wintering,1,2025-01-02,EBIRD_ATL_NC,Stationary,,BEULAVILLE-SE,1,1.0,American Crow,,,
S207744878,S207744878,1,Duplin,11.0,0,,34.906557,"Beulaville SE—Lyman Rd, Beulaville US-NC (34.9066,-77.7510)",P,-77.75098,wintering,1,2025-01-02,EBIRD_ATL_NC,Stationary,,BEULAVILLE-SE,1,1.0,American Goldfinch,,,
S207744878,S207744878,1,Duplin,11.0,0,,34.906557,"Beulaville SE—Lyman Rd, Beulaville US-NC (34.9066,-77.7510)",P,-77.75098,wintering,1,2025-01-02,EBIRD_ATL_NC,Stationary,,BEULAVILLE-SE,1,1.0,American Robin,,,
S207744878,S207744878,1,Duplin,11.0,0,,34.906557,"Beulaville SE—Lyman Rd, Beulaville US-NC (34.9066,-77.7510)",P,-77.75098,wintering,1,2025-01-02,EBIRD_ATL_NC,Stationary,,BEULAVILLE-SE,1,1.0,Carolina Chickadee,,,
S207744878,S207744878,1,Duplin,11.0,0,,34.906557,"Beulaville SE—Lyman Rd, Beulaville US-NC (34.9066,-77.7510)",P,-77.75098,wintering,1,2025-01-02,EBIRD_ATL_NC,Stationary,,BEULAVILLE-SE,1,1.0,Carolina Wren,,,
S207744878,S207744878,1,Duplin,11.0,0,,34.906557,"Beulaville SE—Lyman Rd, Beulaville US-NC (34.9066,-77.7510)",P,-77.75098,wintering,1,2025-01-02,EBIRD_ATL_NC,Stationary,,BEULAVILLE-SE,1,1.0,Downy Woodpecker,,,
S207744878,S207744878,1,Duplin,11.0,0,,34.906557,"Beulaville SE—Lyman Rd, Beulaville US-NC (34.9066,-77.7510)",P,-77.75098,wintering,1,2025-01-02,EBIRD_ATL_NC,Stationary,,BEULAVILLE-SE,1,1.0,Eastern Bluebird,,,
S207744878,S207744878,1,Duplin,11.0,0,,34.906557,"Beulaville SE—Lyman Rd, Beulaville US-NC (34.9066,-77.7510)",P,-77.75098,wintering,1,2025-01-02,EBIRD_ATL_NC,Stationary,,BEULAVILLE-SE,1,1.0,Eastern Towhee,,,
S207744878,S207744878,1,Duplin,11.0,0,,34.906557,"Beulaville SE—Lyman Rd, Beulaville US-NC (34.9066,-77.7510)",P,-77.75098,wintering,1,2025-01-02,EBIRD_ATL_NC,Stationary,,BEULAVILLE-SE,1,1.0,Hairy Woodpecker,,,
S207744878,S207744878,1,Duplin,11.0,0,,34.906557,"Beulaville SE—Lyman Rd, Beulaville US-NC (34.9066,-77.7510)",P,-77.75098,wintering,1,2025-01-02,EBIRD_ATL_NC,Stationary,,BEULAVILLE-SE,1,1.0,Hermit Thrush,,,
S207744878,S207744878,1,Duplin,11.0,0,,34.906557,"Beulaville SE—Lyman Rd, Beulaville US-NC (34.9066,-77.7510)",P,-77.75098,wintering,1,2025-01-02,EBIRD_ATL_NC,Stationary,,BEULAVILLE-SE,1,1.0,Northern Cardinal,,,
S207744878,S207744878,1,Duplin,11.0,0,,34.906557,"Beulaville SE—Lyman Rd, Beulaville US-NC (34.9066,-77.7510)",P,-77.75098,wintering,1,2025-01-02,EBIRD_ATL_NC,Stationary,,BEULAVILLE-SE,1,1.0,Northern Flicker,,,
S207744878,S207744878,1,Duplin,11.0,0,,34.906557,"Beulaville SE—Lyman Rd, Beulaville US-NC (34.9066,-77.7510)",P,-77.75098,wintering,1,2025-01-02,EBIRD_ATL_NC,Stationary,,BEULAVILLE-SE,1,1.0,Orange-crowned Warbler,,,
S207744878,S207744878,1,Duplin,11.0,0,,34.906557,"Beulaville SE—Lyman Rd, Beulaville US-NC (34.9066,-77.7510)",P,-77.75098,wintering,1,2025-01-02,EBIRD_ATL_NC,Stationary,,BEULAVILLE-SE,1,1.0,Purple Finch,,,
S207744878,S207744878,1,Duplin,11.0,0,,34.906557,"Beulaville SE—Lyman Rd, Beulaville US-NC (34.9066,-77.7510)",P,-77.75098,wintering,1,2025-01-02,EBIRD_ATL_NC,Stationary,,BEULAVILLE-SE,1,1.0,Red-bellied Woodpecker,,,
S207744878,S207744878,1,Duplin,11.0,0,,34.906557,"Beulaville SE—Lyman Rd, Beulaville US-NC (34.9066,-77.7510)",P,-77.75098,wintering,1,2025-01-02,EBIRD_ATL_NC,Stationary,,BEULAVILLE-SE,1,1.0,Ruby-crowned Kinglet,,,
S207744878,S207744878,1,Duplin,11.0,0,,34.906557,"Beulaville SE—Lyman Rd, Beulaville US-NC (34.9066,-77.7510)",P,-77.75098,wintering,1,2025-01-02,EBIRD_ATL_NC,Stationary,,BEULAVILLE-SE,1,1.0,Song Sparrow,,,
S207744878,S207744878,1,Duplin,11.0,0,,34.906557,"Beulaville SE—Lyman Rd, Beulaville US-NC (34.9066,-77.7510)",P,-77.75098,wintering,1,2025-01-02,EBIRD_ATL_NC,Stationary,,BEULAVILLE-SE,1,1.0,Swamp Sparrow,,,
S207744878,S207744878,1,Duplin,11.0,0,,34.906557,"Beulaville SE—Lyman Rd, Beulaville US-NC (34.9066,-77.7510)",P,-77.75098,wintering,1,2025-01-02,EBIRD_ATL_NC,Stationary,,BEULAVILLE-SE,1,1.0,Tufted Titmouse,,,
S207744878,S207744878,1,Duplin,11.0,0,,34.906557,"Beulaville SE—Lyman Rd, Beulaville US-NC (34.9066,-77.7510)",P,-77.75098,wintering,1,2025-01-02,EBIRD_ATL_NC,Stationary,,BEULAVILLE-SE,1,1.0,White-throated Sparrow,,,
S207744878,S207744878,1,Duplin,11.0,0,,34.906557,"Beulaville SE—Lyman Rd, Beulaville US-NC (34.9066,-77.7510)",P,-77.75098,wintering,1,2025-01-02,EBIRD_ATL_NC,Stationary,,BEULAVILLE-SE,1,1.0,Yellow-rumped Warbler,,,
S207737029,S207737029,1,Duplin,12.0,0.161,,34.777511,"Chinquapin SE—NC-50, Wallace US-NC (34.7775,-77.7842)",P,-77.784228,wintering,1,2025-01-02,EBIRD_ATL_NC,Traveling,,CHINQUAPIN-SE,1,1.0,American Crow,,,
S207737029,S207737029,1,Duplin,12.0,0.161,,34.777511,"Chinquapin SE—NC-50, Wallace US-NC (34.7775,-77.7842)",P,-77.784228,wintering,1,2025-01-02,EBIRD_ATL_NC,Traveling,,CHINQUAPIN-SE,1,1.0,American Goldfinch,,,
S207737029,S207737029,1,Duplin,12.0,0.161,,34.777511,"Chinquapin SE—NC-50, Wallace US-NC (34.7775,-77.7842)",P,-77.784228,wintering,1,2025-01-02,EBIRD_ATL_NC,Traveling,,CHINQUAPIN-SE,1,1.0,American Robin,,,
S207737029,S207737029,1,Duplin,12.0,0.161,,34.777511,"Chinquapin SE—NC-50, Wallace US-NC (34.7775,-77.7842)",P,-77.784228,wintering,1,2025-01-02,EBIRD_ATL_NC,Traveling,,CHINQUAPIN-SE,1,1.0,Carolina Wren,,,
S207737029,S207737029,1,Duplin,12.0,0.161,,34.777511,"Chinquapin SE—NC-50, Wallace US-NC (34.7775,-77.7842)",P,-77.784228,wintering,1,2025-01-02,EBIRD_ATL_NC,Traveling,,CHINQUAPIN-SE,1,1.0,Eastern Bluebird,,,
S207737029,S207737029,1,Duplin,12.0,0.161,,34.777511,"Chinquapin SE—NC-50, Wallace US-NC (34.7775,-77.7842)",P,-77.784228,wintering,1,2025-01-02,EBIRD_ATL_NC,Traveling,,CHINQUAPIN-SE,1,1.0,Eastern Meadowlark,,,
S207737029,S207737029,1,Duplin,12.0,0.161,,34.777511,"Chinquapin SE—NC-50, Wallace US-NC (34.7775,-77.7842)",P,-77.784228,wintering,1,2025-01-02,EBIRD_ATL_NC,Traveling,,CHINQUAPIN-SE,1,1.0,Eastern Phoebe,,,
S207737029,S207737029,1,Duplin,12.0,0.161,,34.777511,"Chinquapin SE—NC-50, Wallace US-NC (34.7775,-77.7842)",P,-77.784228,wintering,1,2025-01-02,EBIRD_ATL_NC,Traveling,,CHINQUAPIN-SE,1,1.0,Mourning Dove,,,
S207737029,S207737029,1,Duplin,12.0,0.161,,34.777511,"Chinquapin SE—NC-50, Wallace US-NC (34.7775,-77.7842)",P,-77.784228,wintering,1,2025-01-02,EBIRD_ATL_NC,Traveling,,CHINQUAPIN-SE,1,1.0,Northern Cardinal,,,
S207737029,S207737029,1,Duplin,12.0,0.161,,34.777511,"Chinquapin SE—NC-50, Wallace US-NC (34.7775,-77.7842)",P,-77.784228,wintering,1,2025-01-02,EBIRD_ATL_NC,Traveling,,CHINQUAPIN-SE,1,1.0,Northern Flicker,,,
S207737029,S207737029,1,Duplin,12.0,0.161,,34.777511,"Chinquapin SE—NC-50, Wallace US-NC (34.7775,-77.7842)",P,-77.784228,wintering,1,2025-01-02,EBIRD_ATL_NC,Traveling,,CHINQUAPIN-SE,1,1.0,Red-winged Blackbird,,,
S207737029,S207737029,1,Duplin,12.0,0.161,,34.777511,"Chinquapin SE—NC-50, Wallace US-NC (34.7775,-77.7842)",P,-77.784228,wintering,1,2025-01-02,EBIRD_ATL_NC,Traveling,,CHINQUAPIN-SE,1,1.0,Song Sparrow,,,
S207737029,S207737029,1,Duplin,12.0,0.161,,34.777511,"Chinquapin SE—NC-50, Wallace US-NC (34.7775,-77.7842)",P,-77.784228,wintering,1,2025-01-02,EBIRD_ATL_NC,Traveling,,CHINQUAPIN-SE,1,1.0,Swamp Sparrow,,,
S207737029,S207737029,1,Duplin,12.0,0.161,,34.777511,"Chinquapin SE—NC-50, Wallace US-NC (34.7775,-77.7842)",P,-77.784228,wintering,1,2025-01-02,EBIRD_ATL_NC,Traveling,,CHINQUAPIN-SE,1,1.0,Turkey Vulture,,,
S207737629,S207737629,1,Duplin,13.0,0,,34.75603,"Chinquapin SE—James Rd, Wallace US-NC (34.7560,-77.7523)",P,-77.752266,wintering,1,2025-01-02,EBIRD_ATL_NC,Stationary,A local chatted with me for a bit during this list,CHINQUAPIN-SE,1,1.0,American Crow,,,
S207737629,S207737629,1,Duplin,13.0,0,,34.75603,"Chinquapin SE—James Rd, Wallace US-NC (34.7560,-77.7523)",P,-77.752266,wintering,1,2025-01-02,EBIRD_ATL_NC,Stationary,A local chatted with me for a bit during this list,CHINQUAPIN-SE,1,1.0,Carolina Chickadee,,,
S207737629,S207737629,1,Duplin,13.0,0,,34.75603,"Chinquapin SE—James Rd, Wallace US-NC (34.7560,-77.7523)",P,-77.752266,wintering,1,2025-01-02,EBIRD_ATL_NC,Stationary,A local chatted with me for a bit during this list,CHINQUAPIN-SE,1,1.0,Carolina Wren,,,
S207737629,S207737629,1,Duplin,13.0,0,,34.75603,"Chinquapin SE—James Rd, Wallace US-NC (34.7560,-77.7523)",P,-77.752266,wintering,1,2025-01-02,EBIRD_ATL_NC,Stationary,A local chatted with me for a bit during this list,CHINQUAPIN-SE,1,1.0,Chipping Sparrow,,,
S207737629,S207737629,1,Duplin,13.0,0,,34.75603,"Chinquapin SE—James Rd, Wallace US-NC (34.7560,-77.7523)",P,-77.752266,wintering,1,2025-01-02,EBIRD_ATL_NC,Stationary,A local chatted with me for a bit during this list,CHINQUAPIN-SE,1,1.0,Northern Cardinal,,,
S207737629,S207737629,1,Duplin,13.0,0,,34.75603,"Chinquapin SE—James Rd, Wallace US-NC (34.7560,-77.7523)",P,-77.752266,wintering,1,2025-01-02,EBIRD_ATL_NC,Stationary,A local chatted with me for a bit during this list,CHINQUAPIN-SE,1,1.0,Northern Mockingbird,,,
S207737629,S207737629,1,Duplin,13.0,0,,34.75603,"Chinquapin SE—James Rd, Wallace US-NC (34.7560,-77.7523)",P,-77.752266,wintering,1,2025-01-02,EBIRD_ATL_NC,Stationary,A local chatted with me for a bit during this list,CHINQUAPIN-SE,1,1.0,Turkey Vulture,,,
S207737629,S207737629,1,Duplin,13.0,0,,34.75603,"Chinquapin SE—James Rd, Wallace US-NC (34.7560,-77.7523)",P,-77.752266,wintering,1,2025-01-02,EBIRD_ATL_NC,Stationary,A local chatted with me for a bit during this list,CHINQUAPIN-SE,1,1.0,White-throated Sparrow,,,
S207738133,S207738133,1,Duplin,6.0,0,,34.783424,"Chinquapin SE—Cypress Creek Rd, Wallace US-NC (34.7834,-77.7545)",P,-77.754536,wintering,1,2025-01-02,EBIRD_ATL_NC,Stationary,,CHINQUAPIN-SE,1,1.0,American Crow,,,
S207738133,S207738133,1,Duplin,6.0,0,,34.783424,"Chinquapin SE—Cypress Creek Rd, Wallace US-NC (34.7834,-77.7545)",P,-77.754536,wintering,1,2025-01-02,EBIRD_ATL_NC,Stationary,,CHINQUAPIN-SE,1,1.0,Black Vulture,,,
S207738133,S207738133,1,Duplin,6.0,0,,34.783424,"Chinquapin SE—Cypress Creek Rd, Wallace US-NC (34.7834,-77.7545)",P,-77.754536,wintering,1,2025-01-02,EBIRD_ATL_NC,Stationary,,CHINQUAPIN-SE,1,1.0,Brown Thrasher,,,
S207738133,S207738133,1,Duplin,6.0,0,,34.783424,"Chinquapin SE—Cypress Creek Rd, Wallace US-NC (34.7834,-77.7545)",P,-77.754536,wintering,1,2025-01-02,EBIRD_ATL_NC,Stationary,,CHINQUAPIN-SE,1,1.0,Hermit Thrush,,,
S207738133,S207738133,1,Duplin,6.0,0,,34.783424,"Chinquapin SE—Cypress Creek Rd, Wallace US-NC (34.7834,-77.7545)",P,-77.754536,wintering,1,2025-01-02,EBIRD_ATL_NC,Stationary,,CHINQUAPIN-SE,1,1.0,Killdeer,,,
S207738133,S207738133,1,Duplin,6.0,0,,34.783424,"Chinquapin SE—Cypress Creek Rd, Wallace US-NC (34.7834,-77.7545)",P,-77.754536,wintering,1,2025-01-02,EBIRD_ATL_NC,Stationary,,CHINQUAPIN-SE,1,1.0,Northern Cardinal,,,
S207738133,S207738133,1,Duplin,6.0,0,,34.783424,"Chinquapin SE—Cypress Creek Rd, Wallace US-NC (34.7834,-77.7545)",P,-77.754536,wintering,1,2025-01-02,EBIRD_ATL_NC,Stationary,,CHINQUAPIN-SE,1,1.0,Ruby-crowned Kinglet,,,
S207738133,S207738133,1,Duplin,6.0,0,,34.783424,"Chinquapin SE—Cypress Creek Rd, Wallace US-NC (34.7834,-77.7545)",P,-77.754536,wintering,1,2025-01-02,EBIRD_ATL_NC,Stationary,,CHINQUAPIN-SE,1,1.0,Yellow-bellied Sapsucker,,,
S207744310,S207744310,1,Duplin,10.0,0.171,,34.888572,"Beulaville SE—Quinn Store Rd, Beulaville US-NC (34.8886,-77.7641)",P,-77.764063,wintering,1,2025-01-02,EBIRD_ATL_NC,Traveling,,BEULAVILLE-SE,1,1,American Crow,,,
S207744310,S207744310,1,Duplin,10.0,0.171,,34.888572,"Beulaville SE—Quinn Store Rd, Beulaville US-NC (34.8886,-77.7641)",P,-77.764063,wintering,1,2025-01-02,EBIRD_ATL_NC,Traveling,,BEULAVILLE-SE,1,1,American Robin,,,
S207744310,S207744310,1,Duplin,10.0,0.171,,34.888572,"Beulaville SE—Quinn Store Rd, Beulaville US-NC (34.8886,-77.7641)",P,-77.764063,wintering,1,2025-01-02,EBIRD_ATL_NC,Traveling,,BEULAVILLE-SE,1,1,Brown Thrasher,,,
S207744310,S207744310,1,Duplin,10.0,0.171,,34.888572,"Beulaville SE—Quinn Store Rd, Beulaville US-NC (34.8886,-77.7641)",P,-77.764063,wintering,1,2025-01-02,EBIRD_ATL_NC,Traveling,,BEULAVILLE-SE,1,1,Carolina Chickadee,,,
S207744310,S207744310,1,Duplin,10.0,0.171,,34.888572,"Beulaville SE—Quinn Store Rd, Beulaville US-NC (34.8886,-77.7641)",P,-77.764063,wintering,1,2025-01-02,EBIRD_ATL_NC,Traveling,,BEULAVILLE-SE,1,1,Golden-crowned Kinglet,,,
S207744310,S207744310,1,Duplin,10.0,0.171,,34.888572,"Beulaville SE—Quinn Store Rd, Beulaville US-NC (34.8886,-77.7641)",P,-77.764063,wintering,1,2025-01-02,EBIRD_ATL_NC,Traveling,,BEULAVILLE-SE,1,1,Hermit Thrush,,,
S207744310,S207744310,1,Duplin,10.0,0.171,,34.888572,"Beulaville SE—Quinn Store Rd, Beulaville US-NC (34.8886,-77.7641)",P,-77.764063,wintering,1,2025-01-02,EBIRD_ATL_NC,Traveling,,BEULAVILLE-SE,1,1,Horned Lark,,,
S207744310,S207744310,1,Duplin,10.0,0.171,,34.888572,"Beulaville SE—Quinn Store Rd, Beulaville US-NC (34.8886,-77.7641)",P,-77.764063,wintering,1,2025-01-02,EBIRD_ATL_NC,Traveling,,BEULAVILLE-SE,1,1,Loggerhead Shrike,,,
S207744310,S207744310,1,Duplin,10.0,0.171,,34.888572,"Beulaville SE—Quinn Store Rd, Beulaville US-NC (34.8886,-77.7641)",P,-77.764063,wintering,1,2025-01-02,EBIRD_ATL_NC,Traveling,,BEULAVILLE-SE,1,1,Pine Warbler,,,
S207744310,S207744310,1,Duplin,10.0,0.171,,34.888572,"Beulaville SE—Quinn Store Rd, Beulaville US-NC (34.8886,-77.7641)",P,-77.764063,wintering,1,2025-01-02,EBIRD_ATL_NC,Traveling,,BEULAVILLE-SE,1,1,Red-bellied Woodpecker,,,
S207744310,S207744310,1,Duplin,10.0,0.171,,34.888572,"Beulaville SE—Quinn Store Rd, Beulaville US-NC (34.8886,-77.7641)",P,-77.764063,wintering,1,2025-01-02,EBIRD_ATL_NC,Traveling,,BEULAVILLE-SE,1,1,Ruby-crowned Kinglet,,,
S207744310,S207744310,1,Duplin,10.0,0.171,,34.888572,"Beulaville SE—Quinn Store Rd, Beulaville US-NC (34.8886,-77.7641)",P,-77.764063,wintering,1,2025-01-02,EBIRD_ATL_NC,Traveling,,BEULAVILLE-SE,1,1,Tufted Titmouse,,,
S207744310,S207744310,1,Duplin,10.0,0.171,,34.888572,"Beulaville SE—Quinn Store Rd, Beulaville US-NC (34.8886,-77.7641)",P,-77.764063,wintering,1,2025-01-02,EBIRD_ATL_NC,Traveling,,BEULAVILLE-SE,1,1,White-throated Sparrow,,,
S207743994,S207743994,1,Duplin,5.0,0,,34.883109,"Beulaville SE—Old Chinquapin Rd, Beulaville US-NC (34.8831,-77.7674)",P,-77.767413,wintering,1,2025-01-02,EBIRD_ATL_NC,Stationary,,BEULAVILLE-SE,1,1.0,American Crow,,,
S207743994,S207743994,1,Duplin,5.0,0,,34.883109,"Beulaville SE—Old Chinquapin Rd, Beulaville US-NC (34.8831,-77.7674)",P,-77.767413,wintering,1,2025-01-02,EBIRD_ATL_NC,Stationary,,BEULAVILLE-SE,1,1.0,Blue Jay,,,
S207743994,S207743994,1,Duplin,5.0,0,,34.883109,"Beulaville SE—Old Chinquapin Rd, Beulaville US-NC (34.8831,-77.7674)",P,-77.767413,wintering,1,2025-01-02,EBIRD_ATL_NC,Stationary,,BEULAVILLE-SE,1,1.0,Carolina Wren,,,
S207743994,S207743994,1,Duplin,5.0,0,,34.883109,"Beulaville SE—Old Chinquapin Rd, Beulaville US-NC (34.8831,-77.7674)",P,-77.767413,wintering,1,2025-01-02,EBIRD_ATL_NC,Stationary,,BEULAVILLE-SE,1,1.0,Coopers Hawk,,,
S207743994,S207743994,1,Duplin,5.0,0,,34.883109,"Beulaville SE—Old Chinquapin Rd, Beulaville US-NC (34.8831,-77.7674)",P,-77.767413,wintering,1,2025-01-02,EBIRD_ATL_NC,Stationary,,BEULAVILLE-SE,1,1.0,Eastern Bluebird,,,
S207743994,S207743994,1,Duplin,5.0,0,,34.883109,"Beulaville SE—Old Chinquapin Rd, Beulaville US-NC (34.8831,-77.7674)",P,-77.767413,wintering,1,2025-01-02,EBIRD_ATL_NC,Stationary,,BEULAVILLE-SE,1,1.0,Eastern Phoebe,,,
S207743994,S207743994,1,Duplin,5.0,0,,34.883109,"Beulaville SE—Old Chinquapin Rd, Beulaville US-NC (34.8831,-77.7674)",P,-77.767413,wintering,1,2025-01-02,EBIRD_ATL_NC,Stationary,,BEULAVILLE-SE,1,1.0,Horned Lark,,,
S207743994,S207743994,1,Duplin,5.0,0,,34.883109,"Beulaville SE—Old Chinquapin Rd, Beulaville US-NC (34.8831,-77.7674)",P,-77.767413,wintering,1,2025-01-02,EBIRD_ATL_NC,Stationary,,BEULAVILLE-SE,1,1.0,Turkey Vulture,,,
S207657992,S207657992,1,Durham,51.0,2.414,,36.0205724,Falls Lake--Rolling View,H,-78.7274265,wintering,1,2025-01-02,EBIRD_ATL_NC,Traveling,,CREEDMOOR-SW,0,1.0,American Crow,,,
S207657992,S207657992,1,Durham,51.0,2.414,,36.0205724,Falls Lake--Rolling View,H,-78.7274265,wintering,1,2025-01-02,EBIRD_ATL_NC,Traveling,,CREEDMOOR-SW,0,1.0,Bald Eagle,,,
S207657992,S207657992,1,Durham,51.0,2.414,,36.0205724,Falls Lake--Rolling View,H,-78.7274265,wintering,1,2025-01-02,EBIRD_ATL_NC,Traveling,,CREEDMOOR-SW,0,1.0,Blue Jay,,,
S207657992,S207657992,1,Durham,51.0,2.414,,36.0205724,Falls Lake--Rolling View,H,-78.7274265,wintering,1,2025-01-02,EBIRD_ATL_NC,Traveling,,CREEDMOOR-SW,0,1.0,Brown-headed Nuthatch,,,
S207657992,S207657992,1,Durham,51.0,2.414,,36.0205724,Falls Lake--Rolling View,H,-78.7274265,wintering,1,2025-01-02,EBIRD_ATL_NC,Traveling,,CREEDMOOR-SW,0,1.0,Bonapartes Gull,,,
S207657992,S207657992,1,Durham,51.0,2.414,,36.0205724,Falls Lake--Rolling View,H,-78.7274265,wintering,1,2025-01-02,EBIRD_ATL_NC,Traveling,,CREEDMOOR-SW,0,1.0,Bufflehead,,,
S207657992,S207657992,1,Durham,51.0,2.414,,36.0205724,Falls Lake--Rolling View,H,-78.7274265,wintering,1,2025-01-02,EBIRD_ATL_NC,Traveling,,CREEDMOOR-SW,0,1.0,Carolina Chickadee,,,
S207657992,S207657992,1,Durham,51.0,2.414,,36.0205724,Falls Lake--Rolling View,H,-78.7274265,wintering,1,2025-01-02,EBIRD_ATL_NC,Traveling,,CREEDMOOR-SW,0,1.0,Carolina Wren,,,
S207657992,S207657992,1,Durham,51.0,2.414,,36.0205724,Falls Lake--Rolling View,H,-78.7274265,wintering,1,2025-01-02,EBIRD_ATL_NC,Traveling,,CREEDMOOR-SW,0,1.0,Dark-eyed Junco,,,
S207657992,S207657992,1,Durham,51.0,2.414,,36.0205724,Falls Lake--Rolling View,H,-78.7274265,wintering,1,2025-01-02,EBIRD_ATL_NC,Traveling,,CREEDMOOR-SW,0,1.0,Double-crested Cormorant,,,
S207657992,S207657992,1,Durham,51.0,2.414,,36.0205724,Falls Lake--Rolling View,H,-78.7274265,wintering,1,2025-01-02,EBIRD_ATL_NC,Traveling,,CREEDMOOR-SW,0,1.0,Downy Woodpecker,,,
S207657992,S207657992,1,Durham,51.0,2.414,,36.0205724,Falls Lake--Rolling View,H,-78.7274265,wintering,1,2025-01-02,EBIRD_ATL_NC,Traveling,,CREEDMOOR-SW,0,1.0,Field Sparrow,,,
S207657992,S207657992,1,Durham,51.0,2.414,,36.0205724,Falls Lake--Rolling View,H,-78.7274265,wintering,1,2025-01-02,EBIRD_ATL_NC,Traveling,,CREEDMOOR-SW,0,1.0,Golden-crowned Kinglet,,,
S207657992,S207657992,1,Durham,51.0,2.414,,36.0205724,Falls Lake--Rolling View,H,-78.7274265,wintering,1,2025-01-02,EBIRD_ATL_NC,Traveling,,CREEDMOOR-SW,0,1.0,Hairy Woodpecker,,,
S207657992,S207657992,1,Durham,51.0,2.414,,36.0205724,Falls Lake--Rolling View,H,-78.7274265,wintering,1,2025-01-02,EBIRD_ATL_NC,Traveling,,CREEDMOOR-SW,0,1.0,Hermit Thrush,,,
S207657992,S207657992,1,Durham,51.0,2.414,,36.0205724,Falls Lake--Rolling View,H,-78.7274265,wintering,1,2025-01-02,EBIRD_ATL_NC,Traveling,,CREEDMOOR-SW,0,1.0,Horned Grebe,,,
S207657992,S207657992,1,Durham,51.0,2.414,,36.0205724,Falls Lake--Rolling View,H,-78.7274265,wintering,1,2025-01-02,EBIRD_ATL_NC,Traveling,,CREEDMOOR-SW,0,1.0,Northern Cardinal,,,
S207657992,S207657992,1,Durham,51.0,2.414,,36.0205724,Falls Lake--Rolling View,H,-78.7274265,wintering,1,2025-01-02,EBIRD_ATL_NC,Traveling,,CREEDMOOR-SW,0,1.0,Pied-billed Grebe,,,
S207657992,S207657992,1,Durham,51.0,2.414,,36.0205724,Falls Lake--Rolling View,H,-78.7274265,wintering,1,2025-01-02,EBIRD_ATL_NC,Traveling,,CREEDMOOR-SW,0,1.0,Purple Finch,,,
S207657992,S207657992,1,Durham,51.0,2.414,,36.0205724,Falls Lake--Rolling View,H,-78.7274265,wintering,1,2025-01-02,EBIRD_ATL_NC,Traveling,,CREEDMOOR-SW,0,1.0,Ring-billed Gull,,,
S207657992,S207657992,1,Durham,51.0,2.414,,36.0205724,Falls Lake--Rolling View,H,-78.7274265,wintering,1,2025-01-02,EBIRD_ATL_NC,Traveling,,CREEDMOOR-SW,0,1.0,Ruby-crowned Kinglet,,,
S207657992,S207657992,1,Durham,51.0,2.414,,36.0205724,Falls Lake--Rolling View,H,-78.7274265,wintering,1,2025-01-02,EBIRD_ATL_NC,Traveling,,CREEDMOOR-SW,0,1.0,Song Sparrow,,,
S207657992,S207657992,1,Durham,51.0,2.414,,36.0205724,Falls Lake--Rolling View,H,-78.7274265,wintering,1,2025-01-02,EBIRD_ATL_NC,Traveling,,CREEDMOOR-SW,0,1.0,Tufted Titmouse,,,
S207657992,S207657992,1,Durham,51.0,2.414,,36.0205724,Falls Lake--Rolling View,H,-78.7274265,wintering,1,2025-01-02,EBIRD_ATL_NC,Traveling,,CREEDMOOR-SW,0,1.0,White-breasted Nuthatch,,,
S207657992,S207657992,1,Durham,51.0,2.414,,36.0205724,Falls Lake--Rolling View,H,-78.7274265,wintering,1,2025-01-02,EBIRD_ATL_NC,Traveling,,CREEDMOOR-SW,0,1.0,White-throated Sparrow,,,
S207648788,S207648788,1,Durham,21.0,0,,36.0187243,Beaver Marsh Preserve,H,-78.8841314,wintering,1,2025-01-02,EBIRD_ATL_NC,Stationary,"38 degrees F., mostly sunny, 8 mph winds",NORTHWEST_DURHAM-SE,1,1,American Crow,,,
S207648788,S207648788,1,Durham,21.0,0,,36.0187243,Beaver Marsh Preserve,H,-78.8841314,wintering,1,2025-01-02,EBIRD_ATL_NC,Stationary,"38 degrees F., mostly sunny, 8 mph winds",NORTHWEST_DURHAM-SE,1,1,Belted Kingfisher,,,
S207648788,S207648788,1,Durham,21.0,0,,36.0187243,Beaver Marsh Preserve,H,-78.8841314,wintering,1,2025-01-02,EBIRD_ATL_NC,Stationary,"38 degrees F., mostly sunny, 8 mph winds",NORTHWEST_DURHAM-SE,1,1,Eastern Phoebe,,,
S207648788,S207648788,1,Durham,21.0,0,,36.0187243,Beaver Marsh Preserve,H,-78.8841314,wintering,1,2025-01-02,EBIRD_ATL_NC,Stationary,"38 degrees F., mostly sunny, 8 mph winds",NORTHWEST_DURHAM-SE,1,1,European Starling,,,
S207648788,S207648788,1,Durham,21.0,0,,36.0187243,Beaver Marsh Preserve,H,-78.8841314,wintering,1,2025-01-02,EBIRD_ATL_NC,Stationary,"38 degrees F., mostly sunny, 8 mph winds",NORTHWEST_DURHAM-SE,1,1,Great Blue Heron,,,
S207648788,S207648788,1,Durham,21.0,0,,36.0187243,Beaver Marsh Preserve,H,-78.8841314,wintering,1,2025-01-02,EBIRD_ATL_NC,Stationary,"38 degrees F., mostly sunny, 8 mph winds",NORTHWEST_DURHAM-SE,1,1,Hooded Merganser,,,
S207648788,S207648788,1,Durham,21.0,0,,36.0187243,Beaver Marsh Preserve,H,-78.8841314,wintering,1,2025-01-02,EBIRD_ATL_NC,Stationary,"38 degrees F., mostly sunny, 8 mph winds",NORTHWEST_DURHAM-SE,1,1,House Sparrow,,,
S207648788,S207648788,1,Durham,21.0,0,,36.0187243,Beaver Marsh Preserve,H,-78.8841314,wintering,1,2025-01-02,EBIRD_ATL_NC,Stationary,"38 degrees F., mostly sunny, 8 mph winds",NORTHWEST_DURHAM-SE,1,1,Killdeer,,,
S207648788,S207648788,1,Durham,21.0,0,,36.0187243,Beaver Marsh Preserve,H,-78.8841314,wintering,1,2025-01-02,EBIRD_ATL_NC,Stationary,"38 degrees F., mostly sunny, 8 mph winds",NORTHWEST_DURHAM-SE,1,1,Mallard,,,
S207648788,S207648788,1,Durham,21.0,0,,36.0187243,Beaver Marsh Preserve,H,-78.8841314,wintering,1,2025-01-02,EBIRD_ATL_NC,Stationary,"38 degrees F., mostly sunny, 8 mph winds",NORTHWEST_DURHAM-SE,1,1,Northern Flicker,,,
S207648788,S207648788,1,Durham,21.0,0,,36.0187243,Beaver Marsh Preserve,H,-78.8841314,wintering,1,2025-01-02,EBIRD_ATL_NC,Stationary,"38 degrees F., mostly sunny, 8 mph winds",NORTHWEST_DURHAM-SE,1,1,Northern Mockingbird,,,
S207648788,S207648788,1,Durham,21.0,0,,36.0187243,Beaver Marsh Preserve,H,-78.8841314,wintering,1,2025-01-02,EBIRD_ATL_NC,Stationary,"38 degrees F., mostly sunny, 8 mph winds",NORTHWEST_DURHAM-SE,1,1,Ring-billed Gull,,,
S207648788,S207648788,1,Durham,21.0,0,,36.0187243,Beaver Marsh Preserve,H,-78.8841314,wintering,1,2025-01-02,EBIRD_ATL_NC,Stationary,"38 degrees F., mostly sunny, 8 mph winds",NORTHWEST_DURHAM-SE,1,1,Song Sparrow,,,
S207648788,S207648788,1,Durham,21.0,0,,36.0187243,Beaver Marsh Preserve,H,-78.8841314,wintering,1,2025-01-02,EBIRD_ATL_NC,Stationary,"38 degrees F., mostly sunny, 8 mph winds",NORTHWEST_DURHAM-SE,1,1,Wilsons Snipe,,,
S207648788,S207648788,1,Durham,21.0,0,,36.0187243,Beaver Marsh Preserve,H,-78.8841314,wintering,1,2025-01-02,EBIRD_ATL_NC,Stationary,"38 degrees F., mostly sunny, 8 mph winds",NORTHWEST_DURHAM-SE,1,1,Yellow-rumped Warbler,,,
S207651154,S207651154,1,Forsyth,16.0,0,,36.07607,"1134 Melrose St, Winston-Salem US-NC 36.07607, -80.27545",P,-80.275452,wintering,1,2025-01-02,EBIRD_ATL_NC,Stationary,,WINSTON-SALEM_WEST-CE,0,1.0,American Crow,,,
S207651154,S207651154,1,Forsyth,16.0,0,,36.07607,"1134 Melrose St, Winston-Salem US-NC 36.07607, -80.27545",P,-80.275452,wintering,1,2025-01-02,EBIRD_ATL_NC,Stationary,,WINSTON-SALEM_WEST-CE,0,1.0,American Robin,,,
S207651154,S207651154,1,Forsyth,16.0,0,,36.07607,"1134 Melrose St, Winston-Salem US-NC 36.07607, -80.27545",P,-80.275452,wintering,1,2025-01-02,EBIRD_ATL_NC,Stationary,,WINSTON-SALEM_WEST-CE,0,1.0,Blue Jay,,,
S207651154,S207651154,1,Forsyth,16.0,0,,36.07607,"1134 Melrose St, Winston-Salem US-NC 36.07607, -80.27545",P,-80.275452,wintering,1,2025-01-02,EBIRD_ATL_NC,Stationary,,WINSTON-SALEM_WEST-CE,0,1.0,Carolina Chickadee,,,
S207651154,S207651154,1,Forsyth,16.0,0,,36.07607,"1134 Melrose St, Winston-Salem US-NC 36.07607, -80.27545",P,-80.275452,wintering,1,2025-01-02,EBIRD_ATL_NC,Stationary,,WINSTON-SALEM_WEST-CE,0,1.0,Carolina Wren,,,
S207651154,S207651154,1,Forsyth,16.0,0,,36.07607,"1134 Melrose St, Winston-Salem US-NC 36.07607, -80.27545",P,-80.275452,wintering,1,2025-01-02,EBIRD_ATL_NC,Stationary,,WINSTON-SALEM_WEST-CE,0,1.0,Dark-eyed Junco,,,
S207651154,S207651154,1,Forsyth,16.0,0,,36.07607,"1134 Melrose St, Winston-Salem US-NC 36.07607, -80.27545",P,-80.275452,wintering,1,2025-01-02,EBIRD_ATL_NC,Stationary,,WINSTON-SALEM_WEST-CE,0,1.0,Downy Woodpecker,,,
S207651154,S207651154,1,Forsyth,16.0,0,,36.07607,"1134 Melrose St, Winston-Salem US-NC 36.07607, -80.27545",P,-80.275452,wintering,1,2025-01-02,EBIRD_ATL_NC,Stationary,,WINSTON-SALEM_WEST-CE,0,1.0,Eastern Bluebird,,,
S207651154,S207651154,1,Forsyth,16.0,0,,36.07607,"1134 Melrose St, Winston-Salem US-NC 36.07607, -80.27545",P,-80.275452,wintering,1,2025-01-02,EBIRD_ATL_NC,Stationary,,WINSTON-SALEM_WEST-CE,0,1.0,Eastern Towhee,,,
S207651154,S207651154,1,Forsyth,16.0,0,,36.07607,"1134 Melrose St, Winston-Salem US-NC 36.07607, -80.27545",P,-80.275452,wintering,1,2025-01-02,EBIRD_ATL_NC,Stationary,,WINSTON-SALEM_WEST-CE,0,1.0,House Finch,,,
S207651154,S207651154,1,Forsyth,16.0,0,,36.07607,"1134 Melrose St, Winston-Salem US-NC 36.07607, -80.27545",P,-80.275452,wintering,1,2025-01-02,EBIRD_ATL_NC,Stationary,,WINSTON-SALEM_WEST-CE,0,1.0,House Sparrow,,,
S207651154,S207651154,1,Forsyth,16.0,0,,36.07607,"1134 Melrose St, Winston-Salem US-NC 36.07607, -80.27545",P,-80.275452,wintering,1,2025-01-02,EBIRD_ATL_NC,Stationary,,WINSTON-SALEM_WEST-CE,0,1.0,Mourning Dove,,,
S207651154,S207651154,1,Forsyth,16.0,0,,36.07607,"1134 Melrose St, Winston-Salem US-NC 36.07607, -80.27545",P,-80.275452,wintering,1,2025-01-02,EBIRD_ATL_NC,Stationary,,WINSTON-SALEM_WEST-CE,0,1.0,Northern Cardinal,,,
S207651154,S207651154,1,Forsyth,16.0,0,,36.07607,"1134 Melrose St, Winston-Salem US-NC 36.07607, -80.27545",P,-80.275452,wintering,1,2025-01-02,EBIRD_ATL_NC,Stationary,,WINSTON-SALEM_WEST-CE,0,1.0,Red-bellied Woodpecker,,,
S207651154,S207651154,1,Forsyth,16.0,0,,36.07607,"1134 Melrose St, Winston-Salem US-NC 36.07607, -80.27545",P,-80.275452,wintering,1,2025-01-02,EBIRD_ATL_NC,Stationary,,WINSTON-SALEM_WEST-CE,0,1.0,Song Sparrow,,,
S207651154,S207651154,1,Forsyth,16.0,0,,36.07607,"1134 Melrose St, Winston-Salem US-NC 36.07607, -80.27545",P,-80.275452,wintering,1,2025-01-02,EBIRD_ATL_NC,Stationary,,WINSTON-SALEM_WEST-CE,0,1.0,White-breasted Nuthatch,,,
S207651154,S207651154,1,Forsyth,16.0,0,,36.07607,"1134 Melrose St, Winston-Salem US-NC 36.07607, -80.27545",P,-80.275452,wintering,1,2025-01-02,EBIRD_ATL_NC,Stationary,,WINSTON-SALEM_WEST-CE,0,1.0,White-throated Sparrow,,,
S207733212,S207733212,1,Forsyth,108.0,2.784,G13702217,35.9980801,Tanglewood Park--Yadkin River Nature Trail,H,-80.4150724,wintering,2,2025-01-02,EBIRD_ATL_NC,Traveling,,ADVANCE-NE,0,1.0,American Crow,,,
S207733212,S207733212,1,Forsyth,108.0,2.784,G13702217,35.9980801,Tanglewood Park--Yadkin River Nature Trail,H,-80.4150724,wintering,2,2025-01-02,EBIRD_ATL_NC,Traveling,,ADVANCE-NE,0,1.0,American Goldfinch,,,
S207733212,S207733212,1,Forsyth,108.0,2.784,G13702217,35.9980801,Tanglewood Park--Yadkin River Nature Trail,H,-80.4150724,wintering,2,2025-01-02,EBIRD_ATL_NC,Traveling,,ADVANCE-NE,0,1.0,American Robin,,,
S207733212,S207733212,1,Forsyth,108.0,2.784,G13702217,35.9980801,Tanglewood Park--Yadkin River Nature Trail,H,-80.4150724,wintering,2,2025-01-02,EBIRD_ATL_NC,Traveling,,ADVANCE-NE,0,1.0,Black Vulture,,,
S207733212,S207733212,1,Forsyth,108.0,2.784,G13702217,35.9980801,Tanglewood Park--Yadkin River Nature Trail,H,-80.4150724,wintering,2,2025-01-02,EBIRD_ATL_NC,Traveling,,ADVANCE-NE,0,1.0,Blue Jay,,,
S207733212,S207733212,1,Forsyth,108.0,2.784,G13702217,35.9980801,Tanglewood Park--Yadkin River Nature Trail,H,-80.4150724,wintering,2,2025-01-02,EBIRD_ATL_NC,Traveling,,ADVANCE-NE,0,1.0,Brown Creeper,,,
S207733212,S207733212,1,Forsyth,108.0,2.784,G13702217,35.9980801,Tanglewood Park--Yadkin River Nature Trail,H,-80.4150724,wintering,2,2025-01-02,EBIRD_ATL_NC,Traveling,,ADVANCE-NE,0,1.0,Brown Thrasher,,,
S207733212,S207733212,1,Forsyth,108.0,2.784,G13702217,35.9980801,Tanglewood Park--Yadkin River Nature Trail,H,-80.4150724,wintering,2,2025-01-02,EBIRD_ATL_NC,Traveling,,ADVANCE-NE,0,1.0,Carolina Chickadee,,,
S207733212,S207733212,1,Forsyth,108.0,2.784,G13702217,35.9980801,Tanglewood Park--Yadkin River Nature Trail,H,-80.4150724,wintering,2,2025-01-02,EBIRD_ATL_NC,Traveling,,ADVANCE-NE,0,1.0,Carolina Wren,,,
S207733212,S207733212,1,Forsyth,108.0,2.784,G13702217,35.9980801,Tanglewood Park--Yadkin River Nature Trail,H,-80.4150724,wintering,2,2025-01-02,EBIRD_ATL_NC,Traveling,,ADVANCE-NE,0,1.0,Cedar Waxwing,,,
S207733212,S207733212,1,Forsyth,108.0,2.784,G13702217,35.9980801,Tanglewood Park--Yadkin River Nature Trail,H,-80.4150724,wintering,2,2025-01-02,EBIRD_ATL_NC,Traveling,,ADVANCE-NE,0,1.0,Chipping Sparrow,,,
S207733212,S207733212,1,Forsyth,108.0,2.784,G13702217,35.9980801,Tanglewood Park--Yadkin River Nature Trail,H,-80.4150724,wintering,2,2025-01-02,EBIRD_ATL_NC,Traveling,,ADVANCE-NE,0,1.0,Dark-eyed Junco,,,
S207733212,S207733212,1,Forsyth,108.0,2.784,G13702217,35.9980801,Tanglewood Park--Yadkin River Nature Trail,H,-80.4150724,wintering,2,2025-01-02,EBIRD_ATL_NC,Traveling,,ADVANCE-NE,0,1.0,Downy Woodpecker,,,
S207733212,S207733212,1,Forsyth,108.0,2.784,G13702217,35.9980801,Tanglewood Park--Yadkin River Nature Trail,H,-80.4150724,wintering,2,2025-01-02,EBIRD_ATL_NC,Traveling,,ADVANCE-NE,0,1.0,Eastern Bluebird,,,
S207733212,S207733212,1,Forsyth,108.0,2.784,G13702217,35.9980801,Tanglewood Park--Yadkin River Nature Trail,H,-80.4150724,wintering,2,2025-01-02,EBIRD_ATL_NC,Traveling,,ADVANCE-NE,0,1.0,Eastern Phoebe,,,
S207733212,S207733212,1,Forsyth,108.0,2.784,G13702217,35.9980801,Tanglewood Park--Yadkin River Nature Trail,H,-80.4150724,wintering,2,2025-01-02,EBIRD_ATL_NC,Traveling,,ADVANCE-NE,0,1.0,European Starling,,,
S207733212,S207733212,1,Forsyth,108.0,2.784,G13702217,35.9980801,Tanglewood Park--Yadkin River Nature Trail,H,-80.4150724,wintering,2,2025-01-02,EBIRD_ATL_NC,Traveling,,ADVANCE-NE,0,1.0,Golden-crowned Kinglet,,,
S207733212,S207733212,1,Forsyth,108.0,2.784,G13702217,35.9980801,Tanglewood Park--Yadkin River Nature Trail,H,-80.4150724,wintering,2,2025-01-02,EBIRD_ATL_NC,Traveling,,ADVANCE-NE,0,1.0,Hairy Woodpecker,,,
S207733212,S207733212,1,Forsyth,108.0,2.784,G13702217,35.9980801,Tanglewood Park--Yadkin River Nature Trail,H,-80.4150724,wintering,2,2025-01-02,EBIRD_ATL_NC,Traveling,,ADVANCE-NE,0,1.0,Hermit Thrush,,,
S207733212,S207733212,1,Forsyth,108.0,2.784,G13702217,35.9980801,Tanglewood Park--Yadkin River Nature Trail,H,-80.4150724,wintering,2,2025-01-02,EBIRD_ATL_NC,Traveling,,ADVANCE-NE,0,1.0,House Finch,,,
S207733212,S207733212,1,Forsyth,108.0,2.784,G13702217,35.9980801,Tanglewood Park--Yadkin River Nature Trail,H,-80.4150724,wintering,2,2025-01-02,EBIRD_ATL_NC,Traveling,,ADVANCE-NE,0,1.0,Killdeer,,,
S207733212,S207733212,1,Forsyth,108.0,2.784,G13702217,35.9980801,Tanglewood Park--Yadkin River Nature Trail,H,-80.4150724,wintering,2,2025-01-02,EBIRD_ATL_NC,Traveling,,ADVANCE-NE,0,1.0,Northern Cardinal,,,
S207733212,S207733212,1,Forsyth,108.0,2.784,G13702217,35.9980801,Tanglewood Park--Yadkin River Nature Trail,H,-80.4150724,wintering,2,2025-01-02,EBIRD_ATL_NC,Traveling,,ADVANCE-NE,0,1.0,Northern Mockingbird,,,
S207733212,S207733212,1,Forsyth,108.0,2.784,G13702217,35.9980801,Tanglewood Park--Yadkin River Nature Trail,H,-80.4150724,wintering,2,2025-01-02,EBIRD_ATL_NC,Traveling,,ADVANCE-NE,0,1.0,Red-bellied Woodpecker,,,
S207733212,S207733212,1,Forsyth,108.0,2.784,G13702217,35.9980801,Tanglewood Park--Yadkin River Nature Trail,H,-80.4150724,wintering,2,2025-01-02,EBIRD_ATL_NC,Traveling,,ADVANCE-NE,0,1.0,Red-shouldered Hawk,,,
S207733212,S207733212,1,Forsyth,108.0,2.784,G13702217,35.9980801,Tanglewood Park--Yadkin River Nature Trail,H,-80.4150724,wintering,2,2025-01-02,EBIRD_ATL_NC,Traveling,,ADVANCE-NE,0,1.0,Red-tailed Hawk,,,
S207733212,S207733212,1,Forsyth,108.0,2.784,G13702217,35.9980801,Tanglewood Park--Yadkin River Nature Trail,H,-80.4150724,wintering,2,2025-01-02,EBIRD_ATL_NC,Traveling,,ADVANCE-NE,0,1.0,Savannah Sparrow,,,
S207733212,S207733212,1,Forsyth,108.0,2.784,G13702217,35.9980801,Tanglewood Park--Yadkin River Nature Trail,H,-80.4150724,wintering,2,2025-01-02,EBIRD_ATL_NC,Traveling,,ADVANCE-NE,0,1.0,Song Sparrow,,,
S207733212,S207733212,1,Forsyth,108.0,2.784,G13702217,35.9980801,Tanglewood Park--Yadkin River Nature Trail,H,-80.4150724,wintering,2,2025-01-02,EBIRD_ATL_NC,Traveling,,ADVANCE-NE,0,1.0,Swamp Sparrow,,,
S207733212,S207733212,1,Forsyth,108.0,2.784,G13702217,35.9980801,Tanglewood Park--Yadkin River Nature Trail,H,-80.4150724,wintering,2,2025-01-02,EBIRD_ATL_NC,Traveling,,ADVANCE-NE,0,1.0,Tufted Titmouse,,,
S207733212,S207733212,1,Forsyth,108.0,2.784,G13702217,35.9980801,Tanglewood Park--Yadkin River Nature Trail,H,-80.4150724,wintering,2,2025-01-02,EBIRD_ATL_NC,Traveling,,ADVANCE-NE,0,1.0,Turkey Vulture,,,
S207733212,S207733212,1,Forsyth,108.0,2.784,G13702217,35.9980801,Tanglewood Park--Yadkin River Nature Trail,H,-80.4150724,wintering,2,2025-01-02,EBIRD_ATL_NC,Traveling,,ADVANCE-NE,0,1.0,White-breasted Nuthatch,,,
S207733212,S207733212,1,Forsyth,108.0,2.784,G13702217,35.9980801,Tanglewood Park--Yadkin River Nature Trail,H,-80.4150724,wintering,2,2025-01-02,EBIRD_ATL_NC,Traveling,,ADVANCE-NE,0,1.0,White-crowned Sparrow,,,Immature
S207733212,S207733212,1,Forsyth,108.0,2.784,G13702217,35.9980801,Tanglewood Park--Yadkin River Nature Trail,H,-80.4150724,wintering,2,2025-01-02,EBIRD_ATL_NC,Traveling,,ADVANCE-NE,0,1.0,White-throated Sparrow,,,
S207733212,S207733212,1,Forsyth,108.0,2.784,G13702217,35.9980801,Tanglewood Park--Yadkin River Nature Trail,H,-80.4150724,wintering,2,2025-01-02,EBIRD_ATL_NC,Traveling,,ADVANCE-NE,0,1.0,Winter Wren,,,
S207733212,S207733212,1,Forsyth,108.0,2.784,G13702217,35.9980801,Tanglewood Park--Yadkin River Nature Trail,H,-80.4150724,wintering,2,2025-01-02,EBIRD_ATL_NC,Traveling,,ADVANCE-NE,0,1.0,Yellow-bellied Sapsucker,,,
S207733212,S207733212,1,Forsyth,108.0,2.784,G13702217,35.9980801,Tanglewood Park--Yadkin River Nature Trail,H,-80.4150724,wintering,2,2025-01-02,EBIRD_ATL_NC,Traveling,,ADVANCE-NE,0,1.0,Yellow-rumped Warbler,,,
S207678863,S207678863,1,Forsyth,15.0,0,,36.1069815,Oaklawn Avenue Winston-Salem,P,-80.2781081,wintering,1,2025-01-02,EBIRD_ATL_NC,Stationary,,WINSTON-SALEM_WEST-NE,0,1.0,American Crow,,,
S207678863,S207678863,1,Forsyth,15.0,0,,36.1069815,Oaklawn Avenue Winston-Salem,P,-80.2781081,wintering,1,2025-01-02,EBIRD_ATL_NC,Stationary,,WINSTON-SALEM_WEST-NE,0,1.0,American Goldfinch,,,
S207678863,S207678863,1,Forsyth,15.0,0,,36.1069815,Oaklawn Avenue Winston-Salem,P,-80.2781081,wintering,1,2025-01-02,EBIRD_ATL_NC,Stationary,,WINSTON-SALEM_WEST-NE,0,1.0,American Robin,,,
S207678863,S207678863,1,Forsyth,15.0,0,,36.1069815,Oaklawn Avenue Winston-Salem,P,-80.2781081,wintering,1,2025-01-02,EBIRD_ATL_NC,Stationary,,WINSTON-SALEM_WEST-NE,0,1.0,Carolina Chickadee,,,
S207678863,S207678863,1,Forsyth,15.0,0,,36.1069815,Oaklawn Avenue Winston-Salem,P,-80.2781081,wintering,1,2025-01-02,EBIRD_ATL_NC,Stationary,,WINSTON-SALEM_WEST-NE,0,1.0,Carolina Wren,,,
S207678863,S207678863,1,Forsyth,15.0,0,,36.1069815,Oaklawn Avenue Winston-Salem,P,-80.2781081,wintering,1,2025-01-02,EBIRD_ATL_NC,Stationary,,WINSTON-SALEM_WEST-NE,0,1.0,Eastern Towhee,,,
S207678863,S207678863,1,Forsyth,15.0,0,,36.1069815,Oaklawn Avenue Winston-Salem,P,-80.2781081,wintering,1,2025-01-02,EBIRD_ATL_NC,Stationary,,WINSTON-SALEM_WEST-NE,0,1.0,House Finch,,,
S207678863,S207678863,1,Forsyth,15.0,0,,36.1069815,Oaklawn Avenue Winston-Salem,P,-80.2781081,wintering,1,2025-01-02,EBIRD_ATL_NC,Stationary,,WINSTON-SALEM_WEST-NE,0,1.0,Northern Cardinal,,,
S207678863,S207678863,1,Forsyth,15.0,0,,36.1069815,Oaklawn Avenue Winston-Salem,P,-80.2781081,wintering,1,2025-01-02,EBIRD_ATL_NC,Stationary,,WINSTON-SALEM_WEST-NE,0,1.0,Turkey Vulture,,,
S207678863,S207678863,1,Forsyth,15.0,0,,36.1069815,Oaklawn Avenue Winston-Salem,P,-80.2781081,wintering,1,2025-01-02,EBIRD_ATL_NC,Stationary,,WINSTON-SALEM_WEST-NE,0,1.0,White-throated Sparrow,,,
S207733210,S207733210,1,Forsyth,108.0,2.784,G13702217,35.9980801,Tanglewood Park--Yadkin River Nature Trail,H,-80.4150724,wintering,2,2025-01-02,EBIRD_ATL_NC,Traveling,,ADVANCE-NE,0,1.0,American Crow,,,
S207733210,S207733210,1,Forsyth,108.0,2.784,G13702217,35.9980801,Tanglewood Park--Yadkin River Nature Trail,H,-80.4150724,wintering,2,2025-01-02,EBIRD_ATL_NC,Traveling,,ADVANCE-NE,0,1.0,American Goldfinch,,,
S207733210,S207733210,1,Forsyth,108.0,2.784,G13702217,35.9980801,Tanglewood Park--Yadkin River Nature Trail,H,-80.4150724,wintering,2,2025-01-02,EBIRD_ATL_NC,Traveling,,ADVANCE-NE,0,1.0,American Robin,,,
S207733210,S207733210,1,Forsyth,108.0,2.784,G13702217,35.9980801,Tanglewood Park--Yadkin River Nature Trail,H,-80.4150724,wintering,2,2025-01-02,EBIRD_ATL_NC,Traveling,,ADVANCE-NE,0,1.0,Black Vulture,,,
S207733210,S207733210,1,Forsyth,108.0,2.784,G13702217,35.9980801,Tanglewood Park--Yadkin River Nature Trail,H,-80.4150724,wintering,2,2025-01-02,EBIRD_ATL_NC,Traveling,,ADVANCE-NE,0,1.0,Blue Jay,,,
S207733210,S207733210,1,Forsyth,108.0,2.784,G13702217,35.9980801,Tanglewood Park--Yadkin River Nature Trail,H,-80.4150724,wintering,2,2025-01-02,EBIRD_ATL_NC,Traveling,,ADVANCE-NE,0,1.0,Brown Creeper,,,
S207733210,S207733210,1,Forsyth,108.0,2.784,G13702217,35.9980801,Tanglewood Park--Yadkin River Nature Trail,H,-80.4150724,wintering,2,2025-01-02,EBIRD_ATL_NC,Traveling,,ADVANCE-NE,0,1.0,Brown Thrasher,,,
S207733210,S207733210,1,Forsyth,108.0,2.784,G13702217,35.9980801,Tanglewood Park--Yadkin River Nature Trail,H,-80.4150724,wintering,2,2025-01-02,EBIRD_ATL_NC,Traveling,,ADVANCE-NE,0,1.0,Carolina Chickadee,,,
S207733210,S207733210,1,Forsyth,108.0,2.784,G13702217,35.9980801,Tanglewood Park--Yadkin River Nature Trail,H,-80.4150724,wintering,2,2025-01-02,EBIRD_ATL_NC,Traveling,,ADVANCE-NE,0,1.0,Carolina Wren,,,
S207733210,S207733210,1,Forsyth,108.0,2.784,G13702217,35.9980801,Tanglewood Park--Yadkin River Nature Trail,H,-80.4150724,wintering,2,2025-01-02,EBIRD_ATL_NC,Traveling,,ADVANCE-NE,0,1.0,Cedar Waxwing,,,
S207733210,S207733210,1,Forsyth,108.0,2.784,G13702217,35.9980801,Tanglewood Park--Yadkin River Nature Trail,H,-80.4150724,wintering,2,2025-01-02,EBIRD_ATL_NC,Traveling,,ADVANCE-NE,0,1.0,Chipping Sparrow,,,
S207733210,S207733210,1,Forsyth,108.0,2.784,G13702217,35.9980801,Tanglewood Park--Yadkin River Nature Trail,H,-80.4150724,wintering,2,2025-01-02,EBIRD_ATL_NC,Traveling,,ADVANCE-NE,0,1.0,Dark-eyed Junco,,,
S207733210,S207733210,1,Forsyth,108.0,2.784,G13702217,35.9980801,Tanglewood Park--Yadkin River Nature Trail,H,-80.4150724,wintering,2,2025-01-02,EBIRD_ATL_NC,Traveling,,ADVANCE-NE,0,1.0,Downy Woodpecker,,,
S207733210,S207733210,1,Forsyth,108.0,2.784,G13702217,35.9980801,Tanglewood Park--Yadkin River Nature Trail,H,-80.4150724,wintering,2,2025-01-02,EBIRD_ATL_NC,Traveling,,ADVANCE-NE,0,1.0,Eastern Bluebird,,,
S207733210,S207733210,1,Forsyth,108.0,2.784,G13702217,35.9980801,Tanglewood Park--Yadkin River Nature Trail,H,-80.4150724,wintering,2,2025-01-02,EBIRD_ATL_NC,Traveling,,ADVANCE-NE,0,1.0,Eastern Phoebe,,,
S207733210,S207733210,1,Forsyth,108.0,2.784,G13702217,35.9980801,Tanglewood Park--Yadkin River Nature Trail,H,-80.4150724,wintering,2,2025-01-02,EBIRD_ATL_NC,Traveling,,ADVANCE-NE,0,1.0,European Starling,,,
S207733210,S207733210,1,Forsyth,108.0,2.784,G13702217,35.9980801,Tanglewood Park--Yadkin River Nature Trail,H,-80.4150724,wintering,2,2025-01-02,EBIRD_ATL_NC,Traveling,,ADVANCE-NE,0,1.0,Golden-crowned Kinglet,,,
S207733210,S207733210,1,Forsyth,108.0,2.784,G13702217,35.9980801,Tanglewood Park--Yadkin River Nature Trail,H,-80.4150724,wintering,2,2025-01-02,EBIRD_ATL_NC,Traveling,,ADVANCE-NE,0,1.0,Hairy Woodpecker,,,
S207733210,S207733210,1,Forsyth,108.0,2.784,G13702217,35.9980801,Tanglewood Park--Yadkin River Nature Trail,H,-80.4150724,wintering,2,2025-01-02,EBIRD_ATL_NC,Traveling,,ADVANCE-NE,0,1.0,Hermit Thrush,,,
S207733210,S207733210,1,Forsyth,108.0,2.784,G13702217,35.9980801,Tanglewood Park--Yadkin River Nature Trail,H,-80.4150724,wintering,2,2025-01-02,EBIRD_ATL_NC,Traveling,,ADVANCE-NE,0,1.0,House Finch,,,
S207733210,S207733210,1,Forsyth,108.0,2.784,G13702217,35.9980801,Tanglewood Park--Yadkin River Nature Trail,H,-80.4150724,wintering,2,2025-01-02,EBIRD_ATL_NC,Traveling,,ADVANCE-NE,0,1.0,Killdeer,,,
S207733210,S207733210,1,Forsyth,108.0,2.784,G13702217,35.9980801,Tanglewood Park--Yadkin River Nature Trail,H,-80.4150724,wintering,2,2025-01-02,EBIRD_ATL_NC,Traveling,,ADVANCE-NE,0,1.0,Northern Cardinal,,,
S207733210,S207733210,1,Forsyth,108.0,2.784,G13702217,35.9980801,Tanglewood Park--Yadkin River Nature Trail,H,-80.4150724,wintering,2,2025-01-02,EBIRD_ATL_NC,Traveling,,ADVANCE-NE,0,1.0,Northern Mockingbird,,,
S207733210,S207733210,1,Forsyth,108.0,2.784,G13702217,35.9980801,Tanglewood Park--Yadkin River Nature Trail,H,-80.4150724,wintering,2,2025-01-02,EBIRD_ATL_NC,Traveling,,ADVANCE-NE,0,1.0,Red-bellied Woodpecker,,,
S207733210,S207733210,1,Forsyth,108.0,2.784,G13702217,35.9980801,Tanglewood Park--Yadkin River Nature Trail,H,-80.4150724,wintering,2,2025-01-02,EBIRD_ATL_NC,Traveling,,ADVANCE-NE,0,1.0,Red-shouldered Hawk,,,
S207733210,S207733210,1,Forsyth,108.0,2.784,G13702217,35.9980801,Tanglewood Park--Yadkin River Nature Trail,H,-80.4150724,wintering,2,2025-01-02,EBIRD_ATL_NC,Traveling,,ADVANCE-NE,0,1.0,Red-tailed Hawk,,,
S207733210,S207733210,1,Forsyth,108.0,2.784,G13702217,35.9980801,Tanglewood Park--Yadkin River Nature Trail,H,-80.4150724,wintering,2,2025-01-02,EBIRD_ATL_NC,Traveling,,ADVANCE-NE,0,1.0,Savannah Sparrow,,,
S207733210,S207733210,1,Forsyth,108.0,2.784,G13702217,35.9980801,Tanglewood Park--Yadkin River Nature Trail,H,-80.4150724,wintering,2,2025-01-02,EBIRD_ATL_NC,Traveling,,ADVANCE-NE,0,1.0,Song Sparrow,,,
S207733210,S207733210,1,Forsyth,108.0,2.784,G13702217,35.9980801,Tanglewood Park--Yadkin River Nature Trail,H,-80.4150724,wintering,2,2025-01-02,EBIRD_ATL_NC,Traveling,,ADVANCE-NE,0,1.0,Swamp Sparrow,,,
S207733210,S207733210,1,Forsyth,108.0,2.784,G13702217,35.9980801,Tanglewood Park--Yadkin River Nature Trail,H,-80.4150724,wintering,2,2025-01-02,EBIRD_ATL_NC,Traveling,,ADVANCE-NE,0,1.0,Tufted Titmouse,,,
S207733210,S207733210,1,Forsyth,108.0,2.784,G13702217,35.9980801,Tanglewood Park--Yadkin River Nature Trail,H,-80.4150724,wintering,2,2025-01-02,EBIRD_ATL_NC,Traveling,,ADVANCE-NE,0,1.0,Turkey Vulture,,,
S207733210,S207733210,1,Forsyth,108.0,2.784,G13702217,35.9980801,Tanglewood Park--Yadkin River Nature Trail,H,-80.4150724,wintering,2,2025-01-02,EBIRD_ATL_NC,Traveling,,ADVANCE-NE,0,1.0,White-breasted Nuthatch,,,
S207733210,S207733210,1,Forsyth,108.0,2.784,G13702217,35.9980801,Tanglewood Park--Yadkin River Nature Trail,H,-80.4150724,wintering,2,2025-01-02,EBIRD_ATL_NC,Traveling,,ADVANCE-NE,0,1.0,White-crowned Sparrow,,,Immature
S207733210,S207733210,1,Forsyth,108.0,2.784,G13702217,35.9980801,Tanglewood Park--Yadkin River Nature Trail,H,-80.4150724,wintering,2,2025-01-02,EBIRD_ATL_NC,Traveling,,ADVANCE-NE,0,1.0,White-throated Sparrow,,,
S207733210,S207733210,1,Forsyth,108.0,2.784,G13702217,35.9980801,Tanglewood Park--Yadkin River Nature Trail,H,-80.4150724,wintering,2,2025-01-02,EBIRD_ATL_NC,Traveling,,ADVANCE-NE,0,1.0,Winter Wren,,,
S207733210,S207733210,1,Forsyth,108.0,2.784,G13702217,35.9980801,Tanglewood Park--Yadkin River Nature Trail,H,-80.4150724,wintering,2,2025-01-02,EBIRD_ATL_NC,Traveling,,ADVANCE-NE,0,1.0,Yellow-bellied Sapsucker,,,
S207733210,S207733210,1,Forsyth,108.0,2.784,G13702217,35.9980801,Tanglewood Park--Yadkin River Nature Trail,H,-80.4150724,wintering,2,2025-01-02,EBIRD_ATL_NC,Traveling,,ADVANCE-NE,0,1.0,Yellow-rumped Warbler,,,
S207668204,S207668204,1,Forsyth,103.0,4.06,,36.196983,Long Creek Park,P,-80.335712,wintering,1,2025-01-02,EBIRD_ATL_NC,Traveling,,RURAL_HALL-CW,0,1.0,American Crow,,,
S207668204,S207668204,1,Forsyth,103.0,4.06,,36.196983,Long Creek Park,P,-80.335712,wintering,1,2025-01-02,EBIRD_ATL_NC,Traveling,,RURAL_HALL-CW,0,1.0,American Robin,,,
S207668204,S207668204,1,Forsyth,103.0,4.06,,36.196983,Long Creek Park,P,-80.335712,wintering,1,2025-01-02,EBIRD_ATL_NC,Traveling,,RURAL_HALL-CW,0,1.0,Black Vulture,,,
S207668204,S207668204,1,Forsyth,103.0,4.06,,36.196983,Long Creek Park,P,-80.335712,wintering,1,2025-01-02,EBIRD_ATL_NC,Traveling,,RURAL_HALL-CW,0,1.0,Blue Jay,,,
S207668204,S207668204,1,Forsyth,103.0,4.06,,36.196983,Long Creek Park,P,-80.335712,wintering,1,2025-01-02,EBIRD_ATL_NC,Traveling,,RURAL_HALL-CW,0,1.0,Brown Thrasher,,,
S207668204,S207668204,1,Forsyth,103.0,4.06,,36.196983,Long Creek Park,P,-80.335712,wintering,1,2025-01-02,EBIRD_ATL_NC,Traveling,,RURAL_HALL-CW,0,1.0,Carolina Chickadee,,,
S207668204,S207668204,1,Forsyth,103.0,4.06,,36.196983,Long Creek Park,P,-80.335712,wintering,1,2025-01-02,EBIRD_ATL_NC,Traveling,,RURAL_HALL-CW,0,1.0,Carolina Wren,,,
S207668204,S207668204,1,Forsyth,103.0,4.06,,36.196983,Long Creek Park,P,-80.335712,wintering,1,2025-01-02,EBIRD_ATL_NC,Traveling,,RURAL_HALL-CW,0,1.0,Chipping Sparrow,,,
S207668204,S207668204,1,Forsyth,103.0,4.06,,36.196983,Long Creek Park,P,-80.335712,wintering,1,2025-01-02,EBIRD_ATL_NC,Traveling,,RURAL_HALL-CW,0,1.0,Dark-eyed Junco,,,
S207668204,S207668204,1,Forsyth,103.0,4.06,,36.196983,Long Creek Park,P,-80.335712,wintering,1,2025-01-02,EBIRD_ATL_NC,Traveling,,RURAL_HALL-CW,0,1.0,Downy Woodpecker,,,
S207668204,S207668204,1,Forsyth,103.0,4.06,,36.196983,Long Creek Park,P,-80.335712,wintering,1,2025-01-02,EBIRD_ATL_NC,Traveling,,RURAL_HALL-CW,0,1.0,Eastern Bluebird,,,
S207668204,S207668204,1,Forsyth,103.0,4.06,,36.196983,Long Creek Park,P,-80.335712,wintering,1,2025-01-02,EBIRD_ATL_NC,Traveling,,RURAL_HALL-CW,0,1.0,Eastern Towhee,,,
S207668204,S207668204,1,Forsyth,103.0,4.06,,36.196983,Long Creek Park,P,-80.335712,wintering,1,2025-01-02,EBIRD_ATL_NC,Traveling,,RURAL_HALL-CW,0,1.0,Field Sparrow,,,
S207668204,S207668204,1,Forsyth,103.0,4.06,,36.196983,Long Creek Park,P,-80.335712,wintering,1,2025-01-02,EBIRD_ATL_NC,Traveling,,RURAL_HALL-CW,0,1.0,Fish Crow,,,
S207668204,S207668204,1,Forsyth,103.0,4.06,,36.196983,Long Creek Park,P,-80.335712,wintering,1,2025-01-02,EBIRD_ATL_NC,Traveling,,RURAL_HALL-CW,0,1.0,Northern Cardinal,,,
S207668204,S207668204,1,Forsyth,103.0,4.06,,36.196983,Long Creek Park,P,-80.335712,wintering,1,2025-01-02,EBIRD_ATL_NC,Traveling,,RURAL_HALL-CW,0,1.0,Northern Flicker,,,
S207668204,S207668204,1,Forsyth,103.0,4.06,,36.196983,Long Creek Park,P,-80.335712,wintering,1,2025-01-02,EBIRD_ATL_NC,Traveling,,RURAL_HALL-CW,0,1.0,Northern Mockingbird,,,
S207668204,S207668204,1,Forsyth,103.0,4.06,,36.196983,Long Creek Park,P,-80.335712,wintering,1,2025-01-02,EBIRD_ATL_NC,Traveling,,RURAL_HALL-CW,0,1.0,Red-bellied Woodpecker,,,
S207668204,S207668204,1,Forsyth,103.0,4.06,,36.196983,Long Creek Park,P,-80.335712,wintering,1,2025-01-02,EBIRD_ATL_NC,Traveling,,RURAL_HALL-CW,0,1.0,Red-tailed Hawk,,,
S207668204,S207668204,1,Forsyth,103.0,4.06,,36.196983,Long Creek Park,P,-80.335712,wintering,1,2025-01-02,EBIRD_ATL_NC,Traveling,,RURAL_HALL-CW,0,1.0,Ruby-crowned Kinglet,,,
S207668204,S207668204,1,Forsyth,103.0,4.06,,36.196983,Long Creek Park,P,-80.335712,wintering,1,2025-01-02,EBIRD_ATL_NC,Traveling,,RURAL_HALL-CW,0,1.0,Song Sparrow,,,
S207668204,S207668204,1,Forsyth,103.0,4.06,,36.196983,Long Creek Park,P,-80.335712,wintering,1,2025-01-02,EBIRD_ATL_NC,Traveling,,RURAL_HALL-CW,0,1.0,Swamp Sparrow,,,
S207668204,S207668204,1,Forsyth,103.0,4.06,,36.196983,Long Creek Park,P,-80.335712,wintering,1,2025-01-02,EBIRD_ATL_NC,Traveling,,RURAL_HALL-CW,0,1.0,Tufted Titmouse,,,
S207668204,S207668204,1,Forsyth,103.0,4.06,,36.196983,Long Creek Park,P,-80.335712,wintering,1,2025-01-02,EBIRD_ATL_NC,Traveling,,RURAL_HALL-CW,0,1.0,Turkey Vulture,,,
S207668204,S207668204,1,Forsyth,103.0,4.06,,36.196983,Long Creek Park,P,-80.335712,wintering,1,2025-01-02,EBIRD_ATL_NC,Traveling,,RURAL_HALL-CW,0,1.0,White-throated Sparrow,,,
S207688365,S207688365,1,Forsyth,58.0,1.399,,36.1564042,"4652 Old Town Drive, Winston-Salem, North Carolina, US (36.156, -80.302)",P,-80.3018565,wintering,2,2025-01-02,EBIRD_ATL_NC,Traveling,,RURAL_HALL-SE,1,1,American Crow,,,
S207688365,S207688365,1,Forsyth,58.0,1.399,,36.1564042,"4652 Old Town Drive, Winston-Salem, North Carolina, US (36.156, -80.302)",P,-80.3018565,wintering,2,2025-01-02,EBIRD_ATL_NC,Traveling,,RURAL_HALL-SE,1,1,American Robin,,,
S207688365,S207688365,1,Forsyth,58.0,1.399,,36.1564042,"4652 Old Town Drive, Winston-Salem, North Carolina, US (36.156, -80.302)",P,-80.3018565,wintering,2,2025-01-02,EBIRD_ATL_NC,Traveling,,RURAL_HALL-SE,1,1,Carolina Chickadee,,,
S207688365,S207688365,1,Forsyth,58.0,1.399,,36.1564042,"4652 Old Town Drive, Winston-Salem, North Carolina, US (36.156, -80.302)",P,-80.3018565,wintering,2,2025-01-02,EBIRD_ATL_NC,Traveling,,RURAL_HALL-SE,1,1,Carolina Wren,,,
S207688365,S207688365,1,Forsyth,58.0,1.399,,36.1564042,"4652 Old Town Drive, Winston-Salem, North Carolina, US (36.156, -80.302)",P,-80.3018565,wintering,2,2025-01-02,EBIRD_ATL_NC,Traveling,,RURAL_HALL-SE,1,1,Downy Woodpecker,,,
S207688365,S207688365,1,Forsyth,58.0,1.399,,36.1564042,"4652 Old Town Drive, Winston-Salem, North Carolina, US (36.156, -80.302)",P,-80.3018565,wintering,2,2025-01-02,EBIRD_ATL_NC,Traveling,,RURAL_HALL-SE,1,1,Eastern Towhee,,,
S207688365,S207688365,1,Forsyth,58.0,1.399,,36.1564042,"4652 Old Town Drive, Winston-Salem, North Carolina, US (36.156, -80.302)",P,-80.3018565,wintering,2,2025-01-02,EBIRD_ATL_NC,Traveling,,RURAL_HALL-SE,1,1,Hairy Woodpecker,,,
S207688365,S207688365,1,Forsyth,58.0,1.399,,36.1564042,"4652 Old Town Drive, Winston-Salem, North Carolina, US (36.156, -80.302)",P,-80.3018565,wintering,2,2025-01-02,EBIRD_ATL_NC,Traveling,,RURAL_HALL-SE,1,1,Northern Cardinal,,,
S207688365,S207688365,1,Forsyth,58.0,1.399,,36.1564042,"4652 Old Town Drive, Winston-Salem, North Carolina, US (36.156, -80.302)",P,-80.3018565,wintering,2,2025-01-02,EBIRD_ATL_NC,Traveling,,RURAL_HALL-SE,1,1,Northern Mockingbird,,,
S207688365,S207688365,1,Forsyth,58.0,1.399,,36.1564042,"4652 Old Town Drive, Winston-Salem, North Carolina, US (36.156, -80.302)",P,-80.3018565,wintering,2,2025-01-02,EBIRD_ATL_NC,Traveling,,RURAL_HALL-SE,1,1,Pileated Woodpecker,,,Female
S207688365,S207688365,1,Forsyth,58.0,1.399,,36.1564042,"4652 Old Town Drive, Winston-Salem, North Carolina, US (36.156, -80.302)",P,-80.3018565,wintering,2,2025-01-02,EBIRD_ATL_NC,Traveling,,RURAL_HALL-SE,1,1,Red-bellied Woodpecker,,,
S207688365,S207688365,1,Forsyth,58.0,1.399,,36.1564042,"4652 Old Town Drive, Winston-Salem, North Carolina, US (36.156, -80.302)",P,-80.3018565,wintering,2,2025-01-02,EBIRD_ATL_NC,Traveling,,RURAL_HALL-SE,1,1,Red-shouldered Hawk,,,
S207688365,S207688365,1,Forsyth,58.0,1.399,,36.1564042,"4652 Old Town Drive, Winston-Salem, North Carolina, US (36.156, -80.302)",P,-80.3018565,wintering,2,2025-01-02,EBIRD_ATL_NC,Traveling,,RURAL_HALL-SE,1,1,Song Sparrow,,,
S207688365,S207688365,1,Forsyth,58.0,1.399,,36.1564042,"4652 Old Town Drive, Winston-Salem, North Carolina, US (36.156, -80.302)",P,-80.3018565,wintering,2,2025-01-02,EBIRD_ATL_NC,Traveling,,RURAL_HALL-SE,1,1,new world sparrow sp.,,,
S207688365,S207688365,1,Forsyth,58.0,1.399,,36.1564042,"4652 Old Town Drive, Winston-Salem, North Carolina, US (36.156, -80.302)",P,-80.3018565,wintering,2,2025-01-02,EBIRD_ATL_NC,Traveling,,RURAL_HALL-SE,1,1,White-breasted Nuthatch,,,
S207688365,S207688365,1,Forsyth,58.0,1.399,,36.1564042,"4652 Old Town Drive, Winston-Salem, North Carolina, US (36.156, -80.302)",P,-80.3018565,wintering,2,2025-01-02,EBIRD_ATL_NC,Traveling,,RURAL_HALL-SE,1,1,White-throated Sparrow,,,
S207688365,S207688365,1,Forsyth,58.0,1.399,,36.1564042,"4652 Old Town Drive, Winston-Salem, North Carolina, US (36.156, -80.302)",P,-80.3018565,wintering,2,2025-01-02,EBIRD_ATL_NC,Traveling,,RURAL_HALL-SE,1,1,American/Fish Crow,,,
S207673139,S207673139,1,Franklin,20.0,0.402,,36.020193,"NCBA 789 Huford Harris (dirt Road), Louisburg (36.02, -78.183)",P,-78.1834747,wintering,1,2025-01-02,EBIRD_ATL_NC,Traveling,"Extensive fields along a dirt road. Pond hidden by trees on north side. Summer home of Loggerhead Shrike; found them about one-third mile further west, in red cedar trees that were hedgerow saplings long ago. Walked about 0.25 mile on road (east, then west) and used scope. 45F, sunny, windy, cold.",JUSTICE-SE,1,1,American Crow,,,"Feeding on something in a low section of lower field, then rose up and swirled around as one flock, calling."
S207673139,S207673139,1,Franklin,20.0,0.402,,36.020193,"NCBA 789 Huford Harris (dirt Road), Louisburg (36.02, -78.183)",P,-78.1834747,wintering,1,2025-01-02,EBIRD_ATL_NC,Traveling,"Extensive fields along a dirt road. Pond hidden by trees on north side. Summer home of Loggerhead Shrike; found them about one-third mile further west, in red cedar trees that were hedgerow saplings long ago. Walked about 0.25 mile on road (east, then west) and used scope. 45F, sunny, windy, cold.",JUSTICE-SE,1,1,Carolina Wren,,,
S207673139,S207673139,1,Franklin,20.0,0.402,,36.020193,"NCBA 789 Huford Harris (dirt Road), Louisburg (36.02, -78.183)",P,-78.1834747,wintering,1,2025-01-02,EBIRD_ATL_NC,Traveling,"Extensive fields along a dirt road. Pond hidden by trees on north side. Summer home of Loggerhead Shrike; found them about one-third mile further west, in red cedar trees that were hedgerow saplings long ago. Walked about 0.25 mile on road (east, then west) and used scope. 45F, sunny, windy, cold.",JUSTICE-SE,1,1,Chipping Sparrow,,,
S207673139,S207673139,1,Franklin,20.0,0.402,,36.020193,"NCBA 789 Huford Harris (dirt Road), Louisburg (36.02, -78.183)",P,-78.1834747,wintering,1,2025-01-02,EBIRD_ATL_NC,Traveling,"Extensive fields along a dirt road. Pond hidden by trees on north side. Summer home of Loggerhead Shrike; found them about one-third mile further west, in red cedar trees that were hedgerow saplings long ago. Walked about 0.25 mile on road (east, then west) and used scope. 45F, sunny, windy, cold.",JUSTICE-SE,1,1,Eastern Bluebird,,,
S207673139,S207673139,1,Franklin,20.0,0.402,,36.020193,"NCBA 789 Huford Harris (dirt Road), Louisburg (36.02, -78.183)",P,-78.1834747,wintering,1,2025-01-02,EBIRD_ATL_NC,Traveling,"Extensive fields along a dirt road. Pond hidden by trees on north side. Summer home of Loggerhead Shrike; found them about one-third mile further west, in red cedar trees that were hedgerow saplings long ago. Walked about 0.25 mile on road (east, then west) and used scope. 45F, sunny, windy, cold.",JUSTICE-SE,1,1,Eastern Meadowlark,,,
S207673139,S207673139,1,Franklin,20.0,0.402,,36.020193,"NCBA 789 Huford Harris (dirt Road), Louisburg (36.02, -78.183)",P,-78.1834747,wintering,1,2025-01-02,EBIRD_ATL_NC,Traveling,"Extensive fields along a dirt road. Pond hidden by trees on north side. Summer home of Loggerhead Shrike; found them about one-third mile further west, in red cedar trees that were hedgerow saplings long ago. Walked about 0.25 mile on road (east, then west) and used scope. 45F, sunny, windy, cold.",JUSTICE-SE,1,1,Killdeer,,,
S207673139,S207673139,1,Franklin,20.0,0.402,,36.020193,"NCBA 789 Huford Harris (dirt Road), Louisburg (36.02, -78.183)",P,-78.1834747,wintering,1,2025-01-02,EBIRD_ATL_NC,Traveling,"Extensive fields along a dirt road. Pond hidden by trees on north side. Summer home of Loggerhead Shrike; found them about one-third mile further west, in red cedar trees that were hedgerow saplings long ago. Walked about 0.25 mile on road (east, then west) and used scope. 45F, sunny, windy, cold.",JUSTICE-SE,1,1,Loggerhead Shrike,,,First saw them perched Jon fence posts about a quarter-mile from the observation point. Then they flew west. Right at  the block border. This area appears to offer more food and shelter among tall red cedars that were once saplings along the hedgerow.mphoto of the pair
S207673139,S207673139,1,Franklin,20.0,0.402,,36.020193,"NCBA 789 Huford Harris (dirt Road), Louisburg (36.02, -78.183)",P,-78.1834747,wintering,1,2025-01-02,EBIRD_ATL_NC,Traveling,"Extensive fields along a dirt road. Pond hidden by trees on north side. Summer home of Loggerhead Shrike; found them about one-third mile further west, in red cedar trees that were hedgerow saplings long ago. Walked about 0.25 mile on road (east, then west) and used scope. 45F, sunny, windy, cold.",JUSTICE-SE,1,1,Northern Harrier,,,"Brown variety, near crows. New bird for the block."
S207673139,S207673139,1,Franklin,20.0,0.402,,36.020193,"NCBA 789 Huford Harris (dirt Road), Louisburg (36.02, -78.183)",P,-78.1834747,wintering,1,2025-01-02,EBIRD_ATL_NC,Traveling,"Extensive fields along a dirt road. Pond hidden by trees on north side. Summer home of Loggerhead Shrike; found them about one-third mile further west, in red cedar trees that were hedgerow saplings long ago. Walked about 0.25 mile on road (east, then west) and used scope. 45F, sunny, windy, cold.",JUSTICE-SE,1,1,Northern Mockingbird,,,
S207673139,S207673139,1,Franklin,20.0,0.402,,36.020193,"NCBA 789 Huford Harris (dirt Road), Louisburg (36.02, -78.183)",P,-78.1834747,wintering,1,2025-01-02,EBIRD_ATL_NC,Traveling,"Extensive fields along a dirt road. Pond hidden by trees on north side. Summer home of Loggerhead Shrike; found them about one-third mile further west, in red cedar trees that were hedgerow saplings long ago. Walked about 0.25 mile on road (east, then west) and used scope. 45F, sunny, windy, cold.",JUSTICE-SE,1,1,Savannah Sparrow,,,
S207673139,S207673139,1,Franklin,20.0,0.402,,36.020193,"NCBA 789 Huford Harris (dirt Road), Louisburg (36.02, -78.183)",P,-78.1834747,wintering,1,2025-01-02,EBIRD_ATL_NC,Traveling,"Extensive fields along a dirt road. Pond hidden by trees on north side. Summer home of Loggerhead Shrike; found them about one-third mile further west, in red cedar trees that were hedgerow saplings long ago. Walked about 0.25 mile on road (east, then west) and used scope. 45F, sunny, windy, cold.",JUSTICE-SE,1,1,Turkey Vulture,,,
S207685427,S207685427,1,Franklin,32.0,0.131,,36.0958107,Long Mill Road Pond,H,-78.4957648,wintering,1,2025-01-02,EBIRD_ATL_NC,Traveling,"44F, clear, breezy out of west, pond full and slightly overflowing",FRANKLINTON-NW,0,1,American Crow,,,
S207685427,S207685427,1,Franklin,32.0,0.131,,36.0958107,Long Mill Road Pond,H,-78.4957648,wintering,1,2025-01-02,EBIRD_ATL_NC,Traveling,"44F, clear, breezy out of west, pond full and slightly overflowing",FRANKLINTON-NW,0,1,Canada Goose,,,
S207685427,S207685427,1,Franklin,32.0,0.131,,36.0958107,Long Mill Road Pond,H,-78.4957648,wintering,1,2025-01-02,EBIRD_ATL_NC,Traveling,"44F, clear, breezy out of west, pond full and slightly overflowing",FRANKLINTON-NW,0,1,Carolina Chickadee,,,
S207685427,S207685427,1,Franklin,32.0,0.131,,36.0958107,Long Mill Road Pond,H,-78.4957648,wintering,1,2025-01-02,EBIRD_ATL_NC,Traveling,"44F, clear, breezy out of west, pond full and slightly overflowing",FRANKLINTON-NW,0,1,Chipping Sparrow,,,
S207685427,S207685427,1,Franklin,32.0,0.131,,36.0958107,Long Mill Road Pond,H,-78.4957648,wintering,1,2025-01-02,EBIRD_ATL_NC,Traveling,"44F, clear, breezy out of west, pond full and slightly overflowing",FRANKLINTON-NW,0,1,Downy Woodpecker,,,
S207685427,S207685427,1,Franklin,32.0,0.131,,36.0958107,Long Mill Road Pond,H,-78.4957648,wintering,1,2025-01-02,EBIRD_ATL_NC,Traveling,"44F, clear, breezy out of west, pond full and slightly overflowing",FRANKLINTON-NW,0,1,Eastern Bluebird,,,
S207685427,S207685427,1,Franklin,32.0,0.131,,36.0958107,Long Mill Road Pond,H,-78.4957648,wintering,1,2025-01-02,EBIRD_ATL_NC,Traveling,"44F, clear, breezy out of west, pond full and slightly overflowing",FRANKLINTON-NW,0,1,Eastern Phoebe,,,
S207685427,S207685427,1,Franklin,32.0,0.131,,36.0958107,Long Mill Road Pond,H,-78.4957648,wintering,1,2025-01-02,EBIRD_ATL_NC,Traveling,"44F, clear, breezy out of west, pond full and slightly overflowing",FRANKLINTON-NW,0,1,Hooded Merganser,,,All males
S207685427,S207685427,1,Franklin,32.0,0.131,,36.0958107,Long Mill Road Pond,H,-78.4957648,wintering,1,2025-01-02,EBIRD_ATL_NC,Traveling,"44F, clear, breezy out of west, pond full and slightly overflowing",FRANKLINTON-NW,0,1,House Finch,,,
S207685427,S207685427,1,Franklin,32.0,0.131,,36.0958107,Long Mill Road Pond,H,-78.4957648,wintering,1,2025-01-02,EBIRD_ATL_NC,Traveling,"44F, clear, breezy out of west, pond full and slightly overflowing",FRANKLINTON-NW,0,1,Killdeer,,,
S207685427,S207685427,1,Franklin,32.0,0.131,,36.0958107,Long Mill Road Pond,H,-78.4957648,wintering,1,2025-01-02,EBIRD_ATL_NC,Traveling,"44F, clear, breezy out of west, pond full and slightly overflowing",FRANKLINTON-NW,0,1,Song Sparrow,,,
S207685427,S207685427,1,Franklin,32.0,0.131,,36.0958107,Long Mill Road Pond,H,-78.4957648,wintering,1,2025-01-02,EBIRD_ATL_NC,Traveling,"44F, clear, breezy out of west, pond full and slightly overflowing",FRANKLINTON-NW,0,1,new world sparrow sp.,,,
S207685427,S207685427,1,Franklin,32.0,0.131,,36.0958107,Long Mill Road Pond,H,-78.4957648,wintering,1,2025-01-02,EBIRD_ATL_NC,Traveling,"44F, clear, breezy out of west, pond full and slightly overflowing",FRANKLINTON-NW,0,1,Swamp Sparrow,,,
S207685427,S207685427,1,Franklin,32.0,0.131,,36.0958107,Long Mill Road Pond,H,-78.4957648,wintering,1,2025-01-02,EBIRD_ATL_NC,Traveling,"44F, clear, breezy out of west, pond full and slightly overflowing",FRANKLINTON-NW,0,1,Tufted Titmouse,,,
S207685427,S207685427,1,Franklin,32.0,0.131,,36.0958107,Long Mill Road Pond,H,-78.4957648,wintering,1,2025-01-02,EBIRD_ATL_NC,Traveling,"44F, clear, breezy out of west, pond full and slightly overflowing",FRANKLINTON-NW,0,1,Turkey Vulture,,,
S207685427,S207685427,1,Franklin,32.0,0.131,,36.0958107,Long Mill Road Pond,H,-78.4957648,wintering,1,2025-01-02,EBIRD_ATL_NC,Traveling,"44F, clear, breezy out of west, pond full and slightly overflowing",FRANKLINTON-NW,0,1,White-breasted Nuthatch,,,
S207685427,S207685427,1,Franklin,32.0,0.131,,36.0958107,Long Mill Road Pond,H,-78.4957648,wintering,1,2025-01-02,EBIRD_ATL_NC,Traveling,"44F, clear, breezy out of west, pond full and slightly overflowing",FRANKLINTON-NW,0,1,White-throated Sparrow,,,
S207789285,S207789285,1,Greene,15.0,0,,35.408453,"Hookerton SE, 422–560 Chickenshack Rd, Hookerton US-NC (35.4085,-77.5414)",P,-77.541366,wintering,1,2025-01-02,EBIRD_ATL_NC,Stationary,43F-15% cloud cover -12 mph NW winds,HOOKERTON-SE,1,1.0,American Crow,,,
S207789285,S207789285,1,Greene,15.0,0,,35.408453,"Hookerton SE, 422–560 Chickenshack Rd, Hookerton US-NC (35.4085,-77.5414)",P,-77.541366,wintering,1,2025-01-02,EBIRD_ATL_NC,Stationary,43F-15% cloud cover -12 mph NW winds,HOOKERTON-SE,1,1.0,American Goldfinch,,,
S207789285,S207789285,1,Greene,15.0,0,,35.408453,"Hookerton SE, 422–560 Chickenshack Rd, Hookerton US-NC (35.4085,-77.5414)",P,-77.541366,wintering,1,2025-01-02,EBIRD_ATL_NC,Stationary,43F-15% cloud cover -12 mph NW winds,HOOKERTON-SE,1,1.0,American Pipit,,,
S207789285,S207789285,1,Greene,15.0,0,,35.408453,"Hookerton SE, 422–560 Chickenshack Rd, Hookerton US-NC (35.4085,-77.5414)",P,-77.541366,wintering,1,2025-01-02,EBIRD_ATL_NC,Stationary,43F-15% cloud cover -12 mph NW winds,HOOKERTON-SE,1,1.0,American Robin,,,
S207789285,S207789285,1,Greene,15.0,0,,35.408453,"Hookerton SE, 422–560 Chickenshack Rd, Hookerton US-NC (35.4085,-77.5414)",P,-77.541366,wintering,1,2025-01-02,EBIRD_ATL_NC,Stationary,43F-15% cloud cover -12 mph NW winds,HOOKERTON-SE,1,1.0,Brown-headed Nuthatch,,,
S207789285,S207789285,1,Greene,15.0,0,,35.408453,"Hookerton SE, 422–560 Chickenshack Rd, Hookerton US-NC (35.4085,-77.5414)",P,-77.541366,wintering,1,2025-01-02,EBIRD_ATL_NC,Stationary,43F-15% cloud cover -12 mph NW winds,HOOKERTON-SE,1,1.0,Brown Thrasher,,,
S207789285,S207789285,1,Greene,15.0,0,,35.408453,"Hookerton SE, 422–560 Chickenshack Rd, Hookerton US-NC (35.4085,-77.5414)",P,-77.541366,wintering,1,2025-01-02,EBIRD_ATL_NC,Stationary,43F-15% cloud cover -12 mph NW winds,HOOKERTON-SE,1,1.0,Carolina Chickadee,,,
S207789285,S207789285,1,Greene,15.0,0,,35.408453,"Hookerton SE, 422–560 Chickenshack Rd, Hookerton US-NC (35.4085,-77.5414)",P,-77.541366,wintering,1,2025-01-02,EBIRD_ATL_NC,Stationary,43F-15% cloud cover -12 mph NW winds,HOOKERTON-SE,1,1.0,Chipping Sparrow,,,
S207789285,S207789285,1,Greene,15.0,0,,35.408453,"Hookerton SE, 422–560 Chickenshack Rd, Hookerton US-NC (35.4085,-77.5414)",P,-77.541366,wintering,1,2025-01-02,EBIRD_ATL_NC,Stationary,43F-15% cloud cover -12 mph NW winds,HOOKERTON-SE,1,1.0,Common Grackle,,,
S207789285,S207789285,1,Greene,15.0,0,,35.408453,"Hookerton SE, 422–560 Chickenshack Rd, Hookerton US-NC (35.4085,-77.5414)",P,-77.541366,wintering,1,2025-01-02,EBIRD_ATL_NC,Stationary,43F-15% cloud cover -12 mph NW winds,HOOKERTON-SE,1,1.0,Downy Woodpecker,,,
S207789285,S207789285,1,Greene,15.0,0,,35.408453,"Hookerton SE, 422–560 Chickenshack Rd, Hookerton US-NC (35.4085,-77.5414)",P,-77.541366,wintering,1,2025-01-02,EBIRD_ATL_NC,Stationary,43F-15% cloud cover -12 mph NW winds,HOOKERTON-SE,1,1.0,Golden-crowned Kinglet,,,
S207789285,S207789285,1,Greene,15.0,0,,35.408453,"Hookerton SE, 422–560 Chickenshack Rd, Hookerton US-NC (35.4085,-77.5414)",P,-77.541366,wintering,1,2025-01-02,EBIRD_ATL_NC,Stationary,43F-15% cloud cover -12 mph NW winds,HOOKERTON-SE,1,1.0,Gray Catbird,,,
S207789285,S207789285,1,Greene,15.0,0,,35.408453,"Hookerton SE, 422–560 Chickenshack Rd, Hookerton US-NC (35.4085,-77.5414)",P,-77.541366,wintering,1,2025-01-02,EBIRD_ATL_NC,Stationary,43F-15% cloud cover -12 mph NW winds,HOOKERTON-SE,1,1.0,Northern Cardinal,,,
S207789285,S207789285,1,Greene,15.0,0,,35.408453,"Hookerton SE, 422–560 Chickenshack Rd, Hookerton US-NC (35.4085,-77.5414)",P,-77.541366,wintering,1,2025-01-02,EBIRD_ATL_NC,Stationary,43F-15% cloud cover -12 mph NW winds,HOOKERTON-SE,1,1.0,Northern Flicker,,,
S207789285,S207789285,1,Greene,15.0,0,,35.408453,"Hookerton SE, 422–560 Chickenshack Rd, Hookerton US-NC (35.4085,-77.5414)",P,-77.541366,wintering,1,2025-01-02,EBIRD_ATL_NC,Stationary,43F-15% cloud cover -12 mph NW winds,HOOKERTON-SE,1,1.0,Palm Warbler,,,
S207789285,S207789285,1,Greene,15.0,0,,35.408453,"Hookerton SE, 422–560 Chickenshack Rd, Hookerton US-NC (35.4085,-77.5414)",P,-77.541366,wintering,1,2025-01-02,EBIRD_ATL_NC,Stationary,43F-15% cloud cover -12 mph NW winds,HOOKERTON-SE,1,1.0,Pileated Woodpecker,,,
S207789285,S207789285,1,Greene,15.0,0,,35.408453,"Hookerton SE, 422–560 Chickenshack Rd, Hookerton US-NC (35.4085,-77.5414)",P,-77.541366,wintering,1,2025-01-02,EBIRD_ATL_NC,Stationary,43F-15% cloud cover -12 mph NW winds,HOOKERTON-SE,1,1.0,Pine Warbler,,,
S207789285,S207789285,1,Greene,15.0,0,,35.408453,"Hookerton SE, 422–560 Chickenshack Rd, Hookerton US-NC (35.4085,-77.5414)",P,-77.541366,wintering,1,2025-01-02,EBIRD_ATL_NC,Stationary,43F-15% cloud cover -12 mph NW winds,HOOKERTON-SE,1,1.0,Red-tailed Hawk,,,
S207789285,S207789285,1,Greene,15.0,0,,35.408453,"Hookerton SE, 422–560 Chickenshack Rd, Hookerton US-NC (35.4085,-77.5414)",P,-77.541366,wintering,1,2025-01-02,EBIRD_ATL_NC,Stationary,43F-15% cloud cover -12 mph NW winds,HOOKERTON-SE,1,1.0,Ruby-crowned Kinglet,,,
S207789285,S207789285,1,Greene,15.0,0,,35.408453,"Hookerton SE, 422–560 Chickenshack Rd, Hookerton US-NC (35.4085,-77.5414)",P,-77.541366,wintering,1,2025-01-02,EBIRD_ATL_NC,Stationary,43F-15% cloud cover -12 mph NW winds,HOOKERTON-SE,1,1.0,Song Sparrow,,,
S207789285,S207789285,1,Greene,15.0,0,,35.408453,"Hookerton SE, 422–560 Chickenshack Rd, Hookerton US-NC (35.4085,-77.5414)",P,-77.541366,wintering,1,2025-01-02,EBIRD_ATL_NC,Stationary,43F-15% cloud cover -12 mph NW winds,HOOKERTON-SE,1,1.0,Turkey Vulture,,,
S207789285,S207789285,1,Greene,15.0,0,,35.408453,"Hookerton SE, 422–560 Chickenshack Rd, Hookerton US-NC (35.4085,-77.5414)",P,-77.541366,wintering,1,2025-01-02,EBIRD_ATL_NC,Stationary,43F-15% cloud cover -12 mph NW winds,HOOKERTON-SE,1,1.0,White-throated Sparrow,,,
S207789285,S207789285,1,Greene,15.0,0,,35.408453,"Hookerton SE, 422–560 Chickenshack Rd, Hookerton US-NC (35.4085,-77.5414)",P,-77.541366,wintering,1,2025-01-02,EBIRD_ATL_NC,Stationary,43F-15% cloud cover -12 mph NW winds,HOOKERTON-SE,1,1.0,Yellow-rumped Warbler,,,
S207698986,S207698986,1,Hyde,139.0,4.246,G13707896,35.6808728,Pocosin Lakes NWR--Pungo Unit (Entrance Fields),P,-76.5965822,wintering,4,2025-01-02,EBIRD_ATL_NC,Traveling,,PUNGO_LAKE-CW,0,1,American Crow,,,
S207698986,S207698986,1,Hyde,139.0,4.246,G13707896,35.6808728,Pocosin Lakes NWR--Pungo Unit (Entrance Fields),P,-76.5965822,wintering,4,2025-01-02,EBIRD_ATL_NC,Traveling,,PUNGO_LAKE-CW,0,1,American Goldfinch,,,
S207698986,S207698986,1,Hyde,139.0,4.246,G13707896,35.6808728,Pocosin Lakes NWR--Pungo Unit (Entrance Fields),P,-76.5965822,wintering,4,2025-01-02,EBIRD_ATL_NC,Traveling,,PUNGO_LAKE-CW,0,1,American Robin,,,
S207698986,S207698986,1,Hyde,139.0,4.246,G13707896,35.6808728,Pocosin Lakes NWR--Pungo Unit (Entrance Fields),P,-76.5965822,wintering,4,2025-01-02,EBIRD_ATL_NC,Traveling,,PUNGO_LAKE-CW,0,1,Black Vulture,,,
S207698986,S207698986,1,Hyde,139.0,4.246,G13707896,35.6808728,Pocosin Lakes NWR--Pungo Unit (Entrance Fields),P,-76.5965822,wintering,4,2025-01-02,EBIRD_ATL_NC,Traveling,,PUNGO_LAKE-CW,0,1,Brown-headed Nuthatch,,,
S207698986,S207698986,1,Hyde,139.0,4.246,G13707896,35.6808728,Pocosin Lakes NWR--Pungo Unit (Entrance Fields),P,-76.5965822,wintering,4,2025-01-02,EBIRD_ATL_NC,Traveling,,PUNGO_LAKE-CW,0,1,Brown Thrasher,,,
S207698986,S207698986,1,Hyde,139.0,4.246,G13707896,35.6808728,Pocosin Lakes NWR--Pungo Unit (Entrance Fields),P,-76.5965822,wintering,4,2025-01-02,EBIRD_ATL_NC,Traveling,,PUNGO_LAKE-CW,0,1,Carolina Chickadee,,,
S207698986,S207698986,1,Hyde,139.0,4.246,G13707896,35.6808728,Pocosin Lakes NWR--Pungo Unit (Entrance Fields),P,-76.5965822,wintering,4,2025-01-02,EBIRD_ATL_NC,Traveling,,PUNGO_LAKE-CW,0,1,Carolina Wren,,,
S207698986,S207698986,1,Hyde,139.0,4.246,G13707896,35.6808728,Pocosin Lakes NWR--Pungo Unit (Entrance Fields),P,-76.5965822,wintering,4,2025-01-02,EBIRD_ATL_NC,Traveling,,PUNGO_LAKE-CW,0,1,Common Grackle,,,
S207698986,S207698986,1,Hyde,139.0,4.246,G13707896,35.6808728,Pocosin Lakes NWR--Pungo Unit (Entrance Fields),P,-76.5965822,wintering,4,2025-01-02,EBIRD_ATL_NC,Traveling,,PUNGO_LAKE-CW,0,1,Eastern Phoebe,,,
S207698986,S207698986,1,Hyde,139.0,4.246,G13707896,35.6808728,Pocosin Lakes NWR--Pungo Unit (Entrance Fields),P,-76.5965822,wintering,4,2025-01-02,EBIRD_ATL_NC,Traveling,,PUNGO_LAKE-CW,0,1,Eastern Towhee,,,
S207698986,S207698986,1,Hyde,139.0,4.246,G13707896,35.6808728,Pocosin Lakes NWR--Pungo Unit (Entrance Fields),P,-76.5965822,wintering,4,2025-01-02,EBIRD_ATL_NC,Traveling,,PUNGO_LAKE-CW,0,1,Golden-crowned Kinglet,,,
S207698986,S207698986,1,Hyde,139.0,4.246,G13707896,35.6808728,Pocosin Lakes NWR--Pungo Unit (Entrance Fields),P,-76.5965822,wintering,4,2025-01-02,EBIRD_ATL_NC,Traveling,,PUNGO_LAKE-CW,0,1,Great Blue Heron,,,
S207698986,S207698986,1,Hyde,139.0,4.246,G13707896,35.6808728,Pocosin Lakes NWR--Pungo Unit (Entrance Fields),P,-76.5965822,wintering,4,2025-01-02,EBIRD_ATL_NC,Traveling,,PUNGO_LAKE-CW,0,1,Gray Catbird,,,
S207698986,S207698986,1,Hyde,139.0,4.246,G13707896,35.6808728,Pocosin Lakes NWR--Pungo Unit (Entrance Fields),P,-76.5965822,wintering,4,2025-01-02,EBIRD_ATL_NC,Traveling,,PUNGO_LAKE-CW,0,1,Hermit Thrush,,,
S207698986,S207698986,1,Hyde,139.0,4.246,G13707896,35.6808728,Pocosin Lakes NWR--Pungo Unit (Entrance Fields),P,-76.5965822,wintering,4,2025-01-02,EBIRD_ATL_NC,Traveling,,PUNGO_LAKE-CW,0,1,Northern House Wren,,,
S207698986,S207698986,1,Hyde,139.0,4.246,G13707896,35.6808728,Pocosin Lakes NWR--Pungo Unit (Entrance Fields),P,-76.5965822,wintering,4,2025-01-02,EBIRD_ATL_NC,Traveling,,PUNGO_LAKE-CW,0,1,Northern Cardinal,,,
S207698986,S207698986,1,Hyde,139.0,4.246,G13707896,35.6808728,Pocosin Lakes NWR--Pungo Unit (Entrance Fields),P,-76.5965822,wintering,4,2025-01-02,EBIRD_ATL_NC,Traveling,,PUNGO_LAKE-CW,0,1,Northern Flicker,,,
S207698986,S207698986,1,Hyde,139.0,4.246,G13707896,35.6808728,Pocosin Lakes NWR--Pungo Unit (Entrance Fields),P,-76.5965822,wintering,4,2025-01-02,EBIRD_ATL_NC,Traveling,,PUNGO_LAKE-CW,0,1,Northern Harrier,,,
S207698986,S207698986,1,Hyde,139.0,4.246,G13707896,35.6808728,Pocosin Lakes NWR--Pungo Unit (Entrance Fields),P,-76.5965822,wintering,4,2025-01-02,EBIRD_ATL_NC,Traveling,,PUNGO_LAKE-CW,0,1,Northern Mockingbird,,,
S207698986,S207698986,1,Hyde,139.0,4.246,G13707896,35.6808728,Pocosin Lakes NWR--Pungo Unit (Entrance Fields),P,-76.5965822,wintering,4,2025-01-02,EBIRD_ATL_NC,Traveling,,PUNGO_LAKE-CW,0,1,Pine Warbler,,,
S207698986,S207698986,1,Hyde,139.0,4.246,G13707896,35.6808728,Pocosin Lakes NWR--Pungo Unit (Entrance Fields),P,-76.5965822,wintering,4,2025-01-02,EBIRD_ATL_NC,Traveling,,PUNGO_LAKE-CW,0,1,Red-bellied Woodpecker,,,
S207698986,S207698986,1,Hyde,139.0,4.246,G13707896,35.6808728,Pocosin Lakes NWR--Pungo Unit (Entrance Fields),P,-76.5965822,wintering,4,2025-01-02,EBIRD_ATL_NC,Traveling,,PUNGO_LAKE-CW,0,1,Red-tailed Hawk,,,
S207698986,S207698986,1,Hyde,139.0,4.246,G13707896,35.6808728,Pocosin Lakes NWR--Pungo Unit (Entrance Fields),P,-76.5965822,wintering,4,2025-01-02,EBIRD_ATL_NC,Traveling,,PUNGO_LAKE-CW,0,1,Red-winged Blackbird,,,Estimated number.
S207698986,S207698986,1,Hyde,139.0,4.246,G13707896,35.6808728,Pocosin Lakes NWR--Pungo Unit (Entrance Fields),P,-76.5965822,wintering,4,2025-01-02,EBIRD_ATL_NC,Traveling,,PUNGO_LAKE-CW,0,1,Ruby-crowned Kinglet,,,
S207698986,S207698986,1,Hyde,139.0,4.246,G13707896,35.6808728,Pocosin Lakes NWR--Pungo Unit (Entrance Fields),P,-76.5965822,wintering,4,2025-01-02,EBIRD_ATL_NC,Traveling,,PUNGO_LAKE-CW,0,1,Rusty Blackbird,,,Estimated number.
S207698986,S207698986,1,Hyde,139.0,4.246,G13707896,35.6808728,Pocosin Lakes NWR--Pungo Unit (Entrance Fields),P,-76.5965822,wintering,4,2025-01-02,EBIRD_ATL_NC,Traveling,,PUNGO_LAKE-CW,0,1,Song Sparrow,,,
S207698986,S207698986,1,Hyde,139.0,4.246,G13707896,35.6808728,Pocosin Lakes NWR--Pungo Unit (Entrance Fields),P,-76.5965822,wintering,4,2025-01-02,EBIRD_ATL_NC,Traveling,,PUNGO_LAKE-CW,0,1,Swamp Sparrow,,,
S207698986,S207698986,1,Hyde,139.0,4.246,G13707896,35.6808728,Pocosin Lakes NWR--Pungo Unit (Entrance Fields),P,-76.5965822,wintering,4,2025-01-02,EBIRD_ATL_NC,Traveling,,PUNGO_LAKE-CW,0,1,Tree Swallow,,,
S207698986,S207698986,1,Hyde,139.0,4.246,G13707896,35.6808728,Pocosin Lakes NWR--Pungo Unit (Entrance Fields),P,-76.5965822,wintering,4,2025-01-02,EBIRD_ATL_NC,Traveling,,PUNGO_LAKE-CW,0,1,Tufted Titmouse,,,
S207698986,S207698986,1,Hyde,139.0,4.246,G13707896,35.6808728,Pocosin Lakes NWR--Pungo Unit (Entrance Fields),P,-76.5965822,wintering,4,2025-01-02,EBIRD_ATL_NC,Traveling,,PUNGO_LAKE-CW,0,1,Tundra Swan,,,Estimated number.
S207698986,S207698986,1,Hyde,139.0,4.246,G13707896,35.6808728,Pocosin Lakes NWR--Pungo Unit (Entrance Fields),P,-76.5965822,wintering,4,2025-01-02,EBIRD_ATL_NC,Traveling,,PUNGO_LAKE-CW,0,1,Turkey Vulture,,,Estimated number.
S207698986,S207698986,1,Hyde,139.0,4.246,G13707896,35.6808728,Pocosin Lakes NWR--Pungo Unit (Entrance Fields),P,-76.5965822,wintering,4,2025-01-02,EBIRD_ATL_NC,Traveling,,PUNGO_LAKE-CW,0,1,White-throated Sparrow,,,
S207698986,S207698986,1,Hyde,139.0,4.246,G13707896,35.6808728,Pocosin Lakes NWR--Pungo Unit (Entrance Fields),P,-76.5965822,wintering,4,2025-01-02,EBIRD_ATL_NC,Traveling,,PUNGO_LAKE-CW,0,1,Yellow-bellied Sapsucker,,,
S207698986,S207698986,1,Hyde,139.0,4.246,G13707896,35.6808728,Pocosin Lakes NWR--Pungo Unit (Entrance Fields),P,-76.5965822,wintering,4,2025-01-02,EBIRD_ATL_NC,Traveling,,PUNGO_LAKE-CW,0,1,Yellow-rumped Warbler,,,Estimated number.
S207687032,S207687032,1,Hyde,15.0,0.573,,35.4524568,Mattamuskeet NWR--New Holland Walking Trail,H,-76.1765195,wintering,2,2025-01-02,EBIRD_ATL_NC,Traveling,45 sun wind,NEW_HOLLAND-CE,0,1.0,American Crow,,,
S207687032,S207687032,1,Hyde,15.0,0.573,,35.4524568,Mattamuskeet NWR--New Holland Walking Trail,H,-76.1765195,wintering,2,2025-01-02,EBIRD_ATL_NC,Traveling,45 sun wind,NEW_HOLLAND-CE,0,1.0,Belted Kingfisher,,,
S207687032,S207687032,1,Hyde,15.0,0.573,,35.4524568,Mattamuskeet NWR--New Holland Walking Trail,H,-76.1765195,wintering,2,2025-01-02,EBIRD_ATL_NC,Traveling,45 sun wind,NEW_HOLLAND-CE,0,1.0,Carolina Chickadee,,,
S207687032,S207687032,1,Hyde,15.0,0.573,,35.4524568,Mattamuskeet NWR--New Holland Walking Trail,H,-76.1765195,wintering,2,2025-01-02,EBIRD_ATL_NC,Traveling,45 sun wind,NEW_HOLLAND-CE,0,1.0,Carolina Wren,,,
S207687032,S207687032,1,Hyde,15.0,0.573,,35.4524568,Mattamuskeet NWR--New Holland Walking Trail,H,-76.1765195,wintering,2,2025-01-02,EBIRD_ATL_NC,Traveling,45 sun wind,NEW_HOLLAND-CE,0,1.0,Downy Woodpecker,,,
S207687032,S207687032,1,Hyde,15.0,0.573,,35.4524568,Mattamuskeet NWR--New Holland Walking Trail,H,-76.1765195,wintering,2,2025-01-02,EBIRD_ATL_NC,Traveling,45 sun wind,NEW_HOLLAND-CE,0,1.0,Hairy Woodpecker,,,
S207687032,S207687032,1,Hyde,15.0,0.573,,35.4524568,Mattamuskeet NWR--New Holland Walking Trail,H,-76.1765195,wintering,2,2025-01-02,EBIRD_ATL_NC,Traveling,45 sun wind,NEW_HOLLAND-CE,0,1.0,Northern Cardinal,,,
S207687032,S207687032,1,Hyde,15.0,0.573,,35.4524568,Mattamuskeet NWR--New Holland Walking Trail,H,-76.1765195,wintering,2,2025-01-02,EBIRD_ATL_NC,Traveling,45 sun wind,NEW_HOLLAND-CE,0,1.0,Northern Flicker,,,
S207687032,S207687032,1,Hyde,15.0,0.573,,35.4524568,Mattamuskeet NWR--New Holland Walking Trail,H,-76.1765195,wintering,2,2025-01-02,EBIRD_ATL_NC,Traveling,45 sun wind,NEW_HOLLAND-CE,0,1.0,Red-bellied Woodpecker,,,
S207687032,S207687032,1,Hyde,15.0,0.573,,35.4524568,Mattamuskeet NWR--New Holland Walking Trail,H,-76.1765195,wintering,2,2025-01-02,EBIRD_ATL_NC,Traveling,45 sun wind,NEW_HOLLAND-CE,0,1.0,Ruby-crowned Kinglet,,,
S207687032,S207687032,1,Hyde,15.0,0.573,,35.4524568,Mattamuskeet NWR--New Holland Walking Trail,H,-76.1765195,wintering,2,2025-01-02,EBIRD_ATL_NC,Traveling,45 sun wind,NEW_HOLLAND-CE,0,1.0,Swamp Sparrow,,,
S207687032,S207687032,1,Hyde,15.0,0.573,,35.4524568,Mattamuskeet NWR--New Holland Walking Trail,H,-76.1765195,wintering,2,2025-01-02,EBIRD_ATL_NC,Traveling,45 sun wind,NEW_HOLLAND-CE,0,1.0,Tufted Titmouse,,,
S207687032,S207687032,1,Hyde,15.0,0.573,,35.4524568,Mattamuskeet NWR--New Holland Walking Trail,H,-76.1765195,wintering,2,2025-01-02,EBIRD_ATL_NC,Traveling,45 sun wind,NEW_HOLLAND-CE,0,1.0,White-throated Sparrow,,,
S207687032,S207687032,1,Hyde,15.0,0.573,,35.4524568,Mattamuskeet NWR--New Holland Walking Trail,H,-76.1765195,wintering,2,2025-01-02,EBIRD_ATL_NC,Traveling,45 sun wind,NEW_HOLLAND-CE,0,1.0,Yellow-rumped Warbler,,,
S209659886,S209659886,1,Hyde,139.0,4.246,G13707896,35.6808728,Pocosin Lakes NWR--Pungo Unit (Entrance Fields),P,-76.5965822,wintering,4,2025-01-02,EBIRD_ATL_NC,Traveling,,PUNGO_LAKE-CW,0,1,American Crow,,,
S209659886,S209659886,1,Hyde,139.0,4.246,G13707896,35.6808728,Pocosin Lakes NWR--Pungo Unit (Entrance Fields),P,-76.5965822,wintering,4,2025-01-02,EBIRD_ATL_NC,Traveling,,PUNGO_LAKE-CW,0,1,American Goldfinch,,,
S209659886,S209659886,1,Hyde,139.0,4.246,G13707896,35.6808728,Pocosin Lakes NWR--Pungo Unit (Entrance Fields),P,-76.5965822,wintering,4,2025-01-02,EBIRD_ATL_NC,Traveling,,PUNGO_LAKE-CW,0,1,American Robin,,,
S209659886,S209659886,1,Hyde,139.0,4.246,G13707896,35.6808728,Pocosin Lakes NWR--Pungo Unit (Entrance Fields),P,-76.5965822,wintering,4,2025-01-02,EBIRD_ATL_NC,Traveling,,PUNGO_LAKE-CW,0,1,Black Vulture,,,
S209659886,S209659886,1,Hyde,139.0,4.246,G13707896,35.6808728,Pocosin Lakes NWR--Pungo Unit (Entrance Fields),P,-76.5965822,wintering,4,2025-01-02,EBIRD_ATL_NC,Traveling,,PUNGO_LAKE-CW,0,1,Brown-headed Nuthatch,,,
S209659886,S209659886,1,Hyde,139.0,4.246,G13707896,35.6808728,Pocosin Lakes NWR--Pungo Unit (Entrance Fields),P,-76.5965822,wintering,4,2025-01-02,EBIRD_ATL_NC,Traveling,,PUNGO_LAKE-CW,0,1,Brown Thrasher,,,
S209659886,S209659886,1,Hyde,139.0,4.246,G13707896,35.6808728,Pocosin Lakes NWR--Pungo Unit (Entrance Fields),P,-76.5965822,wintering,4,2025-01-02,EBIRD_ATL_NC,Traveling,,PUNGO_LAKE-CW,0,1,Carolina Chickadee,,,
S209659886,S209659886,1,Hyde,139.0,4.246,G13707896,35.6808728,Pocosin Lakes NWR--Pungo Unit (Entrance Fields),P,-76.5965822,wintering,4,2025-01-02,EBIRD_ATL_NC,Traveling,,PUNGO_LAKE-CW,0,1,Carolina Wren,,,
S209659886,S209659886,1,Hyde,139.0,4.246,G13707896,35.6808728,Pocosin Lakes NWR--Pungo Unit (Entrance Fields),P,-76.5965822,wintering,4,2025-01-02,EBIRD_ATL_NC,Traveling,,PUNGO_LAKE-CW,0,1,Common Grackle,,,
S209659886,S209659886,1,Hyde,139.0,4.246,G13707896,35.6808728,Pocosin Lakes NWR--Pungo Unit (Entrance Fields),P,-76.5965822,wintering,4,2025-01-02,EBIRD_ATL_NC,Traveling,,PUNGO_LAKE-CW,0,1,Eastern Phoebe,,,
S209659886,S209659886,1,Hyde,139.0,4.246,G13707896,35.6808728,Pocosin Lakes NWR--Pungo Unit (Entrance Fields),P,-76.5965822,wintering,4,2025-01-02,EBIRD_ATL_NC,Traveling,,PUNGO_LAKE-CW,0,1,Eastern Towhee,,,
S209659886,S209659886,1,Hyde,139.0,4.246,G13707896,35.6808728,Pocosin Lakes NWR--Pungo Unit (Entrance Fields),P,-76.5965822,wintering,4,2025-01-02,EBIRD_ATL_NC,Traveling,,PUNGO_LAKE-CW,0,1,Golden-crowned Kinglet,,,
S209659886,S209659886,1,Hyde,139.0,4.246,G13707896,35.6808728,Pocosin Lakes NWR--Pungo Unit (Entrance Fields),P,-76.5965822,wintering,4,2025-01-02,EBIRD_ATL_NC,Traveling,,PUNGO_LAKE-CW,0,1,Great Blue Heron,,,
S209659886,S209659886,1,Hyde,139.0,4.246,G13707896,35.6808728,Pocosin Lakes NWR--Pungo Unit (Entrance Fields),P,-76.5965822,wintering,4,2025-01-02,EBIRD_ATL_NC,Traveling,,PUNGO_LAKE-CW,0,1,Gray Catbird,,,
S209659886,S209659886,1,Hyde,139.0,4.246,G13707896,35.6808728,Pocosin Lakes NWR--Pungo Unit (Entrance Fields),P,-76.5965822,wintering,4,2025-01-02,EBIRD_ATL_NC,Traveling,,PUNGO_LAKE-CW,0,1,Hermit Thrush,,,
S209659886,S209659886,1,Hyde,139.0,4.246,G13707896,35.6808728,Pocosin Lakes NWR--Pungo Unit (Entrance Fields),P,-76.5965822,wintering,4,2025-01-02,EBIRD_ATL_NC,Traveling,,PUNGO_LAKE-CW,0,1,Northern House Wren,,,
S209659886,S209659886,1,Hyde,139.0,4.246,G13707896,35.6808728,Pocosin Lakes NWR--Pungo Unit (Entrance Fields),P,-76.5965822,wintering,4,2025-01-02,EBIRD_ATL_NC,Traveling,,PUNGO_LAKE-CW,0,1,Northern Cardinal,,,
S209659886,S209659886,1,Hyde,139.0,4.246,G13707896,35.6808728,Pocosin Lakes NWR--Pungo Unit (Entrance Fields),P,-76.5965822,wintering,4,2025-01-02,EBIRD_ATL_NC,Traveling,,PUNGO_LAKE-CW,0,1,Northern Flicker,,,
S209659886,S209659886,1,Hyde,139.0,4.246,G13707896,35.6808728,Pocosin Lakes NWR--Pungo Unit (Entrance Fields),P,-76.5965822,wintering,4,2025-01-02,EBIRD_ATL_NC,Traveling,,PUNGO_LAKE-CW,0,1,Northern Harrier,,,
S209659886,S209659886,1,Hyde,139.0,4.246,G13707896,35.6808728,Pocosin Lakes NWR--Pungo Unit (Entrance Fields),P,-76.5965822,wintering,4,2025-01-02,EBIRD_ATL_NC,Traveling,,PUNGO_LAKE-CW,0,1,Northern Mockingbird,,,
S209659886,S209659886,1,Hyde,139.0,4.246,G13707896,35.6808728,Pocosin Lakes NWR--Pungo Unit (Entrance Fields),P,-76.5965822,wintering,4,2025-01-02,EBIRD_ATL_NC,Traveling,,PUNGO_LAKE-CW,0,1,Pine Warbler,,,
S209659886,S209659886,1,Hyde,139.0,4.246,G13707896,35.6808728,Pocosin Lakes NWR--Pungo Unit (Entrance Fields),P,-76.5965822,wintering,4,2025-01-02,EBIRD_ATL_NC,Traveling,,PUNGO_LAKE-CW,0,1,Red-bellied Woodpecker,,,
S209659886,S209659886,1,Hyde,139.0,4.246,G13707896,35.6808728,Pocosin Lakes NWR--Pungo Unit (Entrance Fields),P,-76.5965822,wintering,4,2025-01-02,EBIRD_ATL_NC,Traveling,,PUNGO_LAKE-CW,0,1,Red-tailed Hawk,,,
S209659886,S209659886,1,Hyde,139.0,4.246,G13707896,35.6808728,Pocosin Lakes NWR--Pungo Unit (Entrance Fields),P,-76.5965822,wintering,4,2025-01-02,EBIRD_ATL_NC,Traveling,,PUNGO_LAKE-CW,0,1,Red-winged Blackbird,,,Estimated number.
S209659886,S209659886,1,Hyde,139.0,4.246,G13707896,35.6808728,Pocosin Lakes NWR--Pungo Unit (Entrance Fields),P,-76.5965822,wintering,4,2025-01-02,EBIRD_ATL_NC,Traveling,,PUNGO_LAKE-CW,0,1,Ruby-crowned Kinglet,,,
S209659886,S209659886,1,Hyde,139.0,4.246,G13707896,35.6808728,Pocosin Lakes NWR--Pungo Unit (Entrance Fields),P,-76.5965822,wintering,4,2025-01-02,EBIRD_ATL_NC,Traveling,,PUNGO_LAKE-CW,0,1,Rusty Blackbird,,,Estimated number.
S209659886,S209659886,1,Hyde,139.0,4.246,G13707896,35.6808728,Pocosin Lakes NWR--Pungo Unit (Entrance Fields),P,-76.5965822,wintering,4,2025-01-02,EBIRD_ATL_NC,Traveling,,PUNGO_LAKE-CW,0,1,Song Sparrow,,,
S209659886,S209659886,1,Hyde,139.0,4.246,G13707896,35.6808728,Pocosin Lakes NWR--Pungo Unit (Entrance Fields),P,-76.5965822,wintering,4,2025-01-02,EBIRD_ATL_NC,Traveling,,PUNGO_LAKE-CW,0,1,Swamp Sparrow,,,
S209659886,S209659886,1,Hyde,139.0,4.246,G13707896,35.6808728,Pocosin Lakes NWR--Pungo Unit (Entrance Fields),P,-76.5965822,wintering,4,2025-01-02,EBIRD_ATL_NC,Traveling,,PUNGO_LAKE-CW,0,1,Tree Swallow,,,
S209659886,S209659886,1,Hyde,139.0,4.246,G13707896,35.6808728,Pocosin Lakes NWR--Pungo Unit (Entrance Fields),P,-76.5965822,wintering,4,2025-01-02,EBIRD_ATL_NC,Traveling,,PUNGO_LAKE-CW,0,1,Tufted Titmouse,,,
S209659886,S209659886,1,Hyde,139.0,4.246,G13707896,35.6808728,Pocosin Lakes NWR--Pungo Unit (Entrance Fields),P,-76.5965822,wintering,4,2025-01-02,EBIRD_ATL_NC,Traveling,,PUNGO_LAKE-CW,0,1,Tundra Swan,,,Estimated number.
S209659886,S209659886,1,Hyde,139.0,4.246,G13707896,35.6808728,Pocosin Lakes NWR--Pungo Unit (Entrance Fields),P,-76.5965822,wintering,4,2025-01-02,EBIRD_ATL_NC,Traveling,,PUNGO_LAKE-CW,0,1,Turkey Vulture,,,Estimated number.
S209659886,S209659886,1,Hyde,139.0,4.246,G13707896,35.6808728,Pocosin Lakes NWR--Pungo Unit (Entrance Fields),P,-76.5965822,wintering,4,2025-01-02,EBIRD_ATL_NC,Traveling,,PUNGO_LAKE-CW,0,1,White-throated Sparrow,,,
S209659886,S209659886,1,Hyde,139.0,4.246,G13707896,35.6808728,Pocosin Lakes NWR--Pungo Unit (Entrance Fields),P,-76.5965822,wintering,4,2025-01-02,EBIRD_ATL_NC,Traveling,,PUNGO_LAKE-CW,0,1,Yellow-bellied Sapsucker,,,
S209659886,S209659886,1,Hyde,139.0,4.246,G13707896,35.6808728,Pocosin Lakes NWR--Pungo Unit (Entrance Fields),P,-76.5965822,wintering,4,2025-01-02,EBIRD_ATL_NC,Traveling,,PUNGO_LAKE-CW,0,1,Yellow-rumped Warbler,,,Estimated number.
S207748123,S207748123,0,Lee,0,0,,35.575298,"Jefferson Davis Hwy, Sanford US-NC 35.57530, -79.13848",P,-79.138485,wintering,1,2025-01-02,EBIRD_ATL_NC,Incidental,,COLON-CE,0,1.0,American Crow,,,
S207748123,S207748123,0,Lee,0,0,,35.575298,"Jefferson Davis Hwy, Sanford US-NC 35.57530, -79.13848",P,-79.138485,wintering,1,2025-01-02,EBIRD_ATL_NC,Incidental,,COLON-CE,0,1.0,Black Vulture,,,
S207788959,S207788959,1,Lenoir,5.0,0,,35.387489,"Hookerton SE, 5323 Gilbert School Rd, Grifton US-NC 35.38749, -77.50295",P,-77.502954,wintering,1,2025-01-02,EBIRD_ATL_NC,Stationary,36F-9 mph NW winds-0% cloud cover,HOOKERTON-SE,1,1.0,American Crow,,,
S207788959,S207788959,1,Lenoir,5.0,0,,35.387489,"Hookerton SE, 5323 Gilbert School Rd, Grifton US-NC 35.38749, -77.50295",P,-77.502954,wintering,1,2025-01-02,EBIRD_ATL_NC,Stationary,36F-9 mph NW winds-0% cloud cover,HOOKERTON-SE,1,1.0,American Pipit,,,
S207788959,S207788959,1,Lenoir,5.0,0,,35.387489,"Hookerton SE, 5323 Gilbert School Rd, Grifton US-NC 35.38749, -77.50295",P,-77.502954,wintering,1,2025-01-02,EBIRD_ATL_NC,Stationary,36F-9 mph NW winds-0% cloud cover,HOOKERTON-SE,1,1.0,Blue Jay,,,
S207788959,S207788959,1,Lenoir,5.0,0,,35.387489,"Hookerton SE, 5323 Gilbert School Rd, Grifton US-NC 35.38749, -77.50295",P,-77.502954,wintering,1,2025-01-02,EBIRD_ATL_NC,Stationary,36F-9 mph NW winds-0% cloud cover,HOOKERTON-SE,1,1.0,House Sparrow,,,
S207788959,S207788959,1,Lenoir,5.0,0,,35.387489,"Hookerton SE, 5323 Gilbert School Rd, Grifton US-NC 35.38749, -77.50295",P,-77.502954,wintering,1,2025-01-02,EBIRD_ATL_NC,Stationary,36F-9 mph NW winds-0% cloud cover,HOOKERTON-SE,1,1.0,Loggerhead Shrike,,,
S207788959,S207788959,1,Lenoir,5.0,0,,35.387489,"Hookerton SE, 5323 Gilbert School Rd, Grifton US-NC 35.38749, -77.50295",P,-77.502954,wintering,1,2025-01-02,EBIRD_ATL_NC,Stationary,36F-9 mph NW winds-0% cloud cover,HOOKERTON-SE,1,1.0,Red-tailed Hawk,,,
S207789078,S207789078,1,Lenoir,20.0,0,,35.409196,"Hookerton SE, 4052 Hugo Rd, Grifton US-NC (35.4092,-77.5024)",P,-77.502375,wintering,1,2025-01-02,EBIRD_ATL_NC,Stationary,41F-15% cloud cover -11 mph NW winds,HOOKERTON-SE,1,1.0,American Crow,,,
S207789078,S207789078,1,Lenoir,20.0,0,,35.409196,"Hookerton SE, 4052 Hugo Rd, Grifton US-NC (35.4092,-77.5024)",P,-77.502375,wintering,1,2025-01-02,EBIRD_ATL_NC,Stationary,41F-15% cloud cover -11 mph NW winds,HOOKERTON-SE,1,1.0,Bufflehead,,,
S207789078,S207789078,1,Lenoir,20.0,0,,35.409196,"Hookerton SE, 4052 Hugo Rd, Grifton US-NC (35.4092,-77.5024)",P,-77.502375,wintering,1,2025-01-02,EBIRD_ATL_NC,Stationary,41F-15% cloud cover -11 mph NW winds,HOOKERTON-SE,1,1.0,European Starling,,,
S207789078,S207789078,1,Lenoir,20.0,0,,35.409196,"Hookerton SE, 4052 Hugo Rd, Grifton US-NC (35.4092,-77.5024)",P,-77.502375,wintering,1,2025-01-02,EBIRD_ATL_NC,Stationary,41F-15% cloud cover -11 mph NW winds,HOOKERTON-SE,1,1.0,Field Sparrow,,,
S207789078,S207789078,1,Lenoir,20.0,0,,35.409196,"Hookerton SE, 4052 Hugo Rd, Grifton US-NC (35.4092,-77.5024)",P,-77.502375,wintering,1,2025-01-02,EBIRD_ATL_NC,Stationary,41F-15% cloud cover -11 mph NW winds,HOOKERTON-SE,1,1.0,Great Blue Heron,,,
S207789078,S207789078,1,Lenoir,20.0,0,,35.409196,"Hookerton SE, 4052 Hugo Rd, Grifton US-NC (35.4092,-77.5024)",P,-77.502375,wintering,1,2025-01-02,EBIRD_ATL_NC,Stationary,41F-15% cloud cover -11 mph NW winds,HOOKERTON-SE,1,1.0,Hooded Merganser,,,
S207789078,S207789078,1,Lenoir,20.0,0,,35.409196,"Hookerton SE, 4052 Hugo Rd, Grifton US-NC (35.4092,-77.5024)",P,-77.502375,wintering,1,2025-01-02,EBIRD_ATL_NC,Stationary,41F-15% cloud cover -11 mph NW winds,HOOKERTON-SE,1,1.0,Mourning Dove,,,
S207789078,S207789078,1,Lenoir,20.0,0,,35.409196,"Hookerton SE, 4052 Hugo Rd, Grifton US-NC (35.4092,-77.5024)",P,-77.502375,wintering,1,2025-01-02,EBIRD_ATL_NC,Stationary,41F-15% cloud cover -11 mph NW winds,HOOKERTON-SE,1,1.0,Northern Cardinal,,,
S207789078,S207789078,1,Lenoir,20.0,0,,35.409196,"Hookerton SE, 4052 Hugo Rd, Grifton US-NC (35.4092,-77.5024)",P,-77.502375,wintering,1,2025-01-02,EBIRD_ATL_NC,Stationary,41F-15% cloud cover -11 mph NW winds,HOOKERTON-SE,1,1.0,Northern Mockingbird,,,
S207789078,S207789078,1,Lenoir,20.0,0,,35.409196,"Hookerton SE, 4052 Hugo Rd, Grifton US-NC (35.4092,-77.5024)",P,-77.502375,wintering,1,2025-01-02,EBIRD_ATL_NC,Stationary,41F-15% cloud cover -11 mph NW winds,HOOKERTON-SE,1,1.0,Ring-billed Gull,,,
S207789078,S207789078,1,Lenoir,20.0,0,,35.409196,"Hookerton SE, 4052 Hugo Rd, Grifton US-NC (35.4092,-77.5024)",P,-77.502375,wintering,1,2025-01-02,EBIRD_ATL_NC,Stationary,41F-15% cloud cover -11 mph NW winds,HOOKERTON-SE,1,1.0,Song Sparrow,,,
S207789078,S207789078,1,Lenoir,20.0,0,,35.409196,"Hookerton SE, 4052 Hugo Rd, Grifton US-NC (35.4092,-77.5024)",P,-77.502375,wintering,1,2025-01-02,EBIRD_ATL_NC,Stationary,41F-15% cloud cover -11 mph NW winds,HOOKERTON-SE,1,1.0,Turkey Vulture,,,
S207789078,S207789078,1,Lenoir,20.0,0,,35.409196,"Hookerton SE, 4052 Hugo Rd, Grifton US-NC (35.4092,-77.5024)",P,-77.502375,wintering,1,2025-01-02,EBIRD_ATL_NC,Stationary,41F-15% cloud cover -11 mph NW winds,HOOKERTON-SE,1,1.0,Yellow-rumped Warbler,,,
S207789158,S207789158,1,Lenoir,30.0,0.612,,35.405859,"Hookerton SE, 5542–5566 Hugo Church Rd, Hookerton US-NC (35.4059,-77.5236)",P,-77.523598,wintering,1,2025-01-02,EBIRD_ATL_NC,Traveling,41F-15% cloud cover -12 mph NW winds,HOOKERTON-SE,1,1,American Crow,,,
S207789158,S207789158,1,Lenoir,30.0,0.612,,35.405859,"Hookerton SE, 5542–5566 Hugo Church Rd, Hookerton US-NC (35.4059,-77.5236)",P,-77.523598,wintering,1,2025-01-02,EBIRD_ATL_NC,Traveling,41F-15% cloud cover -12 mph NW winds,HOOKERTON-SE,1,1,American Goldfinch,,,
S207789158,S207789158,1,Lenoir,30.0,0.612,,35.405859,"Hookerton SE, 5542–5566 Hugo Church Rd, Hookerton US-NC (35.4059,-77.5236)",P,-77.523598,wintering,1,2025-01-02,EBIRD_ATL_NC,Traveling,41F-15% cloud cover -12 mph NW winds,HOOKERTON-SE,1,1,Carolina Chickadee,,,
S207789158,S207789158,1,Lenoir,30.0,0.612,,35.405859,"Hookerton SE, 5542–5566 Hugo Church Rd, Hookerton US-NC (35.4059,-77.5236)",P,-77.523598,wintering,1,2025-01-02,EBIRD_ATL_NC,Traveling,41F-15% cloud cover -12 mph NW winds,HOOKERTON-SE,1,1,Carolina Wren,,,
S207789158,S207789158,1,Lenoir,30.0,0.612,,35.405859,"Hookerton SE, 5542–5566 Hugo Church Rd, Hookerton US-NC (35.4059,-77.5236)",P,-77.523598,wintering,1,2025-01-02,EBIRD_ATL_NC,Traveling,41F-15% cloud cover -12 mph NW winds,HOOKERTON-SE,1,1,Chipping Sparrow,,,
S207789158,S207789158,1,Lenoir,30.0,0.612,,35.405859,"Hookerton SE, 5542–5566 Hugo Church Rd, Hookerton US-NC (35.4059,-77.5236)",P,-77.523598,wintering,1,2025-01-02,EBIRD_ATL_NC,Traveling,41F-15% cloud cover -12 mph NW winds,HOOKERTON-SE,1,1,Coopers Hawk,,,
S207789158,S207789158,1,Lenoir,30.0,0.612,,35.405859,"Hookerton SE, 5542–5566 Hugo Church Rd, Hookerton US-NC (35.4059,-77.5236)",P,-77.523598,wintering,1,2025-01-02,EBIRD_ATL_NC,Traveling,41F-15% cloud cover -12 mph NW winds,HOOKERTON-SE,1,1,Downy Woodpecker,,,
S207789158,S207789158,1,Lenoir,30.0,0.612,,35.405859,"Hookerton SE, 5542–5566 Hugo Church Rd, Hookerton US-NC (35.4059,-77.5236)",P,-77.523598,wintering,1,2025-01-02,EBIRD_ATL_NC,Traveling,41F-15% cloud cover -12 mph NW winds,HOOKERTON-SE,1,1,Eastern Bluebird,,,
S207789158,S207789158,1,Lenoir,30.0,0.612,,35.405859,"Hookerton SE, 5542–5566 Hugo Church Rd, Hookerton US-NC (35.4059,-77.5236)",P,-77.523598,wintering,1,2025-01-02,EBIRD_ATL_NC,Traveling,41F-15% cloud cover -12 mph NW winds,HOOKERTON-SE,1,1,Eastern Phoebe,,,
S207789158,S207789158,1,Lenoir,30.0,0.612,,35.405859,"Hookerton SE, 5542–5566 Hugo Church Rd, Hookerton US-NC (35.4059,-77.5236)",P,-77.523598,wintering,1,2025-01-02,EBIRD_ATL_NC,Traveling,41F-15% cloud cover -12 mph NW winds,HOOKERTON-SE,1,1,Eastern Towhee,,,
S207789158,S207789158,1,Lenoir,30.0,0.612,,35.405859,"Hookerton SE, 5542–5566 Hugo Church Rd, Hookerton US-NC (35.4059,-77.5236)",P,-77.523598,wintering,1,2025-01-02,EBIRD_ATL_NC,Traveling,41F-15% cloud cover -12 mph NW winds,HOOKERTON-SE,1,1,Loggerhead Shrike,,,
S207789158,S207789158,1,Lenoir,30.0,0.612,,35.405859,"Hookerton SE, 5542–5566 Hugo Church Rd, Hookerton US-NC (35.4059,-77.5236)",P,-77.523598,wintering,1,2025-01-02,EBIRD_ATL_NC,Traveling,41F-15% cloud cover -12 mph NW winds,HOOKERTON-SE,1,1,Mourning Dove,,,
S207789158,S207789158,1,Lenoir,30.0,0.612,,35.405859,"Hookerton SE, 5542–5566 Hugo Church Rd, Hookerton US-NC (35.4059,-77.5236)",P,-77.523598,wintering,1,2025-01-02,EBIRD_ATL_NC,Traveling,41F-15% cloud cover -12 mph NW winds,HOOKERTON-SE,1,1,Northern Cardinal,,,
S207789158,S207789158,1,Lenoir,30.0,0.612,,35.405859,"Hookerton SE, 5542–5566 Hugo Church Rd, Hookerton US-NC (35.4059,-77.5236)",P,-77.523598,wintering,1,2025-01-02,EBIRD_ATL_NC,Traveling,41F-15% cloud cover -12 mph NW winds,HOOKERTON-SE,1,1,Northern Flicker,,,
S207789158,S207789158,1,Lenoir,30.0,0.612,,35.405859,"Hookerton SE, 5542–5566 Hugo Church Rd, Hookerton US-NC (35.4059,-77.5236)",P,-77.523598,wintering,1,2025-01-02,EBIRD_ATL_NC,Traveling,41F-15% cloud cover -12 mph NW winds,HOOKERTON-SE,1,1,Pine Warbler,,,
S207789158,S207789158,1,Lenoir,30.0,0.612,,35.405859,"Hookerton SE, 5542–5566 Hugo Church Rd, Hookerton US-NC (35.4059,-77.5236)",P,-77.523598,wintering,1,2025-01-02,EBIRD_ATL_NC,Traveling,41F-15% cloud cover -12 mph NW winds,HOOKERTON-SE,1,1,Red-bellied Woodpecker,,,
S207789158,S207789158,1,Lenoir,30.0,0.612,,35.405859,"Hookerton SE, 5542–5566 Hugo Church Rd, Hookerton US-NC (35.4059,-77.5236)",P,-77.523598,wintering,1,2025-01-02,EBIRD_ATL_NC,Traveling,41F-15% cloud cover -12 mph NW winds,HOOKERTON-SE,1,1,Red-tailed Hawk,,,
S207789158,S207789158,1,Lenoir,30.0,0.612,,35.405859,"Hookerton SE, 5542–5566 Hugo Church Rd, Hookerton US-NC (35.4059,-77.5236)",P,-77.523598,wintering,1,2025-01-02,EBIRD_ATL_NC,Traveling,41F-15% cloud cover -12 mph NW winds,HOOKERTON-SE,1,1,Ruby-crowned Kinglet,,,
S207789158,S207789158,1,Lenoir,30.0,0.612,,35.405859,"Hookerton SE, 5542–5566 Hugo Church Rd, Hookerton US-NC (35.4059,-77.5236)",P,-77.523598,wintering,1,2025-01-02,EBIRD_ATL_NC,Traveling,41F-15% cloud cover -12 mph NW winds,HOOKERTON-SE,1,1,Song Sparrow,,,
S207789158,S207789158,1,Lenoir,30.0,0.612,,35.405859,"Hookerton SE, 5542–5566 Hugo Church Rd, Hookerton US-NC (35.4059,-77.5236)",P,-77.523598,wintering,1,2025-01-02,EBIRD_ATL_NC,Traveling,41F-15% cloud cover -12 mph NW winds,HOOKERTON-SE,1,1,Tufted Titmouse,,,
S207789158,S207789158,1,Lenoir,30.0,0.612,,35.405859,"Hookerton SE, 5542–5566 Hugo Church Rd, Hookerton US-NC (35.4059,-77.5236)",P,-77.523598,wintering,1,2025-01-02,EBIRD_ATL_NC,Traveling,41F-15% cloud cover -12 mph NW winds,HOOKERTON-SE,1,1,Turkey Vulture,,,
S207789158,S207789158,1,Lenoir,30.0,0.612,,35.405859,"Hookerton SE, 5542–5566 Hugo Church Rd, Hookerton US-NC (35.4059,-77.5236)",P,-77.523598,wintering,1,2025-01-02,EBIRD_ATL_NC,Traveling,41F-15% cloud cover -12 mph NW winds,HOOKERTON-SE,1,1,Yellow-rumped Warbler,,,
S207802714,S207802714,1,McDowell,6.0,0,G13701843,35.558652,CBC Gateway Mountain Entrance,P,-82.185618,wintering,4,2025-01-02,EBIRD_ATL_NC,Stationary,,MOFFITT_HILL-CE,0,1.0,American Crow,,,
S207802714,S207802714,1,McDowell,6.0,0,G13701843,35.558652,CBC Gateway Mountain Entrance,P,-82.185618,wintering,4,2025-01-02,EBIRD_ATL_NC,Stationary,,MOFFITT_HILL-CE,0,1.0,Carolina Wren,,,
S207802714,S207802714,1,McDowell,6.0,0,G13701843,35.558652,CBC Gateway Mountain Entrance,P,-82.185618,wintering,4,2025-01-02,EBIRD_ATL_NC,Stationary,,MOFFITT_HILL-CE,0,1.0,Northern Cardinal,,,
S207745498,S207745498,1,McDowell,17.0,0.175,G13701836,35.566008,"512 Davis Town Church Road, Old Fort, North Carolina, US (35.566, -82.161)",P,-82.160799,wintering,4,2025-01-02,EBIRD_ATL_NC,Traveling,,MOFFITT_HILL-CE,0,1,American Crow,,,
S207745498,S207745498,1,McDowell,17.0,0.175,G13701836,35.566008,"512 Davis Town Church Road, Old Fort, North Carolina, US (35.566, -82.161)",P,-82.160799,wintering,4,2025-01-02,EBIRD_ATL_NC,Traveling,,MOFFITT_HILL-CE,0,1,Carolina Chickadee,,,
S207745498,S207745498,1,McDowell,17.0,0.175,G13701836,35.566008,"512 Davis Town Church Road, Old Fort, North Carolina, US (35.566, -82.161)",P,-82.160799,wintering,4,2025-01-02,EBIRD_ATL_NC,Traveling,,MOFFITT_HILL-CE,0,1,Eastern Phoebe,,,
S207745498,S207745498,1,McDowell,17.0,0.175,G13701836,35.566008,"512 Davis Town Church Road, Old Fort, North Carolina, US (35.566, -82.161)",P,-82.160799,wintering,4,2025-01-02,EBIRD_ATL_NC,Traveling,,MOFFITT_HILL-CE,0,1,Northern Cardinal,,,
S207745498,S207745498,1,McDowell,17.0,0.175,G13701836,35.566008,"512 Davis Town Church Road, Old Fort, North Carolina, US (35.566, -82.161)",P,-82.160799,wintering,4,2025-01-02,EBIRD_ATL_NC,Traveling,,MOFFITT_HILL-CE,0,1,Red-bellied Woodpecker,,,
S207745498,S207745498,1,McDowell,17.0,0.175,G13701836,35.566008,"512 Davis Town Church Road, Old Fort, North Carolina, US (35.566, -82.161)",P,-82.160799,wintering,4,2025-01-02,EBIRD_ATL_NC,Traveling,,MOFFITT_HILL-CE,0,1,Red-shouldered Hawk,,,
S207745498,S207745498,1,McDowell,17.0,0.175,G13701836,35.566008,"512 Davis Town Church Road, Old Fort, North Carolina, US (35.566, -82.161)",P,-82.160799,wintering,4,2025-01-02,EBIRD_ATL_NC,Traveling,,MOFFITT_HILL-CE,0,1,White-breasted Nuthatch,,,
S207729018,S207729018,1,McDowell,39.0,3.814,G13701834,35.55616,CBC Gateway Mountain Drive,P,-82.161979,wintering,4,2025-01-02,EBIRD_ATL_NC,Traveling,,MOFFITT_HILL-CE,0,1.0,American Crow,,,
S207729018,S207729018,1,McDowell,39.0,3.814,G13701834,35.55616,CBC Gateway Mountain Drive,P,-82.161979,wintering,4,2025-01-02,EBIRD_ATL_NC,Traveling,,MOFFITT_HILL-CE,0,1.0,Blue Jay,,,
S207729018,S207729018,1,McDowell,39.0,3.814,G13701834,35.55616,CBC Gateway Mountain Drive,P,-82.161979,wintering,4,2025-01-02,EBIRD_ATL_NC,Traveling,,MOFFITT_HILL-CE,0,1.0,Carolina Chickadee,,,
S207729018,S207729018,1,McDowell,39.0,3.814,G13701834,35.55616,CBC Gateway Mountain Drive,P,-82.161979,wintering,4,2025-01-02,EBIRD_ATL_NC,Traveling,,MOFFITT_HILL-CE,0,1.0,Dark-eyed Junco,,,
S207729018,S207729018,1,McDowell,39.0,3.814,G13701834,35.55616,CBC Gateway Mountain Drive,P,-82.161979,wintering,4,2025-01-02,EBIRD_ATL_NC,Traveling,,MOFFITT_HILL-CE,0,1.0,Eastern Bluebird,,,
S207729018,S207729018,1,McDowell,39.0,3.814,G13701834,35.55616,CBC Gateway Mountain Drive,P,-82.161979,wintering,4,2025-01-02,EBIRD_ATL_NC,Traveling,,MOFFITT_HILL-CE,0,1.0,Mourning Dove,,,
S207729018,S207729018,1,McDowell,39.0,3.814,G13701834,35.55616,CBC Gateway Mountain Drive,P,-82.161979,wintering,4,2025-01-02,EBIRD_ATL_NC,Traveling,,MOFFITT_HILL-CE,0,1.0,Northern Cardinal,,,
S207729018,S207729018,1,McDowell,39.0,3.814,G13701834,35.55616,CBC Gateway Mountain Drive,P,-82.161979,wintering,4,2025-01-02,EBIRD_ATL_NC,Traveling,,MOFFITT_HILL-CE,0,1.0,Pileated Woodpecker,,,
S207729018,S207729018,1,McDowell,39.0,3.814,G13701834,35.55616,CBC Gateway Mountain Drive,P,-82.161979,wintering,4,2025-01-02,EBIRD_ATL_NC,Traveling,,MOFFITT_HILL-CE,0,1.0,Song Sparrow,,,
S207729018,S207729018,1,McDowell,39.0,3.814,G13701834,35.55616,CBC Gateway Mountain Drive,P,-82.161979,wintering,4,2025-01-02,EBIRD_ATL_NC,Traveling,,MOFFITT_HILL-CE,0,1.0,Tufted Titmouse,,,
S207729018,S207729018,1,McDowell,39.0,3.814,G13701834,35.55616,CBC Gateway Mountain Drive,P,-82.161979,wintering,4,2025-01-02,EBIRD_ATL_NC,Traveling,,MOFFITT_HILL-CE,0,1.0,White-throated Sparrow,,,
S207680949,S207680949,1,McDowell,6.0,0,G13701843,35.558652,CBC Gateway Mountain Entrance,P,-82.185618,wintering,4,2025-01-02,EBIRD_ATL_NC,Stationary,,MOFFITT_HILL-CE,0,1.0,American Crow,,,
S207680949,S207680949,1,McDowell,6.0,0,G13701843,35.558652,CBC Gateway Mountain Entrance,P,-82.185618,wintering,4,2025-01-02,EBIRD_ATL_NC,Stationary,,MOFFITT_HILL-CE,0,1.0,Carolina Wren,,,
S207680949,S207680949,1,McDowell,6.0,0,G13701843,35.558652,CBC Gateway Mountain Entrance,P,-82.185618,wintering,4,2025-01-02,EBIRD_ATL_NC,Stationary,,MOFFITT_HILL-CE,0,1.0,Northern Cardinal,,,
S207745381,S207745381,1,McDowell,39.0,3.814,G13701834,35.55616,CBC Gateway Mountain Drive,P,-82.161979,wintering,4,2025-01-02,EBIRD_ATL_NC,Traveling,,MOFFITT_HILL-CE,0,1.0,American Crow,,,
S207745381,S207745381,1,McDowell,39.0,3.814,G13701834,35.55616,CBC Gateway Mountain Drive,P,-82.161979,wintering,4,2025-01-02,EBIRD_ATL_NC,Traveling,,MOFFITT_HILL-CE,0,1.0,Blue Jay,,,
S207745381,S207745381,1,McDowell,39.0,3.814,G13701834,35.55616,CBC Gateway Mountain Drive,P,-82.161979,wintering,4,2025-01-02,EBIRD_ATL_NC,Traveling,,MOFFITT_HILL-CE,0,1.0,Carolina Chickadee,,,
S207745381,S207745381,1,McDowell,39.0,3.814,G13701834,35.55616,CBC Gateway Mountain Drive,P,-82.161979,wintering,4,2025-01-02,EBIRD_ATL_NC,Traveling,,MOFFITT_HILL-CE,0,1.0,Dark-eyed Junco,,,
S207745381,S207745381,1,McDowell,39.0,3.814,G13701834,35.55616,CBC Gateway Mountain Drive,P,-82.161979,wintering,4,2025-01-02,EBIRD_ATL_NC,Traveling,,MOFFITT_HILL-CE,0,1.0,Eastern Bluebird,,,
S207745381,S207745381,1,McDowell,39.0,3.814,G13701834,35.55616,CBC Gateway Mountain Drive,P,-82.161979,wintering,4,2025-01-02,EBIRD_ATL_NC,Traveling,,MOFFITT_HILL-CE,0,1.0,Mourning Dove,,,
S207745381,S207745381,1,McDowell,39.0,3.814,G13701834,35.55616,CBC Gateway Mountain Drive,P,-82.161979,wintering,4,2025-01-02,EBIRD_ATL_NC,Traveling,,MOFFITT_HILL-CE,0,1.0,Northern Cardinal,,,
S207745381,S207745381,1,McDowell,39.0,3.814,G13701834,35.55616,CBC Gateway Mountain Drive,P,-82.161979,wintering,4,2025-01-02,EBIRD_ATL_NC,Traveling,,MOFFITT_HILL-CE,0,1.0,Pileated Woodpecker,,,
S207745381,S207745381,1,McDowell,39.0,3.814,G13701834,35.55616,CBC Gateway Mountain Drive,P,-82.161979,wintering,4,2025-01-02,EBIRD_ATL_NC,Traveling,,MOFFITT_HILL-CE,0,1.0,Song Sparrow,,,
S207745381,S207745381,1,McDowell,39.0,3.814,G13701834,35.55616,CBC Gateway Mountain Drive,P,-82.161979,wintering,4,2025-01-02,EBIRD_ATL_NC,Traveling,,MOFFITT_HILL-CE,0,1.0,Tufted Titmouse,,,
S207745381,S207745381,1,McDowell,39.0,3.814,G13701834,35.55616,CBC Gateway Mountain Drive,P,-82.161979,wintering,4,2025-01-02,EBIRD_ATL_NC,Traveling,,MOFFITT_HILL-CE,0,1.0,White-throated Sparrow,,,
S207729008,S207729008,1,McDowell,31.0,0.837,G13701833,35.538065,CBC Gateway Mountain Pond,P,-82.160573,wintering,4,2025-01-02,EBIRD_ATL_NC,Traveling,,MOFFITT_HILL-SE,1,1.0,American Crow,,,
S207729008,S207729008,1,McDowell,31.0,0.837,G13701833,35.538065,CBC Gateway Mountain Pond,P,-82.160573,wintering,4,2025-01-02,EBIRD_ATL_NC,Traveling,,MOFFITT_HILL-SE,1,1.0,Carolina Chickadee,,,
S207729008,S207729008,1,McDowell,31.0,0.837,G13701833,35.538065,CBC Gateway Mountain Pond,P,-82.160573,wintering,4,2025-01-02,EBIRD_ATL_NC,Traveling,,MOFFITT_HILL-SE,1,1.0,Carolina Wren,,,
S207729008,S207729008,1,McDowell,31.0,0.837,G13701833,35.538065,CBC Gateway Mountain Pond,P,-82.160573,wintering,4,2025-01-02,EBIRD_ATL_NC,Traveling,,MOFFITT_HILL-SE,1,1.0,Golden-crowned Kinglet,,,
S207729008,S207729008,1,McDowell,31.0,0.837,G13701833,35.538065,CBC Gateway Mountain Pond,P,-82.160573,wintering,4,2025-01-02,EBIRD_ATL_NC,Traveling,,MOFFITT_HILL-SE,1,1.0,Hermit Thrush,,,
S207729008,S207729008,1,McDowell,31.0,0.837,G13701833,35.538065,CBC Gateway Mountain Pond,P,-82.160573,wintering,4,2025-01-02,EBIRD_ATL_NC,Traveling,,MOFFITT_HILL-SE,1,1.0,Hooded Merganser,,,
S207729008,S207729008,1,McDowell,31.0,0.837,G13701833,35.538065,CBC Gateway Mountain Pond,P,-82.160573,wintering,4,2025-01-02,EBIRD_ATL_NC,Traveling,,MOFFITT_HILL-SE,1,1.0,Mallard,,,
S207729008,S207729008,1,McDowell,31.0,0.837,G13701833,35.538065,CBC Gateway Mountain Pond,P,-82.160573,wintering,4,2025-01-02,EBIRD_ATL_NC,Traveling,,MOFFITT_HILL-SE,1,1.0,Pileated Woodpecker,,,
S207729008,S207729008,1,McDowell,31.0,0.837,G13701833,35.538065,CBC Gateway Mountain Pond,P,-82.160573,wintering,4,2025-01-02,EBIRD_ATL_NC,Traveling,,MOFFITT_HILL-SE,1,1.0,Red-shouldered Hawk,,,
S207729008,S207729008,1,McDowell,31.0,0.837,G13701833,35.538065,CBC Gateway Mountain Pond,P,-82.160573,wintering,4,2025-01-02,EBIRD_ATL_NC,Traveling,,MOFFITT_HILL-SE,1,1.0,Tufted Titmouse,,,
S207681951,S207681951,1,McDowell,28.0,0.145,G13701835,35.566088,CBC Davistown Church Thicket,P,-82.155429,wintering,4,2025-01-02,EBIRD_ATL_NC,Traveling,,MOFFITT_HILL-CE,0,1,American Crow,,,
S207681951,S207681951,1,McDowell,28.0,0.145,G13701835,35.566088,CBC Davistown Church Thicket,P,-82.155429,wintering,4,2025-01-02,EBIRD_ATL_NC,Traveling,,MOFFITT_HILL-CE,0,1,Carolina Wren,,,
S207681951,S207681951,1,McDowell,28.0,0.145,G13701835,35.566088,CBC Davistown Church Thicket,P,-82.155429,wintering,4,2025-01-02,EBIRD_ATL_NC,Traveling,,MOFFITT_HILL-CE,0,1,Dark-eyed Junco,,,
S207681951,S207681951,1,McDowell,28.0,0.145,G13701835,35.566088,CBC Davistown Church Thicket,P,-82.155429,wintering,4,2025-01-02,EBIRD_ATL_NC,Traveling,,MOFFITT_HILL-CE,0,1,Eastern Bluebird,,,
S207681951,S207681951,1,McDowell,28.0,0.145,G13701835,35.566088,CBC Davistown Church Thicket,P,-82.155429,wintering,4,2025-01-02,EBIRD_ATL_NC,Traveling,,MOFFITT_HILL-CE,0,1,Eastern Towhee,,,
S207681951,S207681951,1,McDowell,28.0,0.145,G13701835,35.566088,CBC Davistown Church Thicket,P,-82.155429,wintering,4,2025-01-02,EBIRD_ATL_NC,Traveling,,MOFFITT_HILL-CE,0,1,Northern Cardinal,,,
S207681951,S207681951,1,McDowell,28.0,0.145,G13701835,35.566088,CBC Davistown Church Thicket,P,-82.155429,wintering,4,2025-01-02,EBIRD_ATL_NC,Traveling,,MOFFITT_HILL-CE,0,1,Northern Mockingbird,,,
S207681951,S207681951,1,McDowell,28.0,0.145,G13701835,35.566088,CBC Davistown Church Thicket,P,-82.155429,wintering,4,2025-01-02,EBIRD_ATL_NC,Traveling,,MOFFITT_HILL-CE,0,1,Song Sparrow,,,
S207681951,S207681951,1,McDowell,28.0,0.145,G13701835,35.566088,CBC Davistown Church Thicket,P,-82.155429,wintering,4,2025-01-02,EBIRD_ATL_NC,Traveling,,MOFFITT_HILL-CE,0,1,Swamp Sparrow,,,
S207681951,S207681951,1,McDowell,28.0,0.145,G13701835,35.566088,CBC Davistown Church Thicket,P,-82.155429,wintering,4,2025-01-02,EBIRD_ATL_NC,Traveling,,MOFFITT_HILL-CE,0,1,White-breasted Nuthatch,,,
S207681951,S207681951,1,McDowell,28.0,0.145,G13701835,35.566088,CBC Davistown Church Thicket,P,-82.155429,wintering,4,2025-01-02,EBIRD_ATL_NC,Traveling,,MOFFITT_HILL-CE,0,1,White-throated Sparrow,,,
S207802793,S207802793,1,McDowell,28.0,0.145,G13701835,35.566088,CBC Davistown Church Thicket,P,-82.155429,wintering,4,2025-01-02,EBIRD_ATL_NC,Traveling,,MOFFITT_HILL-CE,0,1,American Crow,,,
S207802793,S207802793,1,McDowell,28.0,0.145,G13701835,35.566088,CBC Davistown Church Thicket,P,-82.155429,wintering,4,2025-01-02,EBIRD_ATL_NC,Traveling,,MOFFITT_HILL-CE,0,1,Carolina Wren,,,
S207802793,S207802793,1,McDowell,28.0,0.145,G13701835,35.566088,CBC Davistown Church Thicket,P,-82.155429,wintering,4,2025-01-02,EBIRD_ATL_NC,Traveling,,MOFFITT_HILL-CE,0,1,Dark-eyed Junco,,,
S207802793,S207802793,1,McDowell,28.0,0.145,G13701835,35.566088,CBC Davistown Church Thicket,P,-82.155429,wintering,4,2025-01-02,EBIRD_ATL_NC,Traveling,,MOFFITT_HILL-CE,0,1,Eastern Bluebird,,,
S207802793,S207802793,1,McDowell,28.0,0.145,G13701835,35.566088,CBC Davistown Church Thicket,P,-82.155429,wintering,4,2025-01-02,EBIRD_ATL_NC,Traveling,,MOFFITT_HILL-CE,0,1,Eastern Towhee,,,
S207802793,S207802793,1,McDowell,28.0,0.145,G13701835,35.566088,CBC Davistown Church Thicket,P,-82.155429,wintering,4,2025-01-02,EBIRD_ATL_NC,Traveling,,MOFFITT_HILL-CE,0,1,Northern Cardinal,,,
S207802793,S207802793,1,McDowell,28.0,0.145,G13701835,35.566088,CBC Davistown Church Thicket,P,-82.155429,wintering,4,2025-01-02,EBIRD_ATL_NC,Traveling,,MOFFITT_HILL-CE,0,1,Northern Mockingbird,,,
S207802793,S207802793,1,McDowell,28.0,0.145,G13701835,35.566088,CBC Davistown Church Thicket,P,-82.155429,wintering,4,2025-01-02,EBIRD_ATL_NC,Traveling,,MOFFITT_HILL-CE,0,1,Song Sparrow,,,
S207802793,S207802793,1,McDowell,28.0,0.145,G13701835,35.566088,CBC Davistown Church Thicket,P,-82.155429,wintering,4,2025-01-02,EBIRD_ATL_NC,Traveling,,MOFFITT_HILL-CE,0,1,Swamp Sparrow,,,
S207802793,S207802793,1,McDowell,28.0,0.145,G13701835,35.566088,CBC Davistown Church Thicket,P,-82.155429,wintering,4,2025-01-02,EBIRD_ATL_NC,Traveling,,MOFFITT_HILL-CE,0,1,White-breasted Nuthatch,,,
S207802793,S207802793,1,McDowell,28.0,0.145,G13701835,35.566088,CBC Davistown Church Thicket,P,-82.155429,wintering,4,2025-01-02,EBIRD_ATL_NC,Traveling,,MOFFITT_HILL-CE,0,1,White-throated Sparrow,,,
S207681031,S207681031,1,McDowell,14.0,0.37,G13701842,35.561943,CBC Bat cave Road,P,-82.182082,wintering,4,2025-01-02,EBIRD_ATL_NC,Traveling,,MOFFITT_HILL-CE,0,1.0,American Crow,,,
S207681031,S207681031,1,McDowell,14.0,0.37,G13701842,35.561943,CBC Bat cave Road,P,-82.182082,wintering,4,2025-01-02,EBIRD_ATL_NC,Traveling,,MOFFITT_HILL-CE,0,1.0,American Goldfinch,,,
S207681031,S207681031,1,McDowell,14.0,0.37,G13701842,35.561943,CBC Bat cave Road,P,-82.182082,wintering,4,2025-01-02,EBIRD_ATL_NC,Traveling,,MOFFITT_HILL-CE,0,1.0,American Robin,,,
S207681031,S207681031,1,McDowell,14.0,0.37,G13701842,35.561943,CBC Bat cave Road,P,-82.182082,wintering,4,2025-01-02,EBIRD_ATL_NC,Traveling,,MOFFITT_HILL-CE,0,1.0,Blue Jay,,,
S207681031,S207681031,1,McDowell,14.0,0.37,G13701842,35.561943,CBC Bat cave Road,P,-82.182082,wintering,4,2025-01-02,EBIRD_ATL_NC,Traveling,,MOFFITT_HILL-CE,0,1.0,Carolina Chickadee,,,
S207681031,S207681031,1,McDowell,14.0,0.37,G13701842,35.561943,CBC Bat cave Road,P,-82.182082,wintering,4,2025-01-02,EBIRD_ATL_NC,Traveling,,MOFFITT_HILL-CE,0,1.0,Carolina Wren,,,
S207681031,S207681031,1,McDowell,14.0,0.37,G13701842,35.561943,CBC Bat cave Road,P,-82.182082,wintering,4,2025-01-02,EBIRD_ATL_NC,Traveling,,MOFFITT_HILL-CE,0,1.0,Downy Woodpecker,,,
S207681031,S207681031,1,McDowell,14.0,0.37,G13701842,35.561943,CBC Bat cave Road,P,-82.182082,wintering,4,2025-01-02,EBIRD_ATL_NC,Traveling,,MOFFITT_HILL-CE,0,1.0,Eastern Bluebird,,,
S207681031,S207681031,1,McDowell,14.0,0.37,G13701842,35.561943,CBC Bat cave Road,P,-82.182082,wintering,4,2025-01-02,EBIRD_ATL_NC,Traveling,,MOFFITT_HILL-CE,0,1.0,Hooded Merganser,,,
S207681031,S207681031,1,McDowell,14.0,0.37,G13701842,35.561943,CBC Bat cave Road,P,-82.182082,wintering,4,2025-01-02,EBIRD_ATL_NC,Traveling,,MOFFITT_HILL-CE,0,1.0,Northern Cardinal,,,
S207681031,S207681031,1,McDowell,14.0,0.37,G13701842,35.561943,CBC Bat cave Road,P,-82.182082,wintering,4,2025-01-02,EBIRD_ATL_NC,Traveling,,MOFFITT_HILL-CE,0,1.0,Song Sparrow,,,
S207681031,S207681031,1,McDowell,14.0,0.37,G13701842,35.561943,CBC Bat cave Road,P,-82.182082,wintering,4,2025-01-02,EBIRD_ATL_NC,Traveling,,MOFFITT_HILL-CE,0,1.0,White-breasted Nuthatch,,,
S207740346,S207740346,1,McDowell,9.0,0.612,,35.5366286,"219 Haynes Road, Marion, North Carolina, US (35.537, -82.105)",P,-82.104647,wintering,1,2025-01-02,EBIRD_ATL_NC,Traveling,,SUGAR_HILL-SW,0,1.0,American Crow,,,
S207740346,S207740346,1,McDowell,9.0,0.612,,35.5366286,"219 Haynes Road, Marion, North Carolina, US (35.537, -82.105)",P,-82.104647,wintering,1,2025-01-02,EBIRD_ATL_NC,Traveling,,SUGAR_HILL-SW,0,1.0,Eastern Bluebird,,,
S207740346,S207740346,1,McDowell,9.0,0.612,,35.5366286,"219 Haynes Road, Marion, North Carolina, US (35.537, -82.105)",P,-82.104647,wintering,1,2025-01-02,EBIRD_ATL_NC,Traveling,,SUGAR_HILL-SW,0,1.0,Eastern Phoebe,,,
S207740346,S207740346,1,McDowell,9.0,0.612,,35.5366286,"219 Haynes Road, Marion, North Carolina, US (35.537, -82.105)",P,-82.104647,wintering,1,2025-01-02,EBIRD_ATL_NC,Traveling,,SUGAR_HILL-SW,0,1.0,Mallard,,,
S207740346,S207740346,1,McDowell,9.0,0.612,,35.5366286,"219 Haynes Road, Marion, North Carolina, US (35.537, -82.105)",P,-82.104647,wintering,1,2025-01-02,EBIRD_ATL_NC,Traveling,,SUGAR_HILL-SW,0,1.0,Mallard,,,
S207740346,S207740346,1,McDowell,9.0,0.612,,35.5366286,"219 Haynes Road, Marion, North Carolina, US (35.537, -82.105)",P,-82.104647,wintering,1,2025-01-02,EBIRD_ATL_NC,Traveling,,SUGAR_HILL-SW,0,1.0,Turkey Vulture,,,
S207745651,S207745651,1,McDowell,6.0,0,G13701843,35.558652,CBC Gateway Mountain Entrance,P,-82.185618,wintering,4,2025-01-02,EBIRD_ATL_NC,Stationary,,MOFFITT_HILL-CE,0,1.0,American Crow,,,
S207745651,S207745651,1,McDowell,6.0,0,G13701843,35.558652,CBC Gateway Mountain Entrance,P,-82.185618,wintering,4,2025-01-02,EBIRD_ATL_NC,Stationary,,MOFFITT_HILL-CE,0,1.0,Carolina Wren,,,
S207745651,S207745651,1,McDowell,6.0,0,G13701843,35.558652,CBC Gateway Mountain Entrance,P,-82.185618,wintering,4,2025-01-02,EBIRD_ATL_NC,Stationary,,MOFFITT_HILL-CE,0,1.0,Northern Cardinal,,,
S207681436,S207681436,1,McDowell,12.0,0.08,G13701839,35.5655743,CBC Bethlehem Rd,P,-82.1823706,wintering,4,2025-01-02,EBIRD_ATL_NC,Traveling,,MOFFITT_HILL-CE,0,1,American Crow,,,
S207681436,S207681436,1,McDowell,12.0,0.08,G13701839,35.5655743,CBC Bethlehem Rd,P,-82.1823706,wintering,4,2025-01-02,EBIRD_ATL_NC,Traveling,,MOFFITT_HILL-CE,0,1,American Goldfinch,,,
S207681436,S207681436,1,McDowell,12.0,0.08,G13701839,35.5655743,CBC Bethlehem Rd,P,-82.1823706,wintering,4,2025-01-02,EBIRD_ATL_NC,Traveling,,MOFFITT_HILL-CE,0,1,American Robin,,,
S207681436,S207681436,1,McDowell,12.0,0.08,G13701839,35.5655743,CBC Bethlehem Rd,P,-82.1823706,wintering,4,2025-01-02,EBIRD_ATL_NC,Traveling,,MOFFITT_HILL-CE,0,1,Carolina Chickadee,,,
S207681436,S207681436,1,McDowell,12.0,0.08,G13701839,35.5655743,CBC Bethlehem Rd,P,-82.1823706,wintering,4,2025-01-02,EBIRD_ATL_NC,Traveling,,MOFFITT_HILL-CE,0,1,Cedar Waxwing,,,
S207681436,S207681436,1,McDowell,12.0,0.08,G13701839,35.5655743,CBC Bethlehem Rd,P,-82.1823706,wintering,4,2025-01-02,EBIRD_ATL_NC,Traveling,,MOFFITT_HILL-CE,0,1,Dark-eyed Junco,,,
S207681436,S207681436,1,McDowell,12.0,0.08,G13701839,35.5655743,CBC Bethlehem Rd,P,-82.1823706,wintering,4,2025-01-02,EBIRD_ATL_NC,Traveling,,MOFFITT_HILL-CE,0,1,Eastern Towhee,,,
S207681436,S207681436,1,McDowell,12.0,0.08,G13701839,35.5655743,CBC Bethlehem Rd,P,-82.1823706,wintering,4,2025-01-02,EBIRD_ATL_NC,Traveling,,MOFFITT_HILL-CE,0,1,Northern Cardinal,,,
S207681436,S207681436,1,McDowell,12.0,0.08,G13701839,35.5655743,CBC Bethlehem Rd,P,-82.1823706,wintering,4,2025-01-02,EBIRD_ATL_NC,Traveling,,MOFFITT_HILL-CE,0,1,Northern Flicker,,,
S207681436,S207681436,1,McDowell,12.0,0.08,G13701839,35.5655743,CBC Bethlehem Rd,P,-82.1823706,wintering,4,2025-01-02,EBIRD_ATL_NC,Traveling,,MOFFITT_HILL-CE,0,1,Northern Mockingbird,,,
S207681436,S207681436,1,McDowell,12.0,0.08,G13701839,35.5655743,CBC Bethlehem Rd,P,-82.1823706,wintering,4,2025-01-02,EBIRD_ATL_NC,Traveling,,MOFFITT_HILL-CE,0,1,Tufted Titmouse,,,
S207681436,S207681436,1,McDowell,12.0,0.08,G13701839,35.5655743,CBC Bethlehem Rd,P,-82.1823706,wintering,4,2025-01-02,EBIRD_ATL_NC,Traveling,,MOFFITT_HILL-CE,0,1,White-breasted Nuthatch,,,
S207802906,S207802906,1,McDowell,14.0,0.37,G13701842,35.561943,CBC Bat cave Road,P,-82.182082,wintering,4,2025-01-02,EBIRD_ATL_NC,Traveling,,MOFFITT_HILL-CE,0,1.0,American Crow,,,
S207802906,S207802906,1,McDowell,14.0,0.37,G13701842,35.561943,CBC Bat cave Road,P,-82.182082,wintering,4,2025-01-02,EBIRD_ATL_NC,Traveling,,MOFFITT_HILL-CE,0,1.0,American Goldfinch,,,
S207802906,S207802906,1,McDowell,14.0,0.37,G13701842,35.561943,CBC Bat cave Road,P,-82.182082,wintering,4,2025-01-02,EBIRD_ATL_NC,Traveling,,MOFFITT_HILL-CE,0,1.0,American Robin,,,
S207802906,S207802906,1,McDowell,14.0,0.37,G13701842,35.561943,CBC Bat cave Road,P,-82.182082,wintering,4,2025-01-02,EBIRD_ATL_NC,Traveling,,MOFFITT_HILL-CE,0,1.0,Blue Jay,,,
S207802906,S207802906,1,McDowell,14.0,0.37,G13701842,35.561943,CBC Bat cave Road,P,-82.182082,wintering,4,2025-01-02,EBIRD_ATL_NC,Traveling,,MOFFITT_HILL-CE,0,1.0,Carolina Chickadee,,,
S207802906,S207802906,1,McDowell,14.0,0.37,G13701842,35.561943,CBC Bat cave Road,P,-82.182082,wintering,4,2025-01-02,EBIRD_ATL_NC,Traveling,,MOFFITT_HILL-CE,0,1.0,Carolina Wren,,,
S207802906,S207802906,1,McDowell,14.0,0.37,G13701842,35.561943,CBC Bat cave Road,P,-82.182082,wintering,4,2025-01-02,EBIRD_ATL_NC,Traveling,,MOFFITT_HILL-CE,0,1.0,Downy Woodpecker,,,
S207802906,S207802906,1,McDowell,14.0,0.37,G13701842,35.561943,CBC Bat cave Road,P,-82.182082,wintering,4,2025-01-02,EBIRD_ATL_NC,Traveling,,MOFFITT_HILL-CE,0,1.0,Eastern Bluebird,,,
S207802906,S207802906,1,McDowell,14.0,0.37,G13701842,35.561943,CBC Bat cave Road,P,-82.182082,wintering,4,2025-01-02,EBIRD_ATL_NC,Traveling,,MOFFITT_HILL-CE,0,1.0,Hooded Merganser,,,
S207802906,S207802906,1,McDowell,14.0,0.37,G13701842,35.561943,CBC Bat cave Road,P,-82.182082,wintering,4,2025-01-02,EBIRD_ATL_NC,Traveling,,MOFFITT_HILL-CE,0,1.0,Northern Cardinal,,,
S207802906,S207802906,1,McDowell,14.0,0.37,G13701842,35.561943,CBC Bat cave Road,P,-82.182082,wintering,4,2025-01-02,EBIRD_ATL_NC,Traveling,,MOFFITT_HILL-CE,0,1.0,Song Sparrow,,,
S207802906,S207802906,1,McDowell,14.0,0.37,G13701842,35.561943,CBC Bat cave Road,P,-82.182082,wintering,4,2025-01-02,EBIRD_ATL_NC,Traveling,,MOFFITT_HILL-CE,0,1.0,White-breasted Nuthatch,,,
S207745118,S207745118,1,McDowell,31.0,0.837,G13701833,35.538065,CBC Gateway Mountain Pond,P,-82.160573,wintering,4,2025-01-02,EBIRD_ATL_NC,Traveling,,MOFFITT_HILL-SE,1,1.0,American Crow,,,
S207745118,S207745118,1,McDowell,31.0,0.837,G13701833,35.538065,CBC Gateway Mountain Pond,P,-82.160573,wintering,4,2025-01-02,EBIRD_ATL_NC,Traveling,,MOFFITT_HILL-SE,1,1.0,Carolina Chickadee,,,
S207745118,S207745118,1,McDowell,31.0,0.837,G13701833,35.538065,CBC Gateway Mountain Pond,P,-82.160573,wintering,4,2025-01-02,EBIRD_ATL_NC,Traveling,,MOFFITT_HILL-SE,1,1.0,Carolina Wren,,,
S207745118,S207745118,1,McDowell,31.0,0.837,G13701833,35.538065,CBC Gateway Mountain Pond,P,-82.160573,wintering,4,2025-01-02,EBIRD_ATL_NC,Traveling,,MOFFITT_HILL-SE,1,1.0,Golden-crowned Kinglet,,,
S207745118,S207745118,1,McDowell,31.0,0.837,G13701833,35.538065,CBC Gateway Mountain Pond,P,-82.160573,wintering,4,2025-01-02,EBIRD_ATL_NC,Traveling,,MOFFITT_HILL-SE,1,1.0,Hermit Thrush,,,
S207745118,S207745118,1,McDowell,31.0,0.837,G13701833,35.538065,CBC Gateway Mountain Pond,P,-82.160573,wintering,4,2025-01-02,EBIRD_ATL_NC,Traveling,,MOFFITT_HILL-SE,1,1.0,Hooded Merganser,,,
S207745118,S207745118,1,McDowell,31.0,0.837,G13701833,35.538065,CBC Gateway Mountain Pond,P,-82.160573,wintering,4,2025-01-02,EBIRD_ATL_NC,Traveling,,MOFFITT_HILL-SE,1,1.0,Mallard,,,
S207745118,S207745118,1,McDowell,31.0,0.837,G13701833,35.538065,CBC Gateway Mountain Pond,P,-82.160573,wintering,4,2025-01-02,EBIRD_ATL_NC,Traveling,,MOFFITT_HILL-SE,1,1.0,Pileated Woodpecker,,,
S207745118,S207745118,1,McDowell,31.0,0.837,G13701833,35.538065,CBC Gateway Mountain Pond,P,-82.160573,wintering,4,2025-01-02,EBIRD_ATL_NC,Traveling,,MOFFITT_HILL-SE,1,1.0,Red-shouldered Hawk,,,
S207745118,S207745118,1,McDowell,31.0,0.837,G13701833,35.538065,CBC Gateway Mountain Pond,P,-82.160573,wintering,4,2025-01-02,EBIRD_ATL_NC,Traveling,,MOFFITT_HILL-SE,1,1.0,Tufted Titmouse,,,
S207802867,S207802867,1,McDowell,12.0,0.08,G13701839,35.5655743,CBC Bethlehem Rd,P,-82.1823706,wintering,4,2025-01-02,EBIRD_ATL_NC,Traveling,,MOFFITT_HILL-CE,0,1,American Crow,,,
S207802867,S207802867,1,McDowell,12.0,0.08,G13701839,35.5655743,CBC Bethlehem Rd,P,-82.1823706,wintering,4,2025-01-02,EBIRD_ATL_NC,Traveling,,MOFFITT_HILL-CE,0,1,American Goldfinch,,,
S207802867,S207802867,1,McDowell,12.0,0.08,G13701839,35.5655743,CBC Bethlehem Rd,P,-82.1823706,wintering,4,2025-01-02,EBIRD_ATL_NC,Traveling,,MOFFITT_HILL-CE,0,1,American Robin,,,
S207802867,S207802867,1,McDowell,12.0,0.08,G13701839,35.5655743,CBC Bethlehem Rd,P,-82.1823706,wintering,4,2025-01-02,EBIRD_ATL_NC,Traveling,,MOFFITT_HILL-CE,0,1,Carolina Chickadee,,,
S207802867,S207802867,1,McDowell,12.0,0.08,G13701839,35.5655743,CBC Bethlehem Rd,P,-82.1823706,wintering,4,2025-01-02,EBIRD_ATL_NC,Traveling,,MOFFITT_HILL-CE,0,1,Cedar Waxwing,,,
S207802867,S207802867,1,McDowell,12.0,0.08,G13701839,35.5655743,CBC Bethlehem Rd,P,-82.1823706,wintering,4,2025-01-02,EBIRD_ATL_NC,Traveling,,MOFFITT_HILL-CE,0,1,Dark-eyed Junco,,,
S207802867,S207802867,1,McDowell,12.0,0.08,G13701839,35.5655743,CBC Bethlehem Rd,P,-82.1823706,wintering,4,2025-01-02,EBIRD_ATL_NC,Traveling,,MOFFITT_HILL-CE,0,1,Eastern Towhee,,,
S207802867,S207802867,1,McDowell,12.0,0.08,G13701839,35.5655743,CBC Bethlehem Rd,P,-82.1823706,wintering,4,2025-01-02,EBIRD_ATL_NC,Traveling,,MOFFITT_HILL-CE,0,1,Northern Cardinal,,,
S207802867,S207802867,1,McDowell,12.0,0.08,G13701839,35.5655743,CBC Bethlehem Rd,P,-82.1823706,wintering,4,2025-01-02,EBIRD_ATL_NC,Traveling,,MOFFITT_HILL-CE,0,1,Northern Flicker,,,
S207802867,S207802867,1,McDowell,12.0,0.08,G13701839,35.5655743,CBC Bethlehem Rd,P,-82.1823706,wintering,4,2025-01-02,EBIRD_ATL_NC,Traveling,,MOFFITT_HILL-CE,0,1,Northern Mockingbird,,,
S207802867,S207802867,1,McDowell,12.0,0.08,G13701839,35.5655743,CBC Bethlehem Rd,P,-82.1823706,wintering,4,2025-01-02,EBIRD_ATL_NC,Traveling,,MOFFITT_HILL-CE,0,1,Tufted Titmouse,,,
S207802867,S207802867,1,McDowell,12.0,0.08,G13701839,35.5655743,CBC Bethlehem Rd,P,-82.1823706,wintering,4,2025-01-02,EBIRD_ATL_NC,Traveling,,MOFFITT_HILL-CE,0,1,White-breasted Nuthatch,,,
S207729052,S207729052,1,McDowell,6.0,0,G13701843,35.558652,CBC Gateway Mountain Entrance,P,-82.185618,wintering,4,2025-01-02,EBIRD_ATL_NC,Stationary,,MOFFITT_HILL-CE,0,1.0,American Crow,,,
S207729052,S207729052,1,McDowell,6.0,0,G13701843,35.558652,CBC Gateway Mountain Entrance,P,-82.185618,wintering,4,2025-01-02,EBIRD_ATL_NC,Stationary,,MOFFITT_HILL-CE,0,1.0,Carolina Wren,,,
S207729052,S207729052,1,McDowell,6.0,0,G13701843,35.558652,CBC Gateway Mountain Entrance,P,-82.185618,wintering,4,2025-01-02,EBIRD_ATL_NC,Stationary,,MOFFITT_HILL-CE,0,1.0,Northern Cardinal,,,
S207745587,S207745587,1,McDowell,12.0,0.08,G13701839,35.5655743,CBC Bethlehem Rd,P,-82.1823706,wintering,4,2025-01-02,EBIRD_ATL_NC,Traveling,,MOFFITT_HILL-CE,0,1,American Crow,,,
S207745587,S207745587,1,McDowell,12.0,0.08,G13701839,35.5655743,CBC Bethlehem Rd,P,-82.1823706,wintering,4,2025-01-02,EBIRD_ATL_NC,Traveling,,MOFFITT_HILL-CE,0,1,American Goldfinch,,,
S207745587,S207745587,1,McDowell,12.0,0.08,G13701839,35.5655743,CBC Bethlehem Rd,P,-82.1823706,wintering,4,2025-01-02,EBIRD_ATL_NC,Traveling,,MOFFITT_HILL-CE,0,1,American Robin,,,
S207745587,S207745587,1,McDowell,12.0,0.08,G13701839,35.5655743,CBC Bethlehem Rd,P,-82.1823706,wintering,4,2025-01-02,EBIRD_ATL_NC,Traveling,,MOFFITT_HILL-CE,0,1,Carolina Chickadee,,,
S207745587,S207745587,1,McDowell,12.0,0.08,G13701839,35.5655743,CBC Bethlehem Rd,P,-82.1823706,wintering,4,2025-01-02,EBIRD_ATL_NC,Traveling,,MOFFITT_HILL-CE,0,1,Cedar Waxwing,,,
S207745587,S207745587,1,McDowell,12.0,0.08,G13701839,35.5655743,CBC Bethlehem Rd,P,-82.1823706,wintering,4,2025-01-02,EBIRD_ATL_NC,Traveling,,MOFFITT_HILL-CE,0,1,Dark-eyed Junco,,,
S207745587,S207745587,1,McDowell,12.0,0.08,G13701839,35.5655743,CBC Bethlehem Rd,P,-82.1823706,wintering,4,2025-01-02,EBIRD_ATL_NC,Traveling,,MOFFITT_HILL-CE,0,1,Eastern Towhee,,,
S207745587,S207745587,1,McDowell,12.0,0.08,G13701839,35.5655743,CBC Bethlehem Rd,P,-82.1823706,wintering,4,2025-01-02,EBIRD_ATL_NC,Traveling,,MOFFITT_HILL-CE,0,1,Northern Cardinal,,,
S207745587,S207745587,1,McDowell,12.0,0.08,G13701839,35.5655743,CBC Bethlehem Rd,P,-82.1823706,wintering,4,2025-01-02,EBIRD_ATL_NC,Traveling,,MOFFITT_HILL-CE,0,1,Northern Flicker,,,
S207745587,S207745587,1,McDowell,12.0,0.08,G13701839,35.5655743,CBC Bethlehem Rd,P,-82.1823706,wintering,4,2025-01-02,EBIRD_ATL_NC,Traveling,,MOFFITT_HILL-CE,0,1,Northern Mockingbird,,,
S207745587,S207745587,1,McDowell,12.0,0.08,G13701839,35.5655743,CBC Bethlehem Rd,P,-82.1823706,wintering,4,2025-01-02,EBIRD_ATL_NC,Traveling,,MOFFITT_HILL-CE,0,1,Tufted Titmouse,,,
S207745587,S207745587,1,McDowell,12.0,0.08,G13701839,35.5655743,CBC Bethlehem Rd,P,-82.1823706,wintering,4,2025-01-02,EBIRD_ATL_NC,Traveling,,MOFFITT_HILL-CE,0,1,White-breasted Nuthatch,,,
S207802818,S207802818,1,McDowell,17.0,0.175,G13701836,35.566008,"512 Davis Town Church Road, Old Fort, North Carolina, US (35.566, -82.161)",P,-82.160799,wintering,4,2025-01-02,EBIRD_ATL_NC,Traveling,,MOFFITT_HILL-CE,0,1,American Crow,,,
S207802818,S207802818,1,McDowell,17.0,0.175,G13701836,35.566008,"512 Davis Town Church Road, Old Fort, North Carolina, US (35.566, -82.161)",P,-82.160799,wintering,4,2025-01-02,EBIRD_ATL_NC,Traveling,,MOFFITT_HILL-CE,0,1,Carolina Chickadee,,,
S207802818,S207802818,1,McDowell,17.0,0.175,G13701836,35.566008,"512 Davis Town Church Road, Old Fort, North Carolina, US (35.566, -82.161)",P,-82.160799,wintering,4,2025-01-02,EBIRD_ATL_NC,Traveling,,MOFFITT_HILL-CE,0,1,Eastern Phoebe,,,
S207802818,S207802818,1,McDowell,17.0,0.175,G13701836,35.566008,"512 Davis Town Church Road, Old Fort, North Carolina, US (35.566, -82.161)",P,-82.160799,wintering,4,2025-01-02,EBIRD_ATL_NC,Traveling,,MOFFITT_HILL-CE,0,1,Northern Cardinal,,,
S207802818,S207802818,1,McDowell,17.0,0.175,G13701836,35.566008,"512 Davis Town Church Road, Old Fort, North Carolina, US (35.566, -82.161)",P,-82.160799,wintering,4,2025-01-02,EBIRD_ATL_NC,Traveling,,MOFFITT_HILL-CE,0,1,Red-bellied Woodpecker,,,
S207802818,S207802818,1,McDowell,17.0,0.175,G13701836,35.566008,"512 Davis Town Church Road, Old Fort, North Carolina, US (35.566, -82.161)",P,-82.160799,wintering,4,2025-01-02,EBIRD_ATL_NC,Traveling,,MOFFITT_HILL-CE,0,1,Red-shouldered Hawk,,,
S207802818,S207802818,1,McDowell,17.0,0.175,G13701836,35.566008,"512 Davis Town Church Road, Old Fort, North Carolina, US (35.566, -82.161)",P,-82.160799,wintering,4,2025-01-02,EBIRD_ATL_NC,Traveling,,MOFFITT_HILL-CE,0,1,White-breasted Nuthatch,,,
S207740764,S207740764,1,McDowell,8.0,0.214,,35.5482152,"44 Wilkerson Way, Marion, North Carolina, US (35.548, -82.069)",P,-82.0692333,wintering,1,2025-01-02,EBIRD_ATL_NC,Traveling,,SUGAR_HILL-CW,0,1,American Crow,,,
S207740764,S207740764,1,McDowell,8.0,0.214,,35.5482152,"44 Wilkerson Way, Marion, North Carolina, US (35.548, -82.069)",P,-82.0692333,wintering,1,2025-01-02,EBIRD_ATL_NC,Traveling,,SUGAR_HILL-CW,0,1,Pileated Woodpecker,,,
S207740764,S207740764,1,McDowell,8.0,0.214,,35.5482152,"44 Wilkerson Way, Marion, North Carolina, US (35.548, -82.069)",P,-82.0692333,wintering,1,2025-01-02,EBIRD_ATL_NC,Traveling,,SUGAR_HILL-CW,0,1,Turkey Vulture,,,
S207745625,S207745625,1,McDowell,14.0,0.37,G13701842,35.561943,CBC Bat cave Road,P,-82.182082,wintering,4,2025-01-02,EBIRD_ATL_NC,Traveling,,MOFFITT_HILL-CE,0,1.0,American Crow,,,
S207745625,S207745625,1,McDowell,14.0,0.37,G13701842,35.561943,CBC Bat cave Road,P,-82.182082,wintering,4,2025-01-02,EBIRD_ATL_NC,Traveling,,MOFFITT_HILL-CE,0,1.0,American Goldfinch,,,
S207745625,S207745625,1,McDowell,14.0,0.37,G13701842,35.561943,CBC Bat cave Road,P,-82.182082,wintering,4,2025-01-02,EBIRD_ATL_NC,Traveling,,MOFFITT_HILL-CE,0,1.0,American Robin,,,
S207745625,S207745625,1,McDowell,14.0,0.37,G13701842,35.561943,CBC Bat cave Road,P,-82.182082,wintering,4,2025-01-02,EBIRD_ATL_NC,Traveling,,MOFFITT_HILL-CE,0,1.0,Blue Jay,,,
S207745625,S207745625,1,McDowell,14.0,0.37,G13701842,35.561943,CBC Bat cave Road,P,-82.182082,wintering,4,2025-01-02,EBIRD_ATL_NC,Traveling,,MOFFITT_HILL-CE,0,1.0,Carolina Chickadee,,,
S207745625,S207745625,1,McDowell,14.0,0.37,G13701842,35.561943,CBC Bat cave Road,P,-82.182082,wintering,4,2025-01-02,EBIRD_ATL_NC,Traveling,,MOFFITT_HILL-CE,0,1.0,Carolina Wren,,,
S207745625,S207745625,1,McDowell,14.0,0.37,G13701842,35.561943,CBC Bat cave Road,P,-82.182082,wintering,4,2025-01-02,EBIRD_ATL_NC,Traveling,,MOFFITT_HILL-CE,0,1.0,Downy Woodpecker,,,
S207745625,S207745625,1,McDowell,14.0,0.37,G13701842,35.561943,CBC Bat cave Road,P,-82.182082,wintering,4,2025-01-02,EBIRD_ATL_NC,Traveling,,MOFFITT_HILL-CE,0,1.0,Eastern Bluebird,,,
S207745625,S207745625,1,McDowell,14.0,0.37,G13701842,35.561943,CBC Bat cave Road,P,-82.182082,wintering,4,2025-01-02,EBIRD_ATL_NC,Traveling,,MOFFITT_HILL-CE,0,1.0,Hooded Merganser,,,
S207745625,S207745625,1,McDowell,14.0,0.37,G13701842,35.561943,CBC Bat cave Road,P,-82.182082,wintering,4,2025-01-02,EBIRD_ATL_NC,Traveling,,MOFFITT_HILL-CE,0,1.0,Northern Cardinal,,,
S207745625,S207745625,1,McDowell,14.0,0.37,G13701842,35.561943,CBC Bat cave Road,P,-82.182082,wintering,4,2025-01-02,EBIRD_ATL_NC,Traveling,,MOFFITT_HILL-CE,0,1.0,Song Sparrow,,,
S207745625,S207745625,1,McDowell,14.0,0.37,G13701842,35.561943,CBC Bat cave Road,P,-82.182082,wintering,4,2025-01-02,EBIRD_ATL_NC,Traveling,,MOFFITT_HILL-CE,0,1.0,White-breasted Nuthatch,,,
S207682073,S207682073,1,McDowell,31.0,0.837,G13701833,35.538065,CBC Gateway Mountain Pond,P,-82.160573,wintering,4,2025-01-02,EBIRD_ATL_NC,Traveling,,MOFFITT_HILL-SE,1,1.0,American Crow,,,
S207682073,S207682073,1,McDowell,31.0,0.837,G13701833,35.538065,CBC Gateway Mountain Pond,P,-82.160573,wintering,4,2025-01-02,EBIRD_ATL_NC,Traveling,,MOFFITT_HILL-SE,1,1.0,Carolina Chickadee,,,
S207682073,S207682073,1,McDowell,31.0,0.837,G13701833,35.538065,CBC Gateway Mountain Pond,P,-82.160573,wintering,4,2025-01-02,EBIRD_ATL_NC,Traveling,,MOFFITT_HILL-SE,1,1.0,Carolina Wren,,,
S207682073,S207682073,1,McDowell,31.0,0.837,G13701833,35.538065,CBC Gateway Mountain Pond,P,-82.160573,wintering,4,2025-01-02,EBIRD_ATL_NC,Traveling,,MOFFITT_HILL-SE,1,1.0,Golden-crowned Kinglet,,,
S207682073,S207682073,1,McDowell,31.0,0.837,G13701833,35.538065,CBC Gateway Mountain Pond,P,-82.160573,wintering,4,2025-01-02,EBIRD_ATL_NC,Traveling,,MOFFITT_HILL-SE,1,1.0,Hermit Thrush,,,
S207682073,S207682073,1,McDowell,31.0,0.837,G13701833,35.538065,CBC Gateway Mountain Pond,P,-82.160573,wintering,4,2025-01-02,EBIRD_ATL_NC,Traveling,,MOFFITT_HILL-SE,1,1.0,Hooded Merganser,,,
S207682073,S207682073,1,McDowell,31.0,0.837,G13701833,35.538065,CBC Gateway Mountain Pond,P,-82.160573,wintering,4,2025-01-02,EBIRD_ATL_NC,Traveling,,MOFFITT_HILL-SE,1,1.0,Mallard,,,
S207682073,S207682073,1,McDowell,31.0,0.837,G13701833,35.538065,CBC Gateway Mountain Pond,P,-82.160573,wintering,4,2025-01-02,EBIRD_ATL_NC,Traveling,,MOFFITT_HILL-SE,1,1.0,Pileated Woodpecker,,,
S207682073,S207682073,1,McDowell,31.0,0.837,G13701833,35.538065,CBC Gateway Mountain Pond,P,-82.160573,wintering,4,2025-01-02,EBIRD_ATL_NC,Traveling,,MOFFITT_HILL-SE,1,1.0,Red-shouldered Hawk,,,
S207682073,S207682073,1,McDowell,31.0,0.837,G13701833,35.538065,CBC Gateway Mountain Pond,P,-82.160573,wintering,4,2025-01-02,EBIRD_ATL_NC,Traveling,,MOFFITT_HILL-SE,1,1.0,Tufted Titmouse,,,
S207802768,S207802768,1,McDowell,39.0,3.814,G13701834,35.55616,CBC Gateway Mountain Drive,P,-82.161979,wintering,4,2025-01-02,EBIRD_ATL_NC,Traveling,,MOFFITT_HILL-CE,0,1.0,American Crow,,,
S207802768,S207802768,1,McDowell,39.0,3.814,G13701834,35.55616,CBC Gateway Mountain Drive,P,-82.161979,wintering,4,2025-01-02,EBIRD_ATL_NC,Traveling,,MOFFITT_HILL-CE,0,1.0,Blue Jay,,,
S207802768,S207802768,1,McDowell,39.0,3.814,G13701834,35.55616,CBC Gateway Mountain Drive,P,-82.161979,wintering,4,2025-01-02,EBIRD_ATL_NC,Traveling,,MOFFITT_HILL-CE,0,1.0,Carolina Chickadee,,,
S207802768,S207802768,1,McDowell,39.0,3.814,G13701834,35.55616,CBC Gateway Mountain Drive,P,-82.161979,wintering,4,2025-01-02,EBIRD_ATL_NC,Traveling,,MOFFITT_HILL-CE,0,1.0,Dark-eyed Junco,,,
S207802768,S207802768,1,McDowell,39.0,3.814,G13701834,35.55616,CBC Gateway Mountain Drive,P,-82.161979,wintering,4,2025-01-02,EBIRD_ATL_NC,Traveling,,MOFFITT_HILL-CE,0,1.0,Eastern Bluebird,,,
S207802768,S207802768,1,McDowell,39.0,3.814,G13701834,35.55616,CBC Gateway Mountain Drive,P,-82.161979,wintering,4,2025-01-02,EBIRD_ATL_NC,Traveling,,MOFFITT_HILL-CE,0,1.0,Mourning Dove,,,
S207802768,S207802768,1,McDowell,39.0,3.814,G13701834,35.55616,CBC Gateway Mountain Drive,P,-82.161979,wintering,4,2025-01-02,EBIRD_ATL_NC,Traveling,,MOFFITT_HILL-CE,0,1.0,Northern Cardinal,,,
S207802768,S207802768,1,McDowell,39.0,3.814,G13701834,35.55616,CBC Gateway Mountain Drive,P,-82.161979,wintering,4,2025-01-02,EBIRD_ATL_NC,Traveling,,MOFFITT_HILL-CE,0,1.0,Pileated Woodpecker,,,
S207802768,S207802768,1,McDowell,39.0,3.814,G13701834,35.55616,CBC Gateway Mountain Drive,P,-82.161979,wintering,4,2025-01-02,EBIRD_ATL_NC,Traveling,,MOFFITT_HILL-CE,0,1.0,Song Sparrow,,,
S207802768,S207802768,1,McDowell,39.0,3.814,G13701834,35.55616,CBC Gateway Mountain Drive,P,-82.161979,wintering,4,2025-01-02,EBIRD_ATL_NC,Traveling,,MOFFITT_HILL-CE,0,1.0,Tufted Titmouse,,,
S207802768,S207802768,1,McDowell,39.0,3.814,G13701834,35.55616,CBC Gateway Mountain Drive,P,-82.161979,wintering,4,2025-01-02,EBIRD_ATL_NC,Traveling,,MOFFITT_HILL-CE,0,1.0,White-throated Sparrow,,,
S207729036,S207729036,1,McDowell,12.0,0.08,G13701839,35.5655743,CBC Bethlehem Rd,P,-82.1823706,wintering,4,2025-01-02,EBIRD_ATL_NC,Traveling,,MOFFITT_HILL-CE,0,1,American Crow,,,
S207729036,S207729036,1,McDowell,12.0,0.08,G13701839,35.5655743,CBC Bethlehem Rd,P,-82.1823706,wintering,4,2025-01-02,EBIRD_ATL_NC,Traveling,,MOFFITT_HILL-CE,0,1,American Goldfinch,,,
S207729036,S207729036,1,McDowell,12.0,0.08,G13701839,35.5655743,CBC Bethlehem Rd,P,-82.1823706,wintering,4,2025-01-02,EBIRD_ATL_NC,Traveling,,MOFFITT_HILL-CE,0,1,American Robin,,,
S207729036,S207729036,1,McDowell,12.0,0.08,G13701839,35.5655743,CBC Bethlehem Rd,P,-82.1823706,wintering,4,2025-01-02,EBIRD_ATL_NC,Traveling,,MOFFITT_HILL-CE,0,1,Carolina Chickadee,,,
S207729036,S207729036,1,McDowell,12.0,0.08,G13701839,35.5655743,CBC Bethlehem Rd,P,-82.1823706,wintering,4,2025-01-02,EBIRD_ATL_NC,Traveling,,MOFFITT_HILL-CE,0,1,Cedar Waxwing,,,
S207729036,S207729036,1,McDowell,12.0,0.08,G13701839,35.5655743,CBC Bethlehem Rd,P,-82.1823706,wintering,4,2025-01-02,EBIRD_ATL_NC,Traveling,,MOFFITT_HILL-CE,0,1,Dark-eyed Junco,,,
S207729036,S207729036,1,McDowell,12.0,0.08,G13701839,35.5655743,CBC Bethlehem Rd,P,-82.1823706,wintering,4,2025-01-02,EBIRD_ATL_NC,Traveling,,MOFFITT_HILL-CE,0,1,Eastern Towhee,,,
S207729036,S207729036,1,McDowell,12.0,0.08,G13701839,35.5655743,CBC Bethlehem Rd,P,-82.1823706,wintering,4,2025-01-02,EBIRD_ATL_NC,Traveling,,MOFFITT_HILL-CE,0,1,Northern Cardinal,,,
S207729036,S207729036,1,McDowell,12.0,0.08,G13701839,35.5655743,CBC Bethlehem Rd,P,-82.1823706,wintering,4,2025-01-02,EBIRD_ATL_NC,Traveling,,MOFFITT_HILL-CE,0,1,Northern Flicker,,,
S207729036,S207729036,1,McDowell,12.0,0.08,G13701839,35.5655743,CBC Bethlehem Rd,P,-82.1823706,wintering,4,2025-01-02,EBIRD_ATL_NC,Traveling,,MOFFITT_HILL-CE,0,1,Northern Mockingbird,,,
S207729036,S207729036,1,McDowell,12.0,0.08,G13701839,35.5655743,CBC Bethlehem Rd,P,-82.1823706,wintering,4,2025-01-02,EBIRD_ATL_NC,Traveling,,MOFFITT_HILL-CE,0,1,Tufted Titmouse,,,
S207729036,S207729036,1,McDowell,12.0,0.08,G13701839,35.5655743,CBC Bethlehem Rd,P,-82.1823706,wintering,4,2025-01-02,EBIRD_ATL_NC,Traveling,,MOFFITT_HILL-CE,0,1,White-breasted Nuthatch,,,
S207682029,S207682029,1,McDowell,39.0,3.814,G13701834,35.55616,CBC Gateway Mountain Drive,P,-82.161979,wintering,4,2025-01-02,EBIRD_ATL_NC,Traveling,,MOFFITT_HILL-CE,0,1.0,American Crow,,,
S207682029,S207682029,1,McDowell,39.0,3.814,G13701834,35.55616,CBC Gateway Mountain Drive,P,-82.161979,wintering,4,2025-01-02,EBIRD_ATL_NC,Traveling,,MOFFITT_HILL-CE,0,1.0,Blue Jay,,,
S207682029,S207682029,1,McDowell,39.0,3.814,G13701834,35.55616,CBC Gateway Mountain Drive,P,-82.161979,wintering,4,2025-01-02,EBIRD_ATL_NC,Traveling,,MOFFITT_HILL-CE,0,1.0,Carolina Chickadee,,,
S207682029,S207682029,1,McDowell,39.0,3.814,G13701834,35.55616,CBC Gateway Mountain Drive,P,-82.161979,wintering,4,2025-01-02,EBIRD_ATL_NC,Traveling,,MOFFITT_HILL-CE,0,1.0,Dark-eyed Junco,,,
S207682029,S207682029,1,McDowell,39.0,3.814,G13701834,35.55616,CBC Gateway Mountain Drive,P,-82.161979,wintering,4,2025-01-02,EBIRD_ATL_NC,Traveling,,MOFFITT_HILL-CE,0,1.0,Eastern Bluebird,,,
S207682029,S207682029,1,McDowell,39.0,3.814,G13701834,35.55616,CBC Gateway Mountain Drive,P,-82.161979,wintering,4,2025-01-02,EBIRD_ATL_NC,Traveling,,MOFFITT_HILL-CE,0,1.0,Mourning Dove,,,
S207682029,S207682029,1,McDowell,39.0,3.814,G13701834,35.55616,CBC Gateway Mountain Drive,P,-82.161979,wintering,4,2025-01-02,EBIRD_ATL_NC,Traveling,,MOFFITT_HILL-CE,0,1.0,Northern Cardinal,,,
S207682029,S207682029,1,McDowell,39.0,3.814,G13701834,35.55616,CBC Gateway Mountain Drive,P,-82.161979,wintering,4,2025-01-02,EBIRD_ATL_NC,Traveling,,MOFFITT_HILL-CE,0,1.0,Pileated Woodpecker,,,
S207682029,S207682029,1,McDowell,39.0,3.814,G13701834,35.55616,CBC Gateway Mountain Drive,P,-82.161979,wintering,4,2025-01-02,EBIRD_ATL_NC,Traveling,,MOFFITT_HILL-CE,0,1.0,Song Sparrow,,,
S207682029,S207682029,1,McDowell,39.0,3.814,G13701834,35.55616,CBC Gateway Mountain Drive,P,-82.161979,wintering,4,2025-01-02,EBIRD_ATL_NC,Traveling,,MOFFITT_HILL-CE,0,1.0,Tufted Titmouse,,,
S207682029,S207682029,1,McDowell,39.0,3.814,G13701834,35.55616,CBC Gateway Mountain Drive,P,-82.161979,wintering,4,2025-01-02,EBIRD_ATL_NC,Traveling,,MOFFITT_HILL-CE,0,1.0,White-throated Sparrow,,,
S207745438,S207745438,1,McDowell,28.0,0.145,G13701835,35.566088,CBC Davistown Church Thicket,P,-82.155429,wintering,4,2025-01-02,EBIRD_ATL_NC,Traveling,,MOFFITT_HILL-CE,0,1,American Crow,,,
S207745438,S207745438,1,McDowell,28.0,0.145,G13701835,35.566088,CBC Davistown Church Thicket,P,-82.155429,wintering,4,2025-01-02,EBIRD_ATL_NC,Traveling,,MOFFITT_HILL-CE,0,1,Carolina Wren,,,
S207745438,S207745438,1,McDowell,28.0,0.145,G13701835,35.566088,CBC Davistown Church Thicket,P,-82.155429,wintering,4,2025-01-02,EBIRD_ATL_NC,Traveling,,MOFFITT_HILL-CE,0,1,Dark-eyed Junco,,,
S207745438,S207745438,1,McDowell,28.0,0.145,G13701835,35.566088,CBC Davistown Church Thicket,P,-82.155429,wintering,4,2025-01-02,EBIRD_ATL_NC,Traveling,,MOFFITT_HILL-CE,0,1,Eastern Bluebird,,,
S207745438,S207745438,1,McDowell,28.0,0.145,G13701835,35.566088,CBC Davistown Church Thicket,P,-82.155429,wintering,4,2025-01-02,EBIRD_ATL_NC,Traveling,,MOFFITT_HILL-CE,0,1,Eastern Towhee,,,
S207745438,S207745438,1,McDowell,28.0,0.145,G13701835,35.566088,CBC Davistown Church Thicket,P,-82.155429,wintering,4,2025-01-02,EBIRD_ATL_NC,Traveling,,MOFFITT_HILL-CE,0,1,Northern Cardinal,,,
S207745438,S207745438,1,McDowell,28.0,0.145,G13701835,35.566088,CBC Davistown Church Thicket,P,-82.155429,wintering,4,2025-01-02,EBIRD_ATL_NC,Traveling,,MOFFITT_HILL-CE,0,1,Northern Mockingbird,,,
S207745438,S207745438,1,McDowell,28.0,0.145,G13701835,35.566088,CBC Davistown Church Thicket,P,-82.155429,wintering,4,2025-01-02,EBIRD_ATL_NC,Traveling,,MOFFITT_HILL-CE,0,1,Song Sparrow,,,
S207745438,S207745438,1,McDowell,28.0,0.145,G13701835,35.566088,CBC Davistown Church Thicket,P,-82.155429,wintering,4,2025-01-02,EBIRD_ATL_NC,Traveling,,MOFFITT_HILL-CE,0,1,Swamp Sparrow,,,
S207745438,S207745438,1,McDowell,28.0,0.145,G13701835,35.566088,CBC Davistown Church Thicket,P,-82.155429,wintering,4,2025-01-02,EBIRD_ATL_NC,Traveling,,MOFFITT_HILL-CE,0,1,White-breasted Nuthatch,,,
S207745438,S207745438,1,McDowell,28.0,0.145,G13701835,35.566088,CBC Davistown Church Thicket,P,-82.155429,wintering,4,2025-01-02,EBIRD_ATL_NC,Traveling,,MOFFITT_HILL-CE,0,1,White-throated Sparrow,,,
S207810616,S207810616,1,McDowell,31.0,0.837,G13701833,35.538065,CBC Gateway Mountain Pond,P,-82.160573,wintering,4,2025-01-02,EBIRD_ATL_NC,Traveling,,MOFFITT_HILL-SE,1,1.0,American Crow,,,
S207810616,S207810616,1,McDowell,31.0,0.837,G13701833,35.538065,CBC Gateway Mountain Pond,P,-82.160573,wintering,4,2025-01-02,EBIRD_ATL_NC,Traveling,,MOFFITT_HILL-SE,1,1.0,Carolina Chickadee,,,
S207810616,S207810616,1,McDowell,31.0,0.837,G13701833,35.538065,CBC Gateway Mountain Pond,P,-82.160573,wintering,4,2025-01-02,EBIRD_ATL_NC,Traveling,,MOFFITT_HILL-SE,1,1.0,Carolina Wren,,,
S207810616,S207810616,1,McDowell,31.0,0.837,G13701833,35.538065,CBC Gateway Mountain Pond,P,-82.160573,wintering,4,2025-01-02,EBIRD_ATL_NC,Traveling,,MOFFITT_HILL-SE,1,1.0,Golden-crowned Kinglet,,,
S207810616,S207810616,1,McDowell,31.0,0.837,G13701833,35.538065,CBC Gateway Mountain Pond,P,-82.160573,wintering,4,2025-01-02,EBIRD_ATL_NC,Traveling,,MOFFITT_HILL-SE,1,1.0,Hermit Thrush,,,
S207810616,S207810616,1,McDowell,31.0,0.837,G13701833,35.538065,CBC Gateway Mountain Pond,P,-82.160573,wintering,4,2025-01-02,EBIRD_ATL_NC,Traveling,,MOFFITT_HILL-SE,1,1.0,Hooded Merganser,,,
S207810616,S207810616,1,McDowell,31.0,0.837,G13701833,35.538065,CBC Gateway Mountain Pond,P,-82.160573,wintering,4,2025-01-02,EBIRD_ATL_NC,Traveling,,MOFFITT_HILL-SE,1,1.0,Mallard,,,
S207810616,S207810616,1,McDowell,31.0,0.837,G13701833,35.538065,CBC Gateway Mountain Pond,P,-82.160573,wintering,4,2025-01-02,EBIRD_ATL_NC,Traveling,,MOFFITT_HILL-SE,1,1.0,Pileated Woodpecker,,,
S207810616,S207810616,1,McDowell,31.0,0.837,G13701833,35.538065,CBC Gateway Mountain Pond,P,-82.160573,wintering,4,2025-01-02,EBIRD_ATL_NC,Traveling,,MOFFITT_HILL-SE,1,1.0,Red-shouldered Hawk,,,
S207810616,S207810616,1,McDowell,31.0,0.837,G13701833,35.538065,CBC Gateway Mountain Pond,P,-82.160573,wintering,4,2025-01-02,EBIRD_ATL_NC,Traveling,,MOFFITT_HILL-SE,1,1.0,Tufted Titmouse,,,
S207729044,S207729044,1,McDowell,14.0,0.37,G13701842,35.561943,CBC Bat cave Road,P,-82.182082,wintering,4,2025-01-02,EBIRD_ATL_NC,Traveling,,MOFFITT_HILL-CE,0,1.0,American Crow,,,
S207729044,S207729044,1,McDowell,14.0,0.37,G13701842,35.561943,CBC Bat cave Road,P,-82.182082,wintering,4,2025-01-02,EBIRD_ATL_NC,Traveling,,MOFFITT_HILL-CE,0,1.0,American Goldfinch,,,
S207729044,S207729044,1,McDowell,14.0,0.37,G13701842,35.561943,CBC Bat cave Road,P,-82.182082,wintering,4,2025-01-02,EBIRD_ATL_NC,Traveling,,MOFFITT_HILL-CE,0,1.0,American Robin,,,
S207729044,S207729044,1,McDowell,14.0,0.37,G13701842,35.561943,CBC Bat cave Road,P,-82.182082,wintering,4,2025-01-02,EBIRD_ATL_NC,Traveling,,MOFFITT_HILL-CE,0,1.0,Blue Jay,,,
S207729044,S207729044,1,McDowell,14.0,0.37,G13701842,35.561943,CBC Bat cave Road,P,-82.182082,wintering,4,2025-01-02,EBIRD_ATL_NC,Traveling,,MOFFITT_HILL-CE,0,1.0,Carolina Chickadee,,,
S207729044,S207729044,1,McDowell,14.0,0.37,G13701842,35.561943,CBC Bat cave Road,P,-82.182082,wintering,4,2025-01-02,EBIRD_ATL_NC,Traveling,,MOFFITT_HILL-CE,0,1.0,Carolina Wren,,,
S207729044,S207729044,1,McDowell,14.0,0.37,G13701842,35.561943,CBC Bat cave Road,P,-82.182082,wintering,4,2025-01-02,EBIRD_ATL_NC,Traveling,,MOFFITT_HILL-CE,0,1.0,Downy Woodpecker,,,
S207729044,S207729044,1,McDowell,14.0,0.37,G13701842,35.561943,CBC Bat cave Road,P,-82.182082,wintering,4,2025-01-02,EBIRD_ATL_NC,Traveling,,MOFFITT_HILL-CE,0,1.0,Eastern Bluebird,,,
S207729044,S207729044,1,McDowell,14.0,0.37,G13701842,35.561943,CBC Bat cave Road,P,-82.182082,wintering,4,2025-01-02,EBIRD_ATL_NC,Traveling,,MOFFITT_HILL-CE,0,1.0,Hooded Merganser,,,
S207729044,S207729044,1,McDowell,14.0,0.37,G13701842,35.561943,CBC Bat cave Road,P,-82.182082,wintering,4,2025-01-02,EBIRD_ATL_NC,Traveling,,MOFFITT_HILL-CE,0,1.0,Northern Cardinal,,,
S207729044,S207729044,1,McDowell,14.0,0.37,G13701842,35.561943,CBC Bat cave Road,P,-82.182082,wintering,4,2025-01-02,EBIRD_ATL_NC,Traveling,,MOFFITT_HILL-CE,0,1.0,Song Sparrow,,,
S207729044,S207729044,1,McDowell,14.0,0.37,G13701842,35.561943,CBC Bat cave Road,P,-82.182082,wintering,4,2025-01-02,EBIRD_ATL_NC,Traveling,,MOFFITT_HILL-CE,0,1.0,White-breasted Nuthatch,,,
S207681842,S207681842,1,McDowell,17.0,0.175,G13701836,35.566008,"512 Davis Town Church Road, Old Fort, North Carolina, US (35.566, -82.161)",P,-82.160799,wintering,4,2025-01-02,EBIRD_ATL_NC,Traveling,,MOFFITT_HILL-CE,0,1,American Crow,,,
S207681842,S207681842,1,McDowell,17.0,0.175,G13701836,35.566008,"512 Davis Town Church Road, Old Fort, North Carolina, US (35.566, -82.161)",P,-82.160799,wintering,4,2025-01-02,EBIRD_ATL_NC,Traveling,,MOFFITT_HILL-CE,0,1,Carolina Chickadee,,,
S207681842,S207681842,1,McDowell,17.0,0.175,G13701836,35.566008,"512 Davis Town Church Road, Old Fort, North Carolina, US (35.566, -82.161)",P,-82.160799,wintering,4,2025-01-02,EBIRD_ATL_NC,Traveling,,MOFFITT_HILL-CE,0,1,Eastern Phoebe,,,
S207681842,S207681842,1,McDowell,17.0,0.175,G13701836,35.566008,"512 Davis Town Church Road, Old Fort, North Carolina, US (35.566, -82.161)",P,-82.160799,wintering,4,2025-01-02,EBIRD_ATL_NC,Traveling,,MOFFITT_HILL-CE,0,1,Northern Cardinal,,,
S207681842,S207681842,1,McDowell,17.0,0.175,G13701836,35.566008,"512 Davis Town Church Road, Old Fort, North Carolina, US (35.566, -82.161)",P,-82.160799,wintering,4,2025-01-02,EBIRD_ATL_NC,Traveling,,MOFFITT_HILL-CE,0,1,Red-bellied Woodpecker,,,
S207681842,S207681842,1,McDowell,17.0,0.175,G13701836,35.566008,"512 Davis Town Church Road, Old Fort, North Carolina, US (35.566, -82.161)",P,-82.160799,wintering,4,2025-01-02,EBIRD_ATL_NC,Traveling,,MOFFITT_HILL-CE,0,1,Red-shouldered Hawk,,,
S207681842,S207681842,1,McDowell,17.0,0.175,G13701836,35.566008,"512 Davis Town Church Road, Old Fort, North Carolina, US (35.566, -82.161)",P,-82.160799,wintering,4,2025-01-02,EBIRD_ATL_NC,Traveling,,MOFFITT_HILL-CE,0,1,White-breasted Nuthatch,,,
S207729023,S207729023,1,McDowell,28.0,0.145,G13701835,35.566088,CBC Davistown Church Thicket,P,-82.155429,wintering,4,2025-01-02,EBIRD_ATL_NC,Traveling,,MOFFITT_HILL-CE,0,1,American Crow,,,
S207729023,S207729023,1,McDowell,28.0,0.145,G13701835,35.566088,CBC Davistown Church Thicket,P,-82.155429,wintering,4,2025-01-02,EBIRD_ATL_NC,Traveling,,MOFFITT_HILL-CE,0,1,Carolina Wren,,,
S207729023,S207729023,1,McDowell,28.0,0.145,G13701835,35.566088,CBC Davistown Church Thicket,P,-82.155429,wintering,4,2025-01-02,EBIRD_ATL_NC,Traveling,,MOFFITT_HILL-CE,0,1,Dark-eyed Junco,,,
S207729023,S207729023,1,McDowell,28.0,0.145,G13701835,35.566088,CBC Davistown Church Thicket,P,-82.155429,wintering,4,2025-01-02,EBIRD_ATL_NC,Traveling,,MOFFITT_HILL-CE,0,1,Eastern Bluebird,,,
S207729023,S207729023,1,McDowell,28.0,0.145,G13701835,35.566088,CBC Davistown Church Thicket,P,-82.155429,wintering,4,2025-01-02,EBIRD_ATL_NC,Traveling,,MOFFITT_HILL-CE,0,1,Eastern Towhee,,,
S207729023,S207729023,1,McDowell,28.0,0.145,G13701835,35.566088,CBC Davistown Church Thicket,P,-82.155429,wintering,4,2025-01-02,EBIRD_ATL_NC,Traveling,,MOFFITT_HILL-CE,0,1,Northern Cardinal,,,
S207729023,S207729023,1,McDowell,28.0,0.145,G13701835,35.566088,CBC Davistown Church Thicket,P,-82.155429,wintering,4,2025-01-02,EBIRD_ATL_NC,Traveling,,MOFFITT_HILL-CE,0,1,Northern Mockingbird,,,
S207729023,S207729023,1,McDowell,28.0,0.145,G13701835,35.566088,CBC Davistown Church Thicket,P,-82.155429,wintering,4,2025-01-02,EBIRD_ATL_NC,Traveling,,MOFFITT_HILL-CE,0,1,Song Sparrow,,,
S207729023,S207729023,1,McDowell,28.0,0.145,G13701835,35.566088,CBC Davistown Church Thicket,P,-82.155429,wintering,4,2025-01-02,EBIRD_ATL_NC,Traveling,,MOFFITT_HILL-CE,0,1,Swamp Sparrow,,,
S207729023,S207729023,1,McDowell,28.0,0.145,G13701835,35.566088,CBC Davistown Church Thicket,P,-82.155429,wintering,4,2025-01-02,EBIRD_ATL_NC,Traveling,,MOFFITT_HILL-CE,0,1,White-breasted Nuthatch,,,
S207729023,S207729023,1,McDowell,28.0,0.145,G13701835,35.566088,CBC Davistown Church Thicket,P,-82.155429,wintering,4,2025-01-02,EBIRD_ATL_NC,Traveling,,MOFFITT_HILL-CE,0,1,White-throated Sparrow,,,
S207729026,S207729026,1,McDowell,17.0,0.175,G13701836,35.566008,"512 Davis Town Church Road, Old Fort, North Carolina, US (35.566, -82.161)",P,-82.160799,wintering,4,2025-01-02,EBIRD_ATL_NC,Traveling,,MOFFITT_HILL-CE,0,1,American Crow,,,
S207729026,S207729026,1,McDowell,17.0,0.175,G13701836,35.566008,"512 Davis Town Church Road, Old Fort, North Carolina, US (35.566, -82.161)",P,-82.160799,wintering,4,2025-01-02,EBIRD_ATL_NC,Traveling,,MOFFITT_HILL-CE,0,1,Carolina Chickadee,,,
S207729026,S207729026,1,McDowell,17.0,0.175,G13701836,35.566008,"512 Davis Town Church Road, Old Fort, North Carolina, US (35.566, -82.161)",P,-82.160799,wintering,4,2025-01-02,EBIRD_ATL_NC,Traveling,,MOFFITT_HILL-CE,0,1,Eastern Phoebe,,,
S207729026,S207729026,1,McDowell,17.0,0.175,G13701836,35.566008,"512 Davis Town Church Road, Old Fort, North Carolina, US (35.566, -82.161)",P,-82.160799,wintering,4,2025-01-02,EBIRD_ATL_NC,Traveling,,MOFFITT_HILL-CE,0,1,Northern Cardinal,,,
S207729026,S207729026,1,McDowell,17.0,0.175,G13701836,35.566008,"512 Davis Town Church Road, Old Fort, North Carolina, US (35.566, -82.161)",P,-82.160799,wintering,4,2025-01-02,EBIRD_ATL_NC,Traveling,,MOFFITT_HILL-CE,0,1,Red-bellied Woodpecker,,,
S207729026,S207729026,1,McDowell,17.0,0.175,G13701836,35.566008,"512 Davis Town Church Road, Old Fort, North Carolina, US (35.566, -82.161)",P,-82.160799,wintering,4,2025-01-02,EBIRD_ATL_NC,Traveling,,MOFFITT_HILL-CE,0,1,Red-shouldered Hawk,,,
S207729026,S207729026,1,McDowell,17.0,0.175,G13701836,35.566008,"512 Davis Town Church Road, Old Fort, North Carolina, US (35.566, -82.161)",P,-82.160799,wintering,4,2025-01-02,EBIRD_ATL_NC,Traveling,,MOFFITT_HILL-CE,0,1,White-breasted Nuthatch,,,
S207740703,S207740703,1,McDowell,11.0,0,,35.5389843,"2-38 Ashe Bridge Road, Marion, North Carolina, US (35.539, -82.072)",P,-82.0717754,wintering,1,2025-01-02,EBIRD_ATL_NC,Stationary,,SUGAR_HILL-SW,0,1.0,American Crow,,,
S207740703,S207740703,1,McDowell,11.0,0,,35.5389843,"2-38 Ashe Bridge Road, Marion, North Carolina, US (35.539, -82.072)",P,-82.0717754,wintering,1,2025-01-02,EBIRD_ATL_NC,Stationary,,SUGAR_HILL-SW,0,1.0,Belted Kingfisher,,,
S207740703,S207740703,1,McDowell,11.0,0,,35.5389843,"2-38 Ashe Bridge Road, Marion, North Carolina, US (35.539, -82.072)",P,-82.0717754,wintering,1,2025-01-02,EBIRD_ATL_NC,Stationary,,SUGAR_HILL-SW,0,1.0,Carolina Chickadee,,,
S207740703,S207740703,1,McDowell,11.0,0,,35.5389843,"2-38 Ashe Bridge Road, Marion, North Carolina, US (35.539, -82.072)",P,-82.0717754,wintering,1,2025-01-02,EBIRD_ATL_NC,Stationary,,SUGAR_HILL-SW,0,1.0,Red-shouldered Hawk,,,Adult
S207740703,S207740703,1,McDowell,11.0,0,,35.5389843,"2-38 Ashe Bridge Road, Marion, North Carolina, US (35.539, -82.072)",P,-82.0717754,wintering,1,2025-01-02,EBIRD_ATL_NC,Stationary,,SUGAR_HILL-SW,0,1.0,Red-tailed Hawk,,,Adult
S207740169,S207740169,1,McDowell,7.0,0,,35.5316386,"229 Greasy Creek Road, Marion, North Carolina, US (35.532, -82.096)",P,-82.0959946,wintering,1,2025-01-02,EBIRD_ATL_NC,Stationary,,SUGAR_HILL-SW,0,1.0,American Crow,,,
S207740169,S207740169,1,McDowell,7.0,0,,35.5316386,"229 Greasy Creek Road, Marion, North Carolina, US (35.532, -82.096)",P,-82.0959946,wintering,1,2025-01-02,EBIRD_ATL_NC,Stationary,,SUGAR_HILL-SW,0,1.0,Carolina Wren,,,
S207740169,S207740169,1,McDowell,7.0,0,,35.5316386,"229 Greasy Creek Road, Marion, North Carolina, US (35.532, -82.096)",P,-82.0959946,wintering,1,2025-01-02,EBIRD_ATL_NC,Stationary,,SUGAR_HILL-SW,0,1.0,Eastern Towhee,,,
S207740169,S207740169,1,McDowell,7.0,0,,35.5316386,"229 Greasy Creek Road, Marion, North Carolina, US (35.532, -82.096)",P,-82.0959946,wintering,1,2025-01-02,EBIRD_ATL_NC,Stationary,,SUGAR_HILL-SW,0,1.0,Northern Cardinal,,,
S207740169,S207740169,1,McDowell,7.0,0,,35.5316386,"229 Greasy Creek Road, Marion, North Carolina, US (35.532, -82.096)",P,-82.0959946,wintering,1,2025-01-02,EBIRD_ATL_NC,Stationary,,SUGAR_HILL-SW,0,1.0,Song Sparrow,,,
S207683722,S207683722,1,Moore,284.0,8.53,,35.1471875,Weymouth Woods Sandhills Nature Preserve,H,-79.3689895,wintering,1,2025-01-02,EBIRD_ATL_NC,Traveling,The highlight of todays birding was a very active flock of American Robins that were eating holly berries.,NIAGARA-SW,0,1.0,American Crow,,,
S207683722,S207683722,1,Moore,284.0,8.53,,35.1471875,Weymouth Woods Sandhills Nature Preserve,H,-79.3689895,wintering,1,2025-01-02,EBIRD_ATL_NC,Traveling,The highlight of todays birding was a very active flock of American Robins that were eating holly berries.,NIAGARA-SW,0,1.0,American Goldfinch,,,
S207683722,S207683722,1,Moore,284.0,8.53,,35.1471875,Weymouth Woods Sandhills Nature Preserve,H,-79.3689895,wintering,1,2025-01-02,EBIRD_ATL_NC,Traveling,The highlight of todays birding was a very active flock of American Robins that were eating holly berries.,NIAGARA-SW,0,1.0,American Robin,,,
S207683722,S207683722,1,Moore,284.0,8.53,,35.1471875,Weymouth Woods Sandhills Nature Preserve,H,-79.3689895,wintering,1,2025-01-02,EBIRD_ATL_NC,Traveling,The highlight of todays birding was a very active flock of American Robins that were eating holly berries.,NIAGARA-SW,0,1.0,Black Vulture,,,
S207683722,S207683722,1,Moore,284.0,8.53,,35.1471875,Weymouth Woods Sandhills Nature Preserve,H,-79.3689895,wintering,1,2025-01-02,EBIRD_ATL_NC,Traveling,The highlight of todays birding was a very active flock of American Robins that were eating holly berries.,NIAGARA-SW,0,1.0,Blue Jay,,,
S207683722,S207683722,1,Moore,284.0,8.53,,35.1471875,Weymouth Woods Sandhills Nature Preserve,H,-79.3689895,wintering,1,2025-01-02,EBIRD_ATL_NC,Traveling,The highlight of todays birding was a very active flock of American Robins that were eating holly berries.,NIAGARA-SW,0,1.0,Brown-headed Nuthatch,,,
S207683722,S207683722,1,Moore,284.0,8.53,,35.1471875,Weymouth Woods Sandhills Nature Preserve,H,-79.3689895,wintering,1,2025-01-02,EBIRD_ATL_NC,Traveling,The highlight of todays birding was a very active flock of American Robins that were eating holly berries.,NIAGARA-SW,0,1.0,Brown Creeper,,,
S207683722,S207683722,1,Moore,284.0,8.53,,35.1471875,Weymouth Woods Sandhills Nature Preserve,H,-79.3689895,wintering,1,2025-01-02,EBIRD_ATL_NC,Traveling,The highlight of todays birding was a very active flock of American Robins that were eating holly berries.,NIAGARA-SW,0,1.0,Canada Goose,,,
S207683722,S207683722,1,Moore,284.0,8.53,,35.1471875,Weymouth Woods Sandhills Nature Preserve,H,-79.3689895,wintering,1,2025-01-02,EBIRD_ATL_NC,Traveling,The highlight of todays birding was a very active flock of American Robins that were eating holly berries.,NIAGARA-SW,0,1.0,Carolina Chickadee,,,
S207683722,S207683722,1,Moore,284.0,8.53,,35.1471875,Weymouth Woods Sandhills Nature Preserve,H,-79.3689895,wintering,1,2025-01-02,EBIRD_ATL_NC,Traveling,The highlight of todays birding was a very active flock of American Robins that were eating holly berries.,NIAGARA-SW,0,1.0,Carolina Wren,,,
S207683722,S207683722,1,Moore,284.0,8.53,,35.1471875,Weymouth Woods Sandhills Nature Preserve,H,-79.3689895,wintering,1,2025-01-02,EBIRD_ATL_NC,Traveling,The highlight of todays birding was a very active flock of American Robins that were eating holly berries.,NIAGARA-SW,0,1.0,Chipping Sparrow,,,
S207683722,S207683722,1,Moore,284.0,8.53,,35.1471875,Weymouth Woods Sandhills Nature Preserve,H,-79.3689895,wintering,1,2025-01-02,EBIRD_ATL_NC,Traveling,The highlight of todays birding was a very active flock of American Robins that were eating holly berries.,NIAGARA-SW,0,1.0,Dark-eyed Junco,,,
S207683722,S207683722,1,Moore,284.0,8.53,,35.1471875,Weymouth Woods Sandhills Nature Preserve,H,-79.3689895,wintering,1,2025-01-02,EBIRD_ATL_NC,Traveling,The highlight of todays birding was a very active flock of American Robins that were eating holly berries.,NIAGARA-SW,0,1.0,Downy Woodpecker,,,
S207683722,S207683722,1,Moore,284.0,8.53,,35.1471875,Weymouth Woods Sandhills Nature Preserve,H,-79.3689895,wintering,1,2025-01-02,EBIRD_ATL_NC,Traveling,The highlight of todays birding was a very active flock of American Robins that were eating holly berries.,NIAGARA-SW,0,1.0,Eastern Towhee,,,
S207683722,S207683722,1,Moore,284.0,8.53,,35.1471875,Weymouth Woods Sandhills Nature Preserve,H,-79.3689895,wintering,1,2025-01-02,EBIRD_ATL_NC,Traveling,The highlight of todays birding was a very active flock of American Robins that were eating holly berries.,NIAGARA-SW,0,1.0,Golden-crowned Kinglet,,,
S207683722,S207683722,1,Moore,284.0,8.53,,35.1471875,Weymouth Woods Sandhills Nature Preserve,H,-79.3689895,wintering,1,2025-01-02,EBIRD_ATL_NC,Traveling,The highlight of todays birding was a very active flock of American Robins that were eating holly berries.,NIAGARA-SW,0,1.0,Hermit Thrush,,,
S207683722,S207683722,1,Moore,284.0,8.53,,35.1471875,Weymouth Woods Sandhills Nature Preserve,H,-79.3689895,wintering,1,2025-01-02,EBIRD_ATL_NC,Traveling,The highlight of todays birding was a very active flock of American Robins that were eating holly berries.,NIAGARA-SW,0,1.0,House Finch,,,
S207683722,S207683722,1,Moore,284.0,8.53,,35.1471875,Weymouth Woods Sandhills Nature Preserve,H,-79.3689895,wintering,1,2025-01-02,EBIRD_ATL_NC,Traveling,The highlight of todays birding was a very active flock of American Robins that were eating holly berries.,NIAGARA-SW,0,1.0,Northern Cardinal,,,
S207683722,S207683722,1,Moore,284.0,8.53,,35.1471875,Weymouth Woods Sandhills Nature Preserve,H,-79.3689895,wintering,1,2025-01-02,EBIRD_ATL_NC,Traveling,The highlight of todays birding was a very active flock of American Robins that were eating holly berries.,NIAGARA-SW,0,1.0,Northern Flicker,,,
S207683722,S207683722,1,Moore,284.0,8.53,,35.1471875,Weymouth Woods Sandhills Nature Preserve,H,-79.3689895,wintering,1,2025-01-02,EBIRD_ATL_NC,Traveling,The highlight of todays birding was a very active flock of American Robins that were eating holly berries.,NIAGARA-SW,0,1.0,Pine Warbler,,,
S207683722,S207683722,1,Moore,284.0,8.53,,35.1471875,Weymouth Woods Sandhills Nature Preserve,H,-79.3689895,wintering,1,2025-01-02,EBIRD_ATL_NC,Traveling,The highlight of todays birding was a very active flock of American Robins that were eating holly berries.,NIAGARA-SW,0,1.0,Red-breasted Nuthatch,,,
S207683722,S207683722,1,Moore,284.0,8.53,,35.1471875,Weymouth Woods Sandhills Nature Preserve,H,-79.3689895,wintering,1,2025-01-02,EBIRD_ATL_NC,Traveling,The highlight of todays birding was a very active flock of American Robins that were eating holly berries.,NIAGARA-SW,0,1.0,Red-bellied Woodpecker,,,
S207683722,S207683722,1,Moore,284.0,8.53,,35.1471875,Weymouth Woods Sandhills Nature Preserve,H,-79.3689895,wintering,1,2025-01-02,EBIRD_ATL_NC,Traveling,The highlight of todays birding was a very active flock of American Robins that were eating holly berries.,NIAGARA-SW,0,1.0,Red-cockaded Woodpecker,,,
S207683722,S207683722,1,Moore,284.0,8.53,,35.1471875,Weymouth Woods Sandhills Nature Preserve,H,-79.3689895,wintering,1,2025-01-02,EBIRD_ATL_NC,Traveling,The highlight of todays birding was a very active flock of American Robins that were eating holly berries.,NIAGARA-SW,0,1.0,Red-headed Woodpecker,,,
S207683722,S207683722,1,Moore,284.0,8.53,,35.1471875,Weymouth Woods Sandhills Nature Preserve,H,-79.3689895,wintering,1,2025-01-02,EBIRD_ATL_NC,Traveling,The highlight of todays birding was a very active flock of American Robins that were eating holly berries.,NIAGARA-SW,0,1.0,Red-winged Blackbird,,,
S207683722,S207683722,1,Moore,284.0,8.53,,35.1471875,Weymouth Woods Sandhills Nature Preserve,H,-79.3689895,wintering,1,2025-01-02,EBIRD_ATL_NC,Traveling,The highlight of todays birding was a very active flock of American Robins that were eating holly berries.,NIAGARA-SW,0,1.0,Ruby-crowned Kinglet,,,
S207683722,S207683722,1,Moore,284.0,8.53,,35.1471875,Weymouth Woods Sandhills Nature Preserve,H,-79.3689895,wintering,1,2025-01-02,EBIRD_ATL_NC,Traveling,The highlight of todays birding was a very active flock of American Robins that were eating holly berries.,NIAGARA-SW,0,1.0,Song Sparrow,,,
S207683722,S207683722,1,Moore,284.0,8.53,,35.1471875,Weymouth Woods Sandhills Nature Preserve,H,-79.3689895,wintering,1,2025-01-02,EBIRD_ATL_NC,Traveling,The highlight of todays birding was a very active flock of American Robins that were eating holly berries.,NIAGARA-SW,0,1.0,Swamp Sparrow,,,
S207683722,S207683722,1,Moore,284.0,8.53,,35.1471875,Weymouth Woods Sandhills Nature Preserve,H,-79.3689895,wintering,1,2025-01-02,EBIRD_ATL_NC,Traveling,The highlight of todays birding was a very active flock of American Robins that were eating holly berries.,NIAGARA-SW,0,1.0,Tufted Titmouse,,,
S207683722,S207683722,1,Moore,284.0,8.53,,35.1471875,Weymouth Woods Sandhills Nature Preserve,H,-79.3689895,wintering,1,2025-01-02,EBIRD_ATL_NC,Traveling,The highlight of todays birding was a very active flock of American Robins that were eating holly berries.,NIAGARA-SW,0,1.0,White-breasted Nuthatch,,,
S207683722,S207683722,1,Moore,284.0,8.53,,35.1471875,Weymouth Woods Sandhills Nature Preserve,H,-79.3689895,wintering,1,2025-01-02,EBIRD_ATL_NC,Traveling,The highlight of todays birding was a very active flock of American Robins that were eating holly berries.,NIAGARA-SW,0,1.0,White-throated Sparrow,,,
S207683722,S207683722,1,Moore,284.0,8.53,,35.1471875,Weymouth Woods Sandhills Nature Preserve,H,-79.3689895,wintering,1,2025-01-02,EBIRD_ATL_NC,Traveling,The highlight of todays birding was a very active flock of American Robins that were eating holly berries.,NIAGARA-SW,0,1.0,Yellow-bellied Sapsucker,,,
S207683722,S207683722,1,Moore,284.0,8.53,,35.1471875,Weymouth Woods Sandhills Nature Preserve,H,-79.3689895,wintering,1,2025-01-02,EBIRD_ATL_NC,Traveling,The highlight of todays birding was a very active flock of American Robins that were eating holly berries.,NIAGARA-SW,0,1.0,Yellow-rumped Warbler,,,
S207627780,S207627780,1,Moore,18.0,0.435,,35.162924,"680 N Bethesda Rd, Southern Pines US-NC (35.1629,-79.3756)",P,-79.375592,wintering,1,2025-01-02,EBIRD_ATL_NC,Traveling,,SOUTHERN_PINES-SE,1,1.0,American Crow,,,
S207627780,S207627780,1,Moore,18.0,0.435,,35.162924,"680 N Bethesda Rd, Southern Pines US-NC (35.1629,-79.3756)",P,-79.375592,wintering,1,2025-01-02,EBIRD_ATL_NC,Traveling,,SOUTHERN_PINES-SE,1,1.0,Northern Cardinal,,,
S207627780,S207627780,1,Moore,18.0,0.435,,35.162924,"680 N Bethesda Rd, Southern Pines US-NC (35.1629,-79.3756)",P,-79.375592,wintering,1,2025-01-02,EBIRD_ATL_NC,Traveling,,SOUTHERN_PINES-SE,1,1.0,White-breasted Nuthatch,,,
S207627780,S207627780,1,Moore,18.0,0.435,,35.162924,"680 N Bethesda Rd, Southern Pines US-NC (35.1629,-79.3756)",P,-79.375592,wintering,1,2025-01-02,EBIRD_ATL_NC,Traveling,,SOUTHERN_PINES-SE,1,1.0,Yellow-bellied Sapsucker,,,
S207748031,S207748031,1,Moore,175.0,4.93,,35.1471875,Weymouth Woods Sandhills Nature Preserve,H,-79.3689895,wintering,1,2025-01-02,EBIRD_ATL_NC,Traveling,,NIAGARA-SW,0,1.0,American Crow,,,
S207748031,S207748031,1,Moore,175.0,4.93,,35.1471875,Weymouth Woods Sandhills Nature Preserve,H,-79.3689895,wintering,1,2025-01-02,EBIRD_ATL_NC,Traveling,,NIAGARA-SW,0,1.0,American Goldfinch,,,
S207748031,S207748031,1,Moore,175.0,4.93,,35.1471875,Weymouth Woods Sandhills Nature Preserve,H,-79.3689895,wintering,1,2025-01-02,EBIRD_ATL_NC,Traveling,,NIAGARA-SW,0,1.0,American Robin,,,
S207748031,S207748031,1,Moore,175.0,4.93,,35.1471875,Weymouth Woods Sandhills Nature Preserve,H,-79.3689895,wintering,1,2025-01-02,EBIRD_ATL_NC,Traveling,,NIAGARA-SW,0,1.0,Blue Jay,,,
S207748031,S207748031,1,Moore,175.0,4.93,,35.1471875,Weymouth Woods Sandhills Nature Preserve,H,-79.3689895,wintering,1,2025-01-02,EBIRD_ATL_NC,Traveling,,NIAGARA-SW,0,1.0,Brown-headed Nuthatch,,,
S207748031,S207748031,1,Moore,175.0,4.93,,35.1471875,Weymouth Woods Sandhills Nature Preserve,H,-79.3689895,wintering,1,2025-01-02,EBIRD_ATL_NC,Traveling,,NIAGARA-SW,0,1.0,Brown Creeper,,,
S207748031,S207748031,1,Moore,175.0,4.93,,35.1471875,Weymouth Woods Sandhills Nature Preserve,H,-79.3689895,wintering,1,2025-01-02,EBIRD_ATL_NC,Traveling,,NIAGARA-SW,0,1.0,Brown Thrasher,,,
S207748031,S207748031,1,Moore,175.0,4.93,,35.1471875,Weymouth Woods Sandhills Nature Preserve,H,-79.3689895,wintering,1,2025-01-02,EBIRD_ATL_NC,Traveling,,NIAGARA-SW,0,1.0,Blue-headed Vireo,,,
S207748031,S207748031,1,Moore,175.0,4.93,,35.1471875,Weymouth Woods Sandhills Nature Preserve,H,-79.3689895,wintering,1,2025-01-02,EBIRD_ATL_NC,Traveling,,NIAGARA-SW,0,1.0,Carolina Chickadee,,,
S207748031,S207748031,1,Moore,175.0,4.93,,35.1471875,Weymouth Woods Sandhills Nature Preserve,H,-79.3689895,wintering,1,2025-01-02,EBIRD_ATL_NC,Traveling,,NIAGARA-SW,0,1.0,Carolina Wren,,,
S207748031,S207748031,1,Moore,175.0,4.93,,35.1471875,Weymouth Woods Sandhills Nature Preserve,H,-79.3689895,wintering,1,2025-01-02,EBIRD_ATL_NC,Traveling,,NIAGARA-SW,0,1.0,Chipping Sparrow,,,
S207748031,S207748031,1,Moore,175.0,4.93,,35.1471875,Weymouth Woods Sandhills Nature Preserve,H,-79.3689895,wintering,1,2025-01-02,EBIRD_ATL_NC,Traveling,,NIAGARA-SW,0,1.0,Dark-eyed Junco,,,
S207748031,S207748031,1,Moore,175.0,4.93,,35.1471875,Weymouth Woods Sandhills Nature Preserve,H,-79.3689895,wintering,1,2025-01-02,EBIRD_ATL_NC,Traveling,,NIAGARA-SW,0,1.0,Downy Woodpecker,,,
S207748031,S207748031,1,Moore,175.0,4.93,,35.1471875,Weymouth Woods Sandhills Nature Preserve,H,-79.3689895,wintering,1,2025-01-02,EBIRD_ATL_NC,Traveling,,NIAGARA-SW,0,1.0,Eastern Phoebe,,,
S207748031,S207748031,1,Moore,175.0,4.93,,35.1471875,Weymouth Woods Sandhills Nature Preserve,H,-79.3689895,wintering,1,2025-01-02,EBIRD_ATL_NC,Traveling,,NIAGARA-SW,0,1.0,Eastern Towhee,,,
S207748031,S207748031,1,Moore,175.0,4.93,,35.1471875,Weymouth Woods Sandhills Nature Preserve,H,-79.3689895,wintering,1,2025-01-02,EBIRD_ATL_NC,Traveling,,NIAGARA-SW,0,1.0,Fox Sparrow,,,
S207748031,S207748031,1,Moore,175.0,4.93,,35.1471875,Weymouth Woods Sandhills Nature Preserve,H,-79.3689895,wintering,1,2025-01-02,EBIRD_ATL_NC,Traveling,,NIAGARA-SW,0,1.0,Golden-crowned Kinglet,,,
S207748031,S207748031,1,Moore,175.0,4.93,,35.1471875,Weymouth Woods Sandhills Nature Preserve,H,-79.3689895,wintering,1,2025-01-02,EBIRD_ATL_NC,Traveling,,NIAGARA-SW,0,1.0,Gray Catbird,,,
S207748031,S207748031,1,Moore,175.0,4.93,,35.1471875,Weymouth Woods Sandhills Nature Preserve,H,-79.3689895,wintering,1,2025-01-02,EBIRD_ATL_NC,Traveling,,NIAGARA-SW,0,1.0,Hairy Woodpecker,,,
S207748031,S207748031,1,Moore,175.0,4.93,,35.1471875,Weymouth Woods Sandhills Nature Preserve,H,-79.3689895,wintering,1,2025-01-02,EBIRD_ATL_NC,Traveling,,NIAGARA-SW,0,1.0,Hermit Thrush,,,
S207748031,S207748031,1,Moore,175.0,4.93,,35.1471875,Weymouth Woods Sandhills Nature Preserve,H,-79.3689895,wintering,1,2025-01-02,EBIRD_ATL_NC,Traveling,,NIAGARA-SW,0,1.0,House Finch,,,
S207748031,S207748031,1,Moore,175.0,4.93,,35.1471875,Weymouth Woods Sandhills Nature Preserve,H,-79.3689895,wintering,1,2025-01-02,EBIRD_ATL_NC,Traveling,,NIAGARA-SW,0,1.0,Northern Cardinal,,,
S207748031,S207748031,1,Moore,175.0,4.93,,35.1471875,Weymouth Woods Sandhills Nature Preserve,H,-79.3689895,wintering,1,2025-01-02,EBIRD_ATL_NC,Traveling,,NIAGARA-SW,0,1.0,Northern Flicker,,,
S207748031,S207748031,1,Moore,175.0,4.93,,35.1471875,Weymouth Woods Sandhills Nature Preserve,H,-79.3689895,wintering,1,2025-01-02,EBIRD_ATL_NC,Traveling,,NIAGARA-SW,0,1.0,Pileated Woodpecker,,,
S207748031,S207748031,1,Moore,175.0,4.93,,35.1471875,Weymouth Woods Sandhills Nature Preserve,H,-79.3689895,wintering,1,2025-01-02,EBIRD_ATL_NC,Traveling,,NIAGARA-SW,0,1.0,Pine Warbler,,,
S207748031,S207748031,1,Moore,175.0,4.93,,35.1471875,Weymouth Woods Sandhills Nature Preserve,H,-79.3689895,wintering,1,2025-01-02,EBIRD_ATL_NC,Traveling,,NIAGARA-SW,0,1.0,Red-bellied Woodpecker,,,
S207748031,S207748031,1,Moore,175.0,4.93,,35.1471875,Weymouth Woods Sandhills Nature Preserve,H,-79.3689895,wintering,1,2025-01-02,EBIRD_ATL_NC,Traveling,,NIAGARA-SW,0,1.0,Red-cockaded Woodpecker,,,
S207748031,S207748031,1,Moore,175.0,4.93,,35.1471875,Weymouth Woods Sandhills Nature Preserve,H,-79.3689895,wintering,1,2025-01-02,EBIRD_ATL_NC,Traveling,,NIAGARA-SW,0,1.0,Red-headed Woodpecker,,,
S207748031,S207748031,1,Moore,175.0,4.93,,35.1471875,Weymouth Woods Sandhills Nature Preserve,H,-79.3689895,wintering,1,2025-01-02,EBIRD_ATL_NC,Traveling,,NIAGARA-SW,0,1.0,Red-winged Blackbird,,,
S207748031,S207748031,1,Moore,175.0,4.93,,35.1471875,Weymouth Woods Sandhills Nature Preserve,H,-79.3689895,wintering,1,2025-01-02,EBIRD_ATL_NC,Traveling,,NIAGARA-SW,0,1.0,Ruby-crowned Kinglet,,,
S207748031,S207748031,1,Moore,175.0,4.93,,35.1471875,Weymouth Woods Sandhills Nature Preserve,H,-79.3689895,wintering,1,2025-01-02,EBIRD_ATL_NC,Traveling,,NIAGARA-SW,0,1.0,Tufted Titmouse,,,
S207748031,S207748031,1,Moore,175.0,4.93,,35.1471875,Weymouth Woods Sandhills Nature Preserve,H,-79.3689895,wintering,1,2025-01-02,EBIRD_ATL_NC,Traveling,,NIAGARA-SW,0,1.0,Turkey Vulture,,,
S207748031,S207748031,1,Moore,175.0,4.93,,35.1471875,Weymouth Woods Sandhills Nature Preserve,H,-79.3689895,wintering,1,2025-01-02,EBIRD_ATL_NC,Traveling,,NIAGARA-SW,0,1.0,White-breasted Nuthatch,,,
S207748031,S207748031,1,Moore,175.0,4.93,,35.1471875,Weymouth Woods Sandhills Nature Preserve,H,-79.3689895,wintering,1,2025-01-02,EBIRD_ATL_NC,Traveling,,NIAGARA-SW,0,1.0,White-throated Sparrow,,,
S207748031,S207748031,1,Moore,175.0,4.93,,35.1471875,Weymouth Woods Sandhills Nature Preserve,H,-79.3689895,wintering,1,2025-01-02,EBIRD_ATL_NC,Traveling,,NIAGARA-SW,0,1.0,Wood Duck,,,
S207748031,S207748031,1,Moore,175.0,4.93,,35.1471875,Weymouth Woods Sandhills Nature Preserve,H,-79.3689895,wintering,1,2025-01-02,EBIRD_ATL_NC,Traveling,,NIAGARA-SW,0,1.0,Yellow-bellied Sapsucker,,,
S207643648,S207643648,1,Moore,35.0,0,,35.181817,"Windy Ridge, Foxfire US-NC (private)",P,-79.574135,wintering,1,2025-01-02,EBIRD_ATL_NC,Stationary,"37F, Sunny",WEST_END-CW,0,1,American Crow,,,
S207643648,S207643648,1,Moore,35.0,0,,35.181817,"Windy Ridge, Foxfire US-NC (private)",P,-79.574135,wintering,1,2025-01-02,EBIRD_ATL_NC,Stationary,"37F, Sunny",WEST_END-CW,0,1,American Robin,,,
S207643648,S207643648,1,Moore,35.0,0,,35.181817,"Windy Ridge, Foxfire US-NC (private)",P,-79.574135,wintering,1,2025-01-02,EBIRD_ATL_NC,Stationary,"37F, Sunny",WEST_END-CW,0,1,Blue Jay,,,
S207643648,S207643648,1,Moore,35.0,0,,35.181817,"Windy Ridge, Foxfire US-NC (private)",P,-79.574135,wintering,1,2025-01-02,EBIRD_ATL_NC,Stationary,"37F, Sunny",WEST_END-CW,0,1,Brown-headed Nuthatch,,,
S207643648,S207643648,1,Moore,35.0,0,,35.181817,"Windy Ridge, Foxfire US-NC (private)",P,-79.574135,wintering,1,2025-01-02,EBIRD_ATL_NC,Stationary,"37F, Sunny",WEST_END-CW,0,1,Carolina Chickadee,,,
S207643648,S207643648,1,Moore,35.0,0,,35.181817,"Windy Ridge, Foxfire US-NC (private)",P,-79.574135,wintering,1,2025-01-02,EBIRD_ATL_NC,Stationary,"37F, Sunny",WEST_END-CW,0,1,Cedar Waxwing,,,
S207643648,S207643648,1,Moore,35.0,0,,35.181817,"Windy Ridge, Foxfire US-NC (private)",P,-79.574135,wintering,1,2025-01-02,EBIRD_ATL_NC,Stationary,"37F, Sunny",WEST_END-CW,0,1,Chipping Sparrow,,,
S207643648,S207643648,1,Moore,35.0,0,,35.181817,"Windy Ridge, Foxfire US-NC (private)",P,-79.574135,wintering,1,2025-01-02,EBIRD_ATL_NC,Stationary,"37F, Sunny",WEST_END-CW,0,1,Dark-eyed Junco,,,
S207643648,S207643648,1,Moore,35.0,0,,35.181817,"Windy Ridge, Foxfire US-NC (private)",P,-79.574135,wintering,1,2025-01-02,EBIRD_ATL_NC,Stationary,"37F, Sunny",WEST_END-CW,0,1,Downy Woodpecker,,,
S207643648,S207643648,1,Moore,35.0,0,,35.181817,"Windy Ridge, Foxfire US-NC (private)",P,-79.574135,wintering,1,2025-01-02,EBIRD_ATL_NC,Stationary,"37F, Sunny",WEST_END-CW,0,1,Eastern Bluebird,,,
S207643648,S207643648,1,Moore,35.0,0,,35.181817,"Windy Ridge, Foxfire US-NC (private)",P,-79.574135,wintering,1,2025-01-02,EBIRD_ATL_NC,Stationary,"37F, Sunny",WEST_END-CW,0,1,Mourning Dove,,,
S207643648,S207643648,1,Moore,35.0,0,,35.181817,"Windy Ridge, Foxfire US-NC (private)",P,-79.574135,wintering,1,2025-01-02,EBIRD_ATL_NC,Stationary,"37F, Sunny",WEST_END-CW,0,1,Northern Flicker,,,
S207643648,S207643648,1,Moore,35.0,0,,35.181817,"Windy Ridge, Foxfire US-NC (private)",P,-79.574135,wintering,1,2025-01-02,EBIRD_ATL_NC,Stationary,"37F, Sunny",WEST_END-CW,0,1,Pine Warbler,,,
S207643648,S207643648,1,Moore,35.0,0,,35.181817,"Windy Ridge, Foxfire US-NC (private)",P,-79.574135,wintering,1,2025-01-02,EBIRD_ATL_NC,Stationary,"37F, Sunny",WEST_END-CW,0,1,Red-bellied Woodpecker,,,
S207643648,S207643648,1,Moore,35.0,0,,35.181817,"Windy Ridge, Foxfire US-NC (private)",P,-79.574135,wintering,1,2025-01-02,EBIRD_ATL_NC,Stationary,"37F, Sunny",WEST_END-CW,0,1,Red-shouldered Hawk,,,
S207643648,S207643648,1,Moore,35.0,0,,35.181817,"Windy Ridge, Foxfire US-NC (private)",P,-79.574135,wintering,1,2025-01-02,EBIRD_ATL_NC,Stationary,"37F, Sunny",WEST_END-CW,0,1,White-breasted Nuthatch,,,
S207637566,S207637566,1,Nash,5.0,0,,36.0225595,"3756 Sykes Road, Nashville, North Carolina, US (36.023, -78.015)",P,-78.0151151,wintering,1,2025-01-02,EBIRD_ATL_NC,Stationary,Brief stop due to falcon on wire.,CASTALIA-SE,1,1.0,American Crow,,,
S207637566,S207637566,1,Nash,5.0,0,,36.0225595,"3756 Sykes Road, Nashville, North Carolina, US (36.023, -78.015)",P,-78.0151151,wintering,1,2025-01-02,EBIRD_ATL_NC,Stationary,Brief stop due to falcon on wire.,CASTALIA-SE,1,1.0,American Kestrel,,,Male on powerline. stop!
S207637566,S207637566,1,Nash,5.0,0,,36.0225595,"3756 Sykes Road, Nashville, North Carolina, US (36.023, -78.015)",P,-78.0151151,wintering,1,2025-01-02,EBIRD_ATL_NC,Stationary,Brief stop due to falcon on wire.,CASTALIA-SE,1,1.0,Eastern Bluebird,,,
S207645475,S207645475,1,Nash,5.0,0,,36.0153105,"NCBA Sykes At Campground Road, Nashville (36.015, -78.01)",P,-78.0098737,wintering,1,2025-01-02,EBIRD_ATL_NC,Stationary,Pond in field on east side f Sykes rd just south of snow hill,CASTALIA-SE,1,1.0,American Crow,,,
S207645475,S207645475,1,Nash,5.0,0,,36.0153105,"NCBA Sykes At Campground Road, Nashville (36.015, -78.01)",P,-78.0098737,wintering,1,2025-01-02,EBIRD_ATL_NC,Stationary,Pond in field on east side f Sykes rd just south of snow hill,CASTALIA-SE,1,1.0,American Kestrel,,,
S207645475,S207645475,1,Nash,5.0,0,,36.0153105,"NCBA Sykes At Campground Road, Nashville (36.015, -78.01)",P,-78.0098737,wintering,1,2025-01-02,EBIRD_ATL_NC,Stationary,Pond in field on east side f Sykes rd just south of snow hill,CASTALIA-SE,1,1.0,Canada Goose,,,In the pond in field east of road. Surprisingly busy place as it is only a short distance from the road.
S207645475,S207645475,1,Nash,5.0,0,,36.0153105,"NCBA Sykes At Campground Road, Nashville (36.015, -78.01)",P,-78.0098737,wintering,1,2025-01-02,EBIRD_ATL_NC,Stationary,Pond in field on east side f Sykes rd just south of snow hill,CASTALIA-SE,1,1.0,European Starling,,,
S207645475,S207645475,1,Nash,5.0,0,,36.0153105,"NCBA Sykes At Campground Road, Nashville (36.015, -78.01)",P,-78.0098737,wintering,1,2025-01-02,EBIRD_ATL_NC,Stationary,Pond in field on east side f Sykes rd just south of snow hill,CASTALIA-SE,1,1.0,Hooded Merganser,,,"Only saw one male. In same pond as CANG and RNDU, surprisingly close to the road for waterfowl. But they were catching a lot of fish, so that must be an incentive."
S207645475,S207645475,1,Nash,5.0,0,,36.0153105,"NCBA Sykes At Campground Road, Nashville (36.015, -78.01)",P,-78.0098737,wintering,1,2025-01-02,EBIRD_ATL_NC,Stationary,Pond in field on east side f Sykes rd just south of snow hill,CASTALIA-SE,1,1.0,Ring-necked Duck,,,In same pond as CANG and HOME. Mostly male but not sure of the ratio.
S207645475,S207645475,1,Nash,5.0,0,,36.0153105,"NCBA Sykes At Campground Road, Nashville (36.015, -78.01)",P,-78.0098737,wintering,1,2025-01-02,EBIRD_ATL_NC,Stationary,Pond in field on east side f Sykes rd just south of snow hill,CASTALIA-SE,1,1.0,Turkey Vulture,,,
S207643795,S207643795,1,Nash,15.0,0,,36.010566,"NCBA Creek Crossing Near 3010 Sykes Road (36.011, -78.008)",P,-78.008265,wintering,1,2025-01-02,EBIRD_ATL_NC,Stationary,3F sunny breezy. At creek crossing,CASTALIA-SE,1,1.0,American Crow,,,
S207643795,S207643795,1,Nash,15.0,0,,36.010566,"NCBA Creek Crossing Near 3010 Sykes Road (36.011, -78.008)",P,-78.008265,wintering,1,2025-01-02,EBIRD_ATL_NC,Stationary,3F sunny breezy. At creek crossing,CASTALIA-SE,1,1.0,American Robin,,,
S207643795,S207643795,1,Nash,15.0,0,,36.010566,"NCBA Creek Crossing Near 3010 Sykes Road (36.011, -78.008)",P,-78.008265,wintering,1,2025-01-02,EBIRD_ATL_NC,Stationary,3F sunny breezy. At creek crossing,CASTALIA-SE,1,1.0,Blue Jay,,,
S207643795,S207643795,1,Nash,15.0,0,,36.010566,"NCBA Creek Crossing Near 3010 Sykes Road (36.011, -78.008)",P,-78.008265,wintering,1,2025-01-02,EBIRD_ATL_NC,Stationary,3F sunny breezy. At creek crossing,CASTALIA-SE,1,1.0,Carolina Chickadee,,,
S207643795,S207643795,1,Nash,15.0,0,,36.010566,"NCBA Creek Crossing Near 3010 Sykes Road (36.011, -78.008)",P,-78.008265,wintering,1,2025-01-02,EBIRD_ATL_NC,Stationary,3F sunny breezy. At creek crossing,CASTALIA-SE,1,1.0,Carolina Wren,,,
S207643795,S207643795,1,Nash,15.0,0,,36.010566,"NCBA Creek Crossing Near 3010 Sykes Road (36.011, -78.008)",P,-78.008265,wintering,1,2025-01-02,EBIRD_ATL_NC,Stationary,3F sunny breezy. At creek crossing,CASTALIA-SE,1,1.0,Northern Cardinal,,,
S207643795,S207643795,1,Nash,15.0,0,,36.010566,"NCBA Creek Crossing Near 3010 Sykes Road (36.011, -78.008)",P,-78.008265,wintering,1,2025-01-02,EBIRD_ATL_NC,Stationary,3F sunny breezy. At creek crossing,CASTALIA-SE,1,1.0,Northern Flicker,,,
S207643795,S207643795,1,Nash,15.0,0,,36.010566,"NCBA Creek Crossing Near 3010 Sykes Road (36.011, -78.008)",P,-78.008265,wintering,1,2025-01-02,EBIRD_ATL_NC,Stationary,3F sunny breezy. At creek crossing,CASTALIA-SE,1,1.0,Ruby-crowned Kinglet,,,
S207643795,S207643795,1,Nash,15.0,0,,36.010566,"NCBA Creek Crossing Near 3010 Sykes Road (36.011, -78.008)",P,-78.008265,wintering,1,2025-01-02,EBIRD_ATL_NC,Stationary,3F sunny breezy. At creek crossing,CASTALIA-SE,1,1.0,Song Sparrow,,,
S207643795,S207643795,1,Nash,15.0,0,,36.010566,"NCBA Creek Crossing Near 3010 Sykes Road (36.011, -78.008)",P,-78.008265,wintering,1,2025-01-02,EBIRD_ATL_NC,Stationary,3F sunny breezy. At creek crossing,CASTALIA-SE,1,1.0,Swamp Sparrow,,,
S207643795,S207643795,1,Nash,15.0,0,,36.010566,"NCBA Creek Crossing Near 3010 Sykes Road (36.011, -78.008)",P,-78.008265,wintering,1,2025-01-02,EBIRD_ATL_NC,Stationary,3F sunny breezy. At creek crossing,CASTALIA-SE,1,1.0,White-throated Sparrow,,,
S207640434,S207640434,1,Nash,15.0,0,,36.0033565,"2644 Boddie Mill Pond Road (36.003, -78.039)",P,-78.0388102,wintering,1,2025-01-02,EBIRD_ATL_NC,Stationary,34F sunny no wind.,CASTALIA-SE,1,1.0,American Crow,,,
S207640434,S207640434,1,Nash,15.0,0,,36.0033565,"2644 Boddie Mill Pond Road (36.003, -78.039)",P,-78.0388102,wintering,1,2025-01-02,EBIRD_ATL_NC,Stationary,34F sunny no wind.,CASTALIA-SE,1,1.0,American Goldfinch,,,
S207640434,S207640434,1,Nash,15.0,0,,36.0033565,"2644 Boddie Mill Pond Road (36.003, -78.039)",P,-78.0388102,wintering,1,2025-01-02,EBIRD_ATL_NC,Stationary,34F sunny no wind.,CASTALIA-SE,1,1.0,American Robin,,,
S207640434,S207640434,1,Nash,15.0,0,,36.0033565,"2644 Boddie Mill Pond Road (36.003, -78.039)",P,-78.0388102,wintering,1,2025-01-02,EBIRD_ATL_NC,Stationary,34F sunny no wind.,CASTALIA-SE,1,1.0,Blue Jay,,,
S207640434,S207640434,1,Nash,15.0,0,,36.0033565,"2644 Boddie Mill Pond Road (36.003, -78.039)",P,-78.0388102,wintering,1,2025-01-02,EBIRD_ATL_NC,Stationary,34F sunny no wind.,CASTALIA-SE,1,1.0,Canada Goose,,,
S207640434,S207640434,1,Nash,15.0,0,,36.0033565,"2644 Boddie Mill Pond Road (36.003, -78.039)",P,-78.0388102,wintering,1,2025-01-02,EBIRD_ATL_NC,Stationary,34F sunny no wind.,CASTALIA-SE,1,1.0,Carolina Wren,,,
S207640434,S207640434,1,Nash,15.0,0,,36.0033565,"2644 Boddie Mill Pond Road (36.003, -78.039)",P,-78.0388102,wintering,1,2025-01-02,EBIRD_ATL_NC,Stationary,34F sunny no wind.,CASTALIA-SE,1,1.0,Eastern Phoebe,,,
S207640434,S207640434,1,Nash,15.0,0,,36.0033565,"2644 Boddie Mill Pond Road (36.003, -78.039)",P,-78.0388102,wintering,1,2025-01-02,EBIRD_ATL_NC,Stationary,34F sunny no wind.,CASTALIA-SE,1,1.0,Northern Mockingbird,,,
S207640434,S207640434,1,Nash,15.0,0,,36.0033565,"2644 Boddie Mill Pond Road (36.003, -78.039)",P,-78.0388102,wintering,1,2025-01-02,EBIRD_ATL_NC,Stationary,34F sunny no wind.,CASTALIA-SE,1,1.0,Red-bellied Woodpecker,,,
S207640434,S207640434,1,Nash,15.0,0,,36.0033565,"2644 Boddie Mill Pond Road (36.003, -78.039)",P,-78.0388102,wintering,1,2025-01-02,EBIRD_ATL_NC,Stationary,34F sunny no wind.,CASTALIA-SE,1,1.0,Song Sparrow,,,
S207640434,S207640434,1,Nash,15.0,0,,36.0033565,"2644 Boddie Mill Pond Road (36.003, -78.039)",P,-78.0388102,wintering,1,2025-01-02,EBIRD_ATL_NC,Stationary,34F sunny no wind.,CASTALIA-SE,1,1.0,Yellow-rumped Warbler,,,
S207654909,S207654909,1,New Hanover,36.0,1.091,,34.214729,"Airlie Gardens, Wilmington US-NC 34.21473, -77.82928",P,-77.82928,wintering,1,2025-01-02,EBIRD_ATL_NC,Traveling,,WRIGHTSVILLE_BEACH-NW,0,1.0,American Crow,,,
S207654909,S207654909,1,New Hanover,36.0,1.091,,34.214729,"Airlie Gardens, Wilmington US-NC 34.21473, -77.82928",P,-77.82928,wintering,1,2025-01-02,EBIRD_ATL_NC,Traveling,,WRIGHTSVILLE_BEACH-NW,0,1.0,Black-crowned Night Heron,,,
S207654909,S207654909,1,New Hanover,36.0,1.091,,34.214729,"Airlie Gardens, Wilmington US-NC 34.21473, -77.82928",P,-77.82928,wintering,1,2025-01-02,EBIRD_ATL_NC,Traveling,,WRIGHTSVILLE_BEACH-NW,0,1.0,Belted Kingfisher,,,
S207654909,S207654909,1,New Hanover,36.0,1.091,,34.214729,"Airlie Gardens, Wilmington US-NC 34.21473, -77.82928",P,-77.82928,wintering,1,2025-01-02,EBIRD_ATL_NC,Traveling,,WRIGHTSVILLE_BEACH-NW,0,1.0,Carolina Wren,,,
S207654909,S207654909,1,New Hanover,36.0,1.091,,34.214729,"Airlie Gardens, Wilmington US-NC 34.21473, -77.82928",P,-77.82928,wintering,1,2025-01-02,EBIRD_ATL_NC,Traveling,,WRIGHTSVILLE_BEACH-NW,0,1.0,Hooded Merganser,,,
S207654909,S207654909,1,New Hanover,36.0,1.091,,34.214729,"Airlie Gardens, Wilmington US-NC 34.21473, -77.82928",P,-77.82928,wintering,1,2025-01-02,EBIRD_ATL_NC,Traveling,,WRIGHTSVILLE_BEACH-NW,0,1.0,Laughing Gull,,,
S207654909,S207654909,1,New Hanover,36.0,1.091,,34.214729,"Airlie Gardens, Wilmington US-NC 34.21473, -77.82928",P,-77.82928,wintering,1,2025-01-02,EBIRD_ATL_NC,Traveling,,WRIGHTSVILLE_BEACH-NW,0,1.0,Northern Cardinal,,,
S207654909,S207654909,1,New Hanover,36.0,1.091,,34.214729,"Airlie Gardens, Wilmington US-NC 34.21473, -77.82928",P,-77.82928,wintering,1,2025-01-02,EBIRD_ATL_NC,Traveling,,WRIGHTSVILLE_BEACH-NW,0,1.0,Red-bellied Woodpecker,,,
S207654909,S207654909,1,New Hanover,36.0,1.091,,34.214729,"Airlie Gardens, Wilmington US-NC 34.21473, -77.82928",P,-77.82928,wintering,1,2025-01-02,EBIRD_ATL_NC,Traveling,,WRIGHTSVILLE_BEACH-NW,0,1.0,Red-shouldered Hawk,,,
S207654909,S207654909,1,New Hanover,36.0,1.091,,34.214729,"Airlie Gardens, Wilmington US-NC 34.21473, -77.82928",P,-77.82928,wintering,1,2025-01-02,EBIRD_ATL_NC,Traveling,,WRIGHTSVILLE_BEACH-NW,0,1.0,Red-tailed Hawk,,,
S207654909,S207654909,1,New Hanover,36.0,1.091,,34.214729,"Airlie Gardens, Wilmington US-NC 34.21473, -77.82928",P,-77.82928,wintering,1,2025-01-02,EBIRD_ATL_NC,Traveling,,WRIGHTSVILLE_BEACH-NW,0,1.0,Ring-billed Gull,,,
S207654909,S207654909,1,New Hanover,36.0,1.091,,34.214729,"Airlie Gardens, Wilmington US-NC 34.21473, -77.82928",P,-77.82928,wintering,1,2025-01-02,EBIRD_ATL_NC,Traveling,,WRIGHTSVILLE_BEACH-NW,0,1.0,Turkey Vulture,,,
S207654909,S207654909,1,New Hanover,36.0,1.091,,34.214729,"Airlie Gardens, Wilmington US-NC 34.21473, -77.82928",P,-77.82928,wintering,1,2025-01-02,EBIRD_ATL_NC,Traveling,,WRIGHTSVILLE_BEACH-NW,0,1.0,White Ibis,,,
S207647111,S207647111,1,New Hanover,47.0,0.776,,34.215,Airlie Gardens,H,-77.8294444,wintering,1,2025-01-02,EBIRD_ATL_NC,Traveling,,WRIGHTSVILLE_BEACH-NW,0,1.0,American Crow,,,
S207647111,S207647111,1,New Hanover,47.0,0.776,,34.215,Airlie Gardens,H,-77.8294444,wintering,1,2025-01-02,EBIRD_ATL_NC,Traveling,,WRIGHTSVILLE_BEACH-NW,0,1.0,Anhinga,,,
S207647111,S207647111,1,New Hanover,47.0,0.776,,34.215,Airlie Gardens,H,-77.8294444,wintering,1,2025-01-02,EBIRD_ATL_NC,Traveling,,WRIGHTSVILLE_BEACH-NW,0,1.0,Bald Eagle,,,
S207647111,S207647111,1,New Hanover,47.0,0.776,,34.215,Airlie Gardens,H,-77.8294444,wintering,1,2025-01-02,EBIRD_ATL_NC,Traveling,,WRIGHTSVILLE_BEACH-NW,0,1.0,Black-crowned Night Heron,,,
S207647111,S207647111,1,New Hanover,47.0,0.776,,34.215,Airlie Gardens,H,-77.8294444,wintering,1,2025-01-02,EBIRD_ATL_NC,Traveling,,WRIGHTSVILLE_BEACH-NW,0,1.0,Double-crested Cormorant,,,
S207647111,S207647111,1,New Hanover,47.0,0.776,,34.215,Airlie Gardens,H,-77.8294444,wintering,1,2025-01-02,EBIRD_ATL_NC,Traveling,,WRIGHTSVILLE_BEACH-NW,0,1.0,Great Blue Heron,,,
S207647111,S207647111,1,New Hanover,47.0,0.776,,34.215,Airlie Gardens,H,-77.8294444,wintering,1,2025-01-02,EBIRD_ATL_NC,Traveling,,WRIGHTSVILLE_BEACH-NW,0,1.0,Great Egret,,,
S207647111,S207647111,1,New Hanover,47.0,0.776,,34.215,Airlie Gardens,H,-77.8294444,wintering,1,2025-01-02,EBIRD_ATL_NC,Traveling,,WRIGHTSVILLE_BEACH-NW,0,1.0,Hooded Merganser,,,
S207647111,S207647111,1,New Hanover,47.0,0.776,,34.215,Airlie Gardens,H,-77.8294444,wintering,1,2025-01-02,EBIRD_ATL_NC,Traveling,,WRIGHTSVILLE_BEACH-NW,0,1.0,Mallard,,,
S207647111,S207647111,1,New Hanover,47.0,0.776,,34.215,Airlie Gardens,H,-77.8294444,wintering,1,2025-01-02,EBIRD_ATL_NC,Traveling,,WRIGHTSVILLE_BEACH-NW,0,1.0,Osprey,,,
S207647111,S207647111,1,New Hanover,47.0,0.776,,34.215,Airlie Gardens,H,-77.8294444,wintering,1,2025-01-02,EBIRD_ATL_NC,Traveling,,WRIGHTSVILLE_BEACH-NW,0,1.0,Pied-billed Grebe,,,
S207647111,S207647111,1,New Hanover,47.0,0.776,,34.215,Airlie Gardens,H,-77.8294444,wintering,1,2025-01-02,EBIRD_ATL_NC,Traveling,,WRIGHTSVILLE_BEACH-NW,0,1.0,Pileated Woodpecker,,,
S207647111,S207647111,1,New Hanover,47.0,0.776,,34.215,Airlie Gardens,H,-77.8294444,wintering,1,2025-01-02,EBIRD_ATL_NC,Traveling,,WRIGHTSVILLE_BEACH-NW,0,1.0,Ruby-crowned Kinglet,,,
S207647111,S207647111,1,New Hanover,47.0,0.776,,34.215,Airlie Gardens,H,-77.8294444,wintering,1,2025-01-02,EBIRD_ATL_NC,Traveling,,WRIGHTSVILLE_BEACH-NW,0,1.0,Snowy Egret,,,
S207647111,S207647111,1,New Hanover,47.0,0.776,,34.215,Airlie Gardens,H,-77.8294444,wintering,1,2025-01-02,EBIRD_ATL_NC,Traveling,,WRIGHTSVILLE_BEACH-NW,0,1.0,White Ibis,,,
S207647111,S207647111,1,New Hanover,47.0,0.776,,34.215,Airlie Gardens,H,-77.8294444,wintering,1,2025-01-02,EBIRD_ATL_NC,Traveling,,WRIGHTSVILLE_BEACH-NW,0,1.0,Wood Duck,,,
S207743581,S207743581,1,Onslow,23.0,0.241,,34.78199,"Lyman SE—Batchelor Rd, Richlands US-NC (34.7820,-77.6490)",P,-77.648976,wintering,1,2025-01-02,EBIRD_ATL_NC,Traveling,,LYMAN-SE,1,1.0,American Crow,,,
S207743581,S207743581,1,Onslow,23.0,0.241,,34.78199,"Lyman SE—Batchelor Rd, Richlands US-NC (34.7820,-77.6490)",P,-77.648976,wintering,1,2025-01-02,EBIRD_ATL_NC,Traveling,,LYMAN-SE,1,1.0,American Robin,,,
S207743581,S207743581,1,Onslow,23.0,0.241,,34.78199,"Lyman SE—Batchelor Rd, Richlands US-NC (34.7820,-77.6490)",P,-77.648976,wintering,1,2025-01-02,EBIRD_ATL_NC,Traveling,,LYMAN-SE,1,1.0,Blue Jay,,,
S207743581,S207743581,1,Onslow,23.0,0.241,,34.78199,"Lyman SE—Batchelor Rd, Richlands US-NC (34.7820,-77.6490)",P,-77.648976,wintering,1,2025-01-02,EBIRD_ATL_NC,Traveling,,LYMAN-SE,1,1.0,Carolina Wren,,,
S207743581,S207743581,1,Onslow,23.0,0.241,,34.78199,"Lyman SE—Batchelor Rd, Richlands US-NC (34.7820,-77.6490)",P,-77.648976,wintering,1,2025-01-02,EBIRD_ATL_NC,Traveling,,LYMAN-SE,1,1.0,Eastern Towhee,,,
S207743581,S207743581,1,Onslow,23.0,0.241,,34.78199,"Lyman SE—Batchelor Rd, Richlands US-NC (34.7820,-77.6490)",P,-77.648976,wintering,1,2025-01-02,EBIRD_ATL_NC,Traveling,,LYMAN-SE,1,1.0,Gray Catbird,,,
S207743581,S207743581,1,Onslow,23.0,0.241,,34.78199,"Lyman SE—Batchelor Rd, Richlands US-NC (34.7820,-77.6490)",P,-77.648976,wintering,1,2025-01-02,EBIRD_ATL_NC,Traveling,,LYMAN-SE,1,1.0,Northern Cardinal,,,
S207743581,S207743581,1,Onslow,23.0,0.241,,34.78199,"Lyman SE—Batchelor Rd, Richlands US-NC (34.7820,-77.6490)",P,-77.648976,wintering,1,2025-01-02,EBIRD_ATL_NC,Traveling,,LYMAN-SE,1,1.0,Purple Finch,,,
S207743581,S207743581,1,Onslow,23.0,0.241,,34.78199,"Lyman SE—Batchelor Rd, Richlands US-NC (34.7820,-77.6490)",P,-77.648976,wintering,1,2025-01-02,EBIRD_ATL_NC,Traveling,,LYMAN-SE,1,1.0,Red-bellied Woodpecker,,,
S207743581,S207743581,1,Onslow,23.0,0.241,,34.78199,"Lyman SE—Batchelor Rd, Richlands US-NC (34.7820,-77.6490)",P,-77.648976,wintering,1,2025-01-02,EBIRD_ATL_NC,Traveling,,LYMAN-SE,1,1.0,Ruby-crowned Kinglet,,,
S207743581,S207743581,1,Onslow,23.0,0.241,,34.78199,"Lyman SE—Batchelor Rd, Richlands US-NC (34.7820,-77.6490)",P,-77.648976,wintering,1,2025-01-02,EBIRD_ATL_NC,Traveling,,LYMAN-SE,1,1.0,Swamp Sparrow,,,
S207743581,S207743581,1,Onslow,23.0,0.241,,34.78199,"Lyman SE—Batchelor Rd, Richlands US-NC (34.7820,-77.6490)",P,-77.648976,wintering,1,2025-01-02,EBIRD_ATL_NC,Traveling,,LYMAN-SE,1,1.0,Tufted Titmouse,,,
S207743581,S207743581,1,Onslow,23.0,0.241,,34.78199,"Lyman SE—Batchelor Rd, Richlands US-NC (34.7820,-77.6490)",P,-77.648976,wintering,1,2025-01-02,EBIRD_ATL_NC,Traveling,,LYMAN-SE,1,1.0,Turkey Vulture,,,
S207742850,S207742850,1,Onslow,10.0,0,,34.760309,"Lyman SE—Bear Pond Rd, Richlands US-NC (34.7603,-77.6789)",P,-77.678939,wintering,1,2025-01-02,EBIRD_ATL_NC,Stationary,,LYMAN-SE,1,1.0,American Crow,,,
S207742850,S207742850,1,Onslow,10.0,0,,34.760309,"Lyman SE—Bear Pond Rd, Richlands US-NC (34.7603,-77.6789)",P,-77.678939,wintering,1,2025-01-02,EBIRD_ATL_NC,Stationary,,LYMAN-SE,1,1.0,American Goldfinch,,,
S207742850,S207742850,1,Onslow,10.0,0,,34.760309,"Lyman SE—Bear Pond Rd, Richlands US-NC (34.7603,-77.6789)",P,-77.678939,wintering,1,2025-01-02,EBIRD_ATL_NC,Stationary,,LYMAN-SE,1,1.0,Brown-headed Nuthatch,,,
S207742850,S207742850,1,Onslow,10.0,0,,34.760309,"Lyman SE—Bear Pond Rd, Richlands US-NC (34.7603,-77.6789)",P,-77.678939,wintering,1,2025-01-02,EBIRD_ATL_NC,Stationary,,LYMAN-SE,1,1.0,Carolina Chickadee,,,
S207742850,S207742850,1,Onslow,10.0,0,,34.760309,"Lyman SE—Bear Pond Rd, Richlands US-NC (34.7603,-77.6789)",P,-77.678939,wintering,1,2025-01-02,EBIRD_ATL_NC,Stationary,,LYMAN-SE,1,1.0,Carolina Wren,,,
S207742850,S207742850,1,Onslow,10.0,0,,34.760309,"Lyman SE—Bear Pond Rd, Richlands US-NC (34.7603,-77.6789)",P,-77.678939,wintering,1,2025-01-02,EBIRD_ATL_NC,Stationary,,LYMAN-SE,1,1.0,Chipping Sparrow,,,
S207742850,S207742850,1,Onslow,10.0,0,,34.760309,"Lyman SE—Bear Pond Rd, Richlands US-NC (34.7603,-77.6789)",P,-77.678939,wintering,1,2025-01-02,EBIRD_ATL_NC,Stationary,,LYMAN-SE,1,1.0,Downy Woodpecker,,,
S207742850,S207742850,1,Onslow,10.0,0,,34.760309,"Lyman SE—Bear Pond Rd, Richlands US-NC (34.7603,-77.6789)",P,-77.678939,wintering,1,2025-01-02,EBIRD_ATL_NC,Stationary,,LYMAN-SE,1,1.0,Golden-crowned Kinglet,,,
S207742850,S207742850,1,Onslow,10.0,0,,34.760309,"Lyman SE—Bear Pond Rd, Richlands US-NC (34.7603,-77.6789)",P,-77.678939,wintering,1,2025-01-02,EBIRD_ATL_NC,Stationary,,LYMAN-SE,1,1.0,Gray Catbird,,,
S207742850,S207742850,1,Onslow,10.0,0,,34.760309,"Lyman SE—Bear Pond Rd, Richlands US-NC (34.7603,-77.6789)",P,-77.678939,wintering,1,2025-01-02,EBIRD_ATL_NC,Stationary,,LYMAN-SE,1,1.0,Northern House Wren,,,
S207742850,S207742850,1,Onslow,10.0,0,,34.760309,"Lyman SE—Bear Pond Rd, Richlands US-NC (34.7603,-77.6789)",P,-77.678939,wintering,1,2025-01-02,EBIRD_ATL_NC,Stationary,,LYMAN-SE,1,1.0,Northern Cardinal,,,
S207742850,S207742850,1,Onslow,10.0,0,,34.760309,"Lyman SE—Bear Pond Rd, Richlands US-NC (34.7603,-77.6789)",P,-77.678939,wintering,1,2025-01-02,EBIRD_ATL_NC,Stationary,,LYMAN-SE,1,1.0,Pine Warbler,,,
S207742850,S207742850,1,Onslow,10.0,0,,34.760309,"Lyman SE—Bear Pond Rd, Richlands US-NC (34.7603,-77.6789)",P,-77.678939,wintering,1,2025-01-02,EBIRD_ATL_NC,Stationary,,LYMAN-SE,1,1.0,Red-bellied Woodpecker,,,
S207742850,S207742850,1,Onslow,10.0,0,,34.760309,"Lyman SE—Bear Pond Rd, Richlands US-NC (34.7603,-77.6789)",P,-77.678939,wintering,1,2025-01-02,EBIRD_ATL_NC,Stationary,,LYMAN-SE,1,1.0,Ruby-crowned Kinglet,,,
S207742850,S207742850,1,Onslow,10.0,0,,34.760309,"Lyman SE—Bear Pond Rd, Richlands US-NC (34.7603,-77.6789)",P,-77.678939,wintering,1,2025-01-02,EBIRD_ATL_NC,Stationary,,LYMAN-SE,1,1.0,Song Sparrow,,,
S207742850,S207742850,1,Onslow,10.0,0,,34.760309,"Lyman SE—Bear Pond Rd, Richlands US-NC (34.7603,-77.6789)",P,-77.678939,wintering,1,2025-01-02,EBIRD_ATL_NC,Stationary,,LYMAN-SE,1,1.0,Swamp Sparrow,,,
S207742850,S207742850,1,Onslow,10.0,0,,34.760309,"Lyman SE—Bear Pond Rd, Richlands US-NC (34.7603,-77.6789)",P,-77.678939,wintering,1,2025-01-02,EBIRD_ATL_NC,Stationary,,LYMAN-SE,1,1.0,Tufted Titmouse,,,
S207742850,S207742850,1,Onslow,10.0,0,,34.760309,"Lyman SE—Bear Pond Rd, Richlands US-NC (34.7603,-77.6789)",P,-77.678939,wintering,1,2025-01-02,EBIRD_ATL_NC,Stationary,,LYMAN-SE,1,1.0,Turkey Vulture,,,
S207742850,S207742850,1,Onslow,10.0,0,,34.760309,"Lyman SE—Bear Pond Rd, Richlands US-NC (34.7603,-77.6789)",P,-77.678939,wintering,1,2025-01-02,EBIRD_ATL_NC,Stationary,,LYMAN-SE,1,1.0,Yellow-rumped Warbler,,,
S207743766,S207743766,1,Onslow,13.0,0.161,,34.788624,"Private—Lyman SE—Batchelor Rd, Richlands US-NC (34.7886,-77.6665)",P,-77.666479,wintering,1,2025-01-02,EBIRD_ATL_NC,Traveling,,LYMAN-SE,1,1.0,American Crow,,,
S207743766,S207743766,1,Onslow,13.0,0.161,,34.788624,"Private—Lyman SE—Batchelor Rd, Richlands US-NC (34.7886,-77.6665)",P,-77.666479,wintering,1,2025-01-02,EBIRD_ATL_NC,Traveling,,LYMAN-SE,1,1.0,American Robin,,,
S207743766,S207743766,1,Onslow,13.0,0.161,,34.788624,"Private—Lyman SE—Batchelor Rd, Richlands US-NC (34.7886,-77.6665)",P,-77.666479,wintering,1,2025-01-02,EBIRD_ATL_NC,Traveling,,LYMAN-SE,1,1.0,Blue Jay,,,
S207743766,S207743766,1,Onslow,13.0,0.161,,34.788624,"Private—Lyman SE—Batchelor Rd, Richlands US-NC (34.7886,-77.6665)",P,-77.666479,wintering,1,2025-01-02,EBIRD_ATL_NC,Traveling,,LYMAN-SE,1,1.0,Brown Thrasher,,,
S207743766,S207743766,1,Onslow,13.0,0.161,,34.788624,"Private—Lyman SE—Batchelor Rd, Richlands US-NC (34.7886,-77.6665)",P,-77.666479,wintering,1,2025-01-02,EBIRD_ATL_NC,Traveling,,LYMAN-SE,1,1.0,Carolina Chickadee,,,
S207743766,S207743766,1,Onslow,13.0,0.161,,34.788624,"Private—Lyman SE—Batchelor Rd, Richlands US-NC (34.7886,-77.6665)",P,-77.666479,wintering,1,2025-01-02,EBIRD_ATL_NC,Traveling,,LYMAN-SE,1,1.0,Carolina Wren,,,
S207743766,S207743766,1,Onslow,13.0,0.161,,34.788624,"Private—Lyman SE—Batchelor Rd, Richlands US-NC (34.7886,-77.6665)",P,-77.666479,wintering,1,2025-01-02,EBIRD_ATL_NC,Traveling,,LYMAN-SE,1,1.0,Downy Woodpecker,,,
S207743766,S207743766,1,Onslow,13.0,0.161,,34.788624,"Private—Lyman SE—Batchelor Rd, Richlands US-NC (34.7886,-77.6665)",P,-77.666479,wintering,1,2025-01-02,EBIRD_ATL_NC,Traveling,,LYMAN-SE,1,1.0,Eastern Bluebird,,,
S207743766,S207743766,1,Onslow,13.0,0.161,,34.788624,"Private—Lyman SE—Batchelor Rd, Richlands US-NC (34.7886,-77.6665)",P,-77.666479,wintering,1,2025-01-02,EBIRD_ATL_NC,Traveling,,LYMAN-SE,1,1.0,Eastern Phoebe,,,
S207743766,S207743766,1,Onslow,13.0,0.161,,34.788624,"Private—Lyman SE—Batchelor Rd, Richlands US-NC (34.7886,-77.6665)",P,-77.666479,wintering,1,2025-01-02,EBIRD_ATL_NC,Traveling,,LYMAN-SE,1,1.0,Eastern Towhee,,,
S207743766,S207743766,1,Onslow,13.0,0.161,,34.788624,"Private—Lyman SE—Batchelor Rd, Richlands US-NC (34.7886,-77.6665)",P,-77.666479,wintering,1,2025-01-02,EBIRD_ATL_NC,Traveling,,LYMAN-SE,1,1.0,Golden-crowned Kinglet,,,
S207743766,S207743766,1,Onslow,13.0,0.161,,34.788624,"Private—Lyman SE—Batchelor Rd, Richlands US-NC (34.7886,-77.6665)",P,-77.666479,wintering,1,2025-01-02,EBIRD_ATL_NC,Traveling,,LYMAN-SE,1,1.0,Hermit Thrush,,,
S207743766,S207743766,1,Onslow,13.0,0.161,,34.788624,"Private—Lyman SE—Batchelor Rd, Richlands US-NC (34.7886,-77.6665)",P,-77.666479,wintering,1,2025-01-02,EBIRD_ATL_NC,Traveling,,LYMAN-SE,1,1.0,Northern Cardinal,,,
S207743766,S207743766,1,Onslow,13.0,0.161,,34.788624,"Private—Lyman SE—Batchelor Rd, Richlands US-NC (34.7886,-77.6665)",P,-77.666479,wintering,1,2025-01-02,EBIRD_ATL_NC,Traveling,,LYMAN-SE,1,1.0,Orange-crowned Warbler,,,
S207743766,S207743766,1,Onslow,13.0,0.161,,34.788624,"Private—Lyman SE—Batchelor Rd, Richlands US-NC (34.7886,-77.6665)",P,-77.666479,wintering,1,2025-01-02,EBIRD_ATL_NC,Traveling,,LYMAN-SE,1,1.0,Ruby-crowned Kinglet,,,
S207743766,S207743766,1,Onslow,13.0,0.161,,34.788624,"Private—Lyman SE—Batchelor Rd, Richlands US-NC (34.7886,-77.6665)",P,-77.666479,wintering,1,2025-01-02,EBIRD_ATL_NC,Traveling,,LYMAN-SE,1,1.0,Song Sparrow,,,
S207743766,S207743766,1,Onslow,13.0,0.161,,34.788624,"Private—Lyman SE—Batchelor Rd, Richlands US-NC (34.7886,-77.6665)",P,-77.666479,wintering,1,2025-01-02,EBIRD_ATL_NC,Traveling,,LYMAN-SE,1,1.0,Yellow-rumped Warbler,,,
S207659953,S207659953,1,Orange,56.0,0.392,,36.122387,Hamilton Acres,P,-79.034806,wintering,1,2025-01-02,EBIRD_ATL_NC,Traveling,,HILLSBOROUGH-NE,0,1,American Crow,,,
S207659953,S207659953,1,Orange,56.0,0.392,,36.122387,Hamilton Acres,P,-79.034806,wintering,1,2025-01-02,EBIRD_ATL_NC,Traveling,,HILLSBOROUGH-NE,0,1,Black Vulture,,,
S207659953,S207659953,1,Orange,56.0,0.392,,36.122387,Hamilton Acres,P,-79.034806,wintering,1,2025-01-02,EBIRD_ATL_NC,Traveling,,HILLSBOROUGH-NE,0,1,Blue Jay,,,
S207659953,S207659953,1,Orange,56.0,0.392,,36.122387,Hamilton Acres,P,-79.034806,wintering,1,2025-01-02,EBIRD_ATL_NC,Traveling,,HILLSBOROUGH-NE,0,1,Brown-headed Nuthatch,,,
S207659953,S207659953,1,Orange,56.0,0.392,,36.122387,Hamilton Acres,P,-79.034806,wintering,1,2025-01-02,EBIRD_ATL_NC,Traveling,,HILLSBOROUGH-NE,0,1,Brown Creeper,,,
S207659953,S207659953,1,Orange,56.0,0.392,,36.122387,Hamilton Acres,P,-79.034806,wintering,1,2025-01-02,EBIRD_ATL_NC,Traveling,,HILLSBOROUGH-NE,0,1,Carolina Chickadee,,,
S207659953,S207659953,1,Orange,56.0,0.392,,36.122387,Hamilton Acres,P,-79.034806,wintering,1,2025-01-02,EBIRD_ATL_NC,Traveling,,HILLSBOROUGH-NE,0,1,Carolina Wren,,,
S207659953,S207659953,1,Orange,56.0,0.392,,36.122387,Hamilton Acres,P,-79.034806,wintering,1,2025-01-02,EBIRD_ATL_NC,Traveling,,HILLSBOROUGH-NE,0,1,Chipping Sparrow,,,
S207659953,S207659953,1,Orange,56.0,0.392,,36.122387,Hamilton Acres,P,-79.034806,wintering,1,2025-01-02,EBIRD_ATL_NC,Traveling,,HILLSBOROUGH-NE,0,1,Dark-eyed Junco,,,
S207659953,S207659953,1,Orange,56.0,0.392,,36.122387,Hamilton Acres,P,-79.034806,wintering,1,2025-01-02,EBIRD_ATL_NC,Traveling,,HILLSBOROUGH-NE,0,1,Eastern Bluebird,,,
S207659953,S207659953,1,Orange,56.0,0.392,,36.122387,Hamilton Acres,P,-79.034806,wintering,1,2025-01-02,EBIRD_ATL_NC,Traveling,,HILLSBOROUGH-NE,0,1,Northern Cardinal,,,
S207659953,S207659953,1,Orange,56.0,0.392,,36.122387,Hamilton Acres,P,-79.034806,wintering,1,2025-01-02,EBIRD_ATL_NC,Traveling,,HILLSBOROUGH-NE,0,1,Northern Mockingbird,,,
S207659953,S207659953,1,Orange,56.0,0.392,,36.122387,Hamilton Acres,P,-79.034806,wintering,1,2025-01-02,EBIRD_ATL_NC,Traveling,,HILLSBOROUGH-NE,0,1,Red-bellied Woodpecker,,,
S207659953,S207659953,1,Orange,56.0,0.392,,36.122387,Hamilton Acres,P,-79.034806,wintering,1,2025-01-02,EBIRD_ATL_NC,Traveling,,HILLSBOROUGH-NE,0,1,Red-shouldered Hawk,,,
S207659953,S207659953,1,Orange,56.0,0.392,,36.122387,Hamilton Acres,P,-79.034806,wintering,1,2025-01-02,EBIRD_ATL_NC,Traveling,,HILLSBOROUGH-NE,0,1,Ruby-crowned Kinglet,,,
S207659953,S207659953,1,Orange,56.0,0.392,,36.122387,Hamilton Acres,P,-79.034806,wintering,1,2025-01-02,EBIRD_ATL_NC,Traveling,,HILLSBOROUGH-NE,0,1,Tufted Titmouse,,,
S207659953,S207659953,1,Orange,56.0,0.392,,36.122387,Hamilton Acres,P,-79.034806,wintering,1,2025-01-02,EBIRD_ATL_NC,Traveling,,HILLSBOROUGH-NE,0,1,White-breasted Nuthatch,,,
S207659953,S207659953,1,Orange,56.0,0.392,,36.122387,Hamilton Acres,P,-79.034806,wintering,1,2025-01-02,EBIRD_ATL_NC,Traveling,,HILLSBOROUGH-NE,0,1,Downy/Hairy Woodpecker,,,
S207659953,S207659953,1,Orange,56.0,0.392,,36.122387,Hamilton Acres,P,-79.034806,wintering,1,2025-01-02,EBIRD_ATL_NC,Traveling,,HILLSBOROUGH-NE,0,1,Yellow-bellied Sapsucker,,,
S207682115,S207682115,1,Pamlico,34.0,0.46,,35.150685,"Bayboro water treatment (35.1507,-76.7473)",P,-76.74727,wintering,1,2025-01-02,EBIRD_ATL_NC,Traveling,,VANDEMERE-SW,0,1.0,American Black Duck,,,
S207682115,S207682115,1,Pamlico,34.0,0.46,,35.150685,"Bayboro water treatment (35.1507,-76.7473)",P,-76.74727,wintering,1,2025-01-02,EBIRD_ATL_NC,Traveling,,VANDEMERE-SW,0,1.0,American Crow,,,
S207682115,S207682115,1,Pamlico,34.0,0.46,,35.150685,"Bayboro water treatment (35.1507,-76.7473)",P,-76.74727,wintering,1,2025-01-02,EBIRD_ATL_NC,Traveling,,VANDEMERE-SW,0,1.0,American Herring Gull,,,
S207682115,S207682115,1,Pamlico,34.0,0.46,,35.150685,"Bayboro water treatment (35.1507,-76.7473)",P,-76.74727,wintering,1,2025-01-02,EBIRD_ATL_NC,Traveling,,VANDEMERE-SW,0,1.0,Blue Jay,,,
S207682115,S207682115,1,Pamlico,34.0,0.46,,35.150685,"Bayboro water treatment (35.1507,-76.7473)",P,-76.74727,wintering,1,2025-01-02,EBIRD_ATL_NC,Traveling,,VANDEMERE-SW,0,1.0,Bonapartes Gull,,,
S207682115,S207682115,1,Pamlico,34.0,0.46,,35.150685,"Bayboro water treatment (35.1507,-76.7473)",P,-76.74727,wintering,1,2025-01-02,EBIRD_ATL_NC,Traveling,,VANDEMERE-SW,0,1.0,Bufflehead,,,
S207682115,S207682115,1,Pamlico,34.0,0.46,,35.150685,"Bayboro water treatment (35.1507,-76.7473)",P,-76.74727,wintering,1,2025-01-02,EBIRD_ATL_NC,Traveling,,VANDEMERE-SW,0,1.0,Canada Goose,,,
S207682115,S207682115,1,Pamlico,34.0,0.46,,35.150685,"Bayboro water treatment (35.1507,-76.7473)",P,-76.74727,wintering,1,2025-01-02,EBIRD_ATL_NC,Traveling,,VANDEMERE-SW,0,1.0,Chipping Sparrow,,,
S207682115,S207682115,1,Pamlico,34.0,0.46,,35.150685,"Bayboro water treatment (35.1507,-76.7473)",P,-76.74727,wintering,1,2025-01-02,EBIRD_ATL_NC,Traveling,,VANDEMERE-SW,0,1.0,Eastern Phoebe,,,
S207682115,S207682115,1,Pamlico,34.0,0.46,,35.150685,"Bayboro water treatment (35.1507,-76.7473)",P,-76.74727,wintering,1,2025-01-02,EBIRD_ATL_NC,Traveling,,VANDEMERE-SW,0,1.0,European Starling,,,
S207682115,S207682115,1,Pamlico,34.0,0.46,,35.150685,"Bayboro water treatment (35.1507,-76.7473)",P,-76.74727,wintering,1,2025-01-02,EBIRD_ATL_NC,Traveling,,VANDEMERE-SW,0,1.0,Greater Yellowlegs,,,
S207682115,S207682115,1,Pamlico,34.0,0.46,,35.150685,"Bayboro water treatment (35.1507,-76.7473)",P,-76.74727,wintering,1,2025-01-02,EBIRD_ATL_NC,Traveling,,VANDEMERE-SW,0,1.0,Killdeer,,,
S207682115,S207682115,1,Pamlico,34.0,0.46,,35.150685,"Bayboro water treatment (35.1507,-76.7473)",P,-76.74727,wintering,1,2025-01-02,EBIRD_ATL_NC,Traveling,,VANDEMERE-SW,0,1.0,Lesser Scaup,,,
S207682115,S207682115,1,Pamlico,34.0,0.46,,35.150685,"Bayboro water treatment (35.1507,-76.7473)",P,-76.74727,wintering,1,2025-01-02,EBIRD_ATL_NC,Traveling,,VANDEMERE-SW,0,1.0,Lesser Yellowlegs,,,
S207682115,S207682115,1,Pamlico,34.0,0.46,,35.150685,"Bayboro water treatment (35.1507,-76.7473)",P,-76.74727,wintering,1,2025-01-02,EBIRD_ATL_NC,Traveling,,VANDEMERE-SW,0,1.0,Northern Pintail,,,
S207682115,S207682115,1,Pamlico,34.0,0.46,,35.150685,"Bayboro water treatment (35.1507,-76.7473)",P,-76.74727,wintering,1,2025-01-02,EBIRD_ATL_NC,Traveling,,VANDEMERE-SW,0,1.0,Northern Shoveler,,,
S207682115,S207682115,1,Pamlico,34.0,0.46,,35.150685,"Bayboro water treatment (35.1507,-76.7473)",P,-76.74727,wintering,1,2025-01-02,EBIRD_ATL_NC,Traveling,,VANDEMERE-SW,0,1.0,Pied-billed Grebe,,,
S207682115,S207682115,1,Pamlico,34.0,0.46,,35.150685,"Bayboro water treatment (35.1507,-76.7473)",P,-76.74727,wintering,1,2025-01-02,EBIRD_ATL_NC,Traveling,,VANDEMERE-SW,0,1.0,Ring-necked Duck,,,
S207682115,S207682115,1,Pamlico,34.0,0.46,,35.150685,"Bayboro water treatment (35.1507,-76.7473)",P,-76.74727,wintering,1,2025-01-02,EBIRD_ATL_NC,Traveling,,VANDEMERE-SW,0,1.0,Ruddy Duck,,,
S207682115,S207682115,1,Pamlico,34.0,0.46,,35.150685,"Bayboro water treatment (35.1507,-76.7473)",P,-76.74727,wintering,1,2025-01-02,EBIRD_ATL_NC,Traveling,,VANDEMERE-SW,0,1.0,Savannah Sparrow,,,
S207682115,S207682115,1,Pamlico,34.0,0.46,,35.150685,"Bayboro water treatment (35.1507,-76.7473)",P,-76.74727,wintering,1,2025-01-02,EBIRD_ATL_NC,Traveling,,VANDEMERE-SW,0,1.0,Turkey Vulture,,,
S207682115,S207682115,1,Pamlico,34.0,0.46,,35.150685,"Bayboro water treatment (35.1507,-76.7473)",P,-76.74727,wintering,1,2025-01-02,EBIRD_ATL_NC,Traveling,,VANDEMERE-SW,0,1.0,White-throated Sparrow,,,
S207637603,S207637603,1,Pamlico,20.0,0.72,,35.051608,Bent Tree Rd,P,-76.677469,wintering,1,2025-01-02,EBIRD_ATL_NC,Traveling,37 breeze sun,ORIENTAL-CE,0,1.0,American Crow,,,
S207637603,S207637603,1,Pamlico,20.0,0.72,,35.051608,Bent Tree Rd,P,-76.677469,wintering,1,2025-01-02,EBIRD_ATL_NC,Traveling,37 breeze sun,ORIENTAL-CE,0,1.0,American Goldfinch,,,
S207637603,S207637603,1,Pamlico,20.0,0.72,,35.051608,Bent Tree Rd,P,-76.677469,wintering,1,2025-01-02,EBIRD_ATL_NC,Traveling,37 breeze sun,ORIENTAL-CE,0,1.0,American Robin,,,
S207637603,S207637603,1,Pamlico,20.0,0.72,,35.051608,Bent Tree Rd,P,-76.677469,wintering,1,2025-01-02,EBIRD_ATL_NC,Traveling,37 breeze sun,ORIENTAL-CE,0,1.0,Blue Jay,,,
S207637603,S207637603,1,Pamlico,20.0,0.72,,35.051608,Bent Tree Rd,P,-76.677469,wintering,1,2025-01-02,EBIRD_ATL_NC,Traveling,37 breeze sun,ORIENTAL-CE,0,1.0,Brown-headed Nuthatch,,,
S207637603,S207637603,1,Pamlico,20.0,0.72,,35.051608,Bent Tree Rd,P,-76.677469,wintering,1,2025-01-02,EBIRD_ATL_NC,Traveling,37 breeze sun,ORIENTAL-CE,0,1.0,Brown Pelican,,,
S207637603,S207637603,1,Pamlico,20.0,0.72,,35.051608,Bent Tree Rd,P,-76.677469,wintering,1,2025-01-02,EBIRD_ATL_NC,Traveling,37 breeze sun,ORIENTAL-CE,0,1.0,Carolina Chickadee,,,
S207637603,S207637603,1,Pamlico,20.0,0.72,,35.051608,Bent Tree Rd,P,-76.677469,wintering,1,2025-01-02,EBIRD_ATL_NC,Traveling,37 breeze sun,ORIENTAL-CE,0,1.0,Carolina Wren,,,
S207637603,S207637603,1,Pamlico,20.0,0.72,,35.051608,Bent Tree Rd,P,-76.677469,wintering,1,2025-01-02,EBIRD_ATL_NC,Traveling,37 breeze sun,ORIENTAL-CE,0,1.0,Chipping Sparrow,,,
S207637603,S207637603,1,Pamlico,20.0,0.72,,35.051608,Bent Tree Rd,P,-76.677469,wintering,1,2025-01-02,EBIRD_ATL_NC,Traveling,37 breeze sun,ORIENTAL-CE,0,1.0,Dark-eyed Junco,,,
S207637603,S207637603,1,Pamlico,20.0,0.72,,35.051608,Bent Tree Rd,P,-76.677469,wintering,1,2025-01-02,EBIRD_ATL_NC,Traveling,37 breeze sun,ORIENTAL-CE,0,1.0,Downy Woodpecker,,,
S207637603,S207637603,1,Pamlico,20.0,0.72,,35.051608,Bent Tree Rd,P,-76.677469,wintering,1,2025-01-02,EBIRD_ATL_NC,Traveling,37 breeze sun,ORIENTAL-CE,0,1.0,Eastern Bluebird,,,
S207637603,S207637603,1,Pamlico,20.0,0.72,,35.051608,Bent Tree Rd,P,-76.677469,wintering,1,2025-01-02,EBIRD_ATL_NC,Traveling,37 breeze sun,ORIENTAL-CE,0,1.0,House Finch,,,
S207637603,S207637603,1,Pamlico,20.0,0.72,,35.051608,Bent Tree Rd,P,-76.677469,wintering,1,2025-01-02,EBIRD_ATL_NC,Traveling,37 breeze sun,ORIENTAL-CE,0,1.0,Mourning Dove,,,
S207637603,S207637603,1,Pamlico,20.0,0.72,,35.051608,Bent Tree Rd,P,-76.677469,wintering,1,2025-01-02,EBIRD_ATL_NC,Traveling,37 breeze sun,ORIENTAL-CE,0,1.0,Northern Cardinal,,,
S207637603,S207637603,1,Pamlico,20.0,0.72,,35.051608,Bent Tree Rd,P,-76.677469,wintering,1,2025-01-02,EBIRD_ATL_NC,Traveling,37 breeze sun,ORIENTAL-CE,0,1.0,Northern Flicker,,,
S207637603,S207637603,1,Pamlico,20.0,0.72,,35.051608,Bent Tree Rd,P,-76.677469,wintering,1,2025-01-02,EBIRD_ATL_NC,Traveling,37 breeze sun,ORIENTAL-CE,0,1.0,Northern Mockingbird,,,
S207637603,S207637603,1,Pamlico,20.0,0.72,,35.051608,Bent Tree Rd,P,-76.677469,wintering,1,2025-01-02,EBIRD_ATL_NC,Traveling,37 breeze sun,ORIENTAL-CE,0,1.0,Red-bellied Woodpecker,,,
S207637603,S207637603,1,Pamlico,20.0,0.72,,35.051608,Bent Tree Rd,P,-76.677469,wintering,1,2025-01-02,EBIRD_ATL_NC,Traveling,37 breeze sun,ORIENTAL-CE,0,1.0,Red-winged Blackbird,,,
S207637603,S207637603,1,Pamlico,20.0,0.72,,35.051608,Bent Tree Rd,P,-76.677469,wintering,1,2025-01-02,EBIRD_ATL_NC,Traveling,37 breeze sun,ORIENTAL-CE,0,1.0,Ring-billed Gull,,,
S207637603,S207637603,1,Pamlico,20.0,0.72,,35.051608,Bent Tree Rd,P,-76.677469,wintering,1,2025-01-02,EBIRD_ATL_NC,Traveling,37 breeze sun,ORIENTAL-CE,0,1.0,Ruby-crowned Kinglet,,,
S207637603,S207637603,1,Pamlico,20.0,0.72,,35.051608,Bent Tree Rd,P,-76.677469,wintering,1,2025-01-02,EBIRD_ATL_NC,Traveling,37 breeze sun,ORIENTAL-CE,0,1.0,Tufted Titmouse,,,
S207637603,S207637603,1,Pamlico,20.0,0.72,,35.051608,Bent Tree Rd,P,-76.677469,wintering,1,2025-01-02,EBIRD_ATL_NC,Traveling,37 breeze sun,ORIENTAL-CE,0,1.0,White-breasted Nuthatch,,,
S207637603,S207637603,1,Pamlico,20.0,0.72,,35.051608,Bent Tree Rd,P,-76.677469,wintering,1,2025-01-02,EBIRD_ATL_NC,Traveling,37 breeze sun,ORIENTAL-CE,0,1.0,White-throated Sparrow,,,
S207637603,S207637603,1,Pamlico,20.0,0.72,,35.051608,Bent Tree Rd,P,-76.677469,wintering,1,2025-01-02,EBIRD_ATL_NC,Traveling,37 breeze sun,ORIENTAL-CE,0,1.0,Yellow-rumped Warbler,,,
S207748175,S207748175,1,Pitt,9.0,0.325,G13703772,35.6281008,ECU North Recreational Complex,H,-77.3197415,wintering,2,2025-01-02,EBIRD_ATL_NC,Traveling,,GREENVILLE_NE-SW,0,1.0,American Crow,,,
S207748175,S207748175,1,Pitt,9.0,0.325,G13703772,35.6281008,ECU North Recreational Complex,H,-77.3197415,wintering,2,2025-01-02,EBIRD_ATL_NC,Traveling,,GREENVILLE_NE-SW,0,1.0,American Kestrel,,,
S207748175,S207748175,1,Pitt,9.0,0.325,G13703772,35.6281008,ECU North Recreational Complex,H,-77.3197415,wintering,2,2025-01-02,EBIRD_ATL_NC,Traveling,,GREENVILLE_NE-SW,0,1.0,Canada Goose,,,1x1 count.
S207748175,S207748175,1,Pitt,9.0,0.325,G13703772,35.6281008,ECU North Recreational Complex,H,-77.3197415,wintering,2,2025-01-02,EBIRD_ATL_NC,Traveling,,GREENVILLE_NE-SW,0,1.0,Dark-eyed Junco,,,
S207748175,S207748175,1,Pitt,9.0,0.325,G13703772,35.6281008,ECU North Recreational Complex,H,-77.3197415,wintering,2,2025-01-02,EBIRD_ATL_NC,Traveling,,GREENVILLE_NE-SW,0,1.0,European Starling,,,
S207748175,S207748175,1,Pitt,9.0,0.325,G13703772,35.6281008,ECU North Recreational Complex,H,-77.3197415,wintering,2,2025-01-02,EBIRD_ATL_NC,Traveling,,GREENVILLE_NE-SW,0,1.0,House Finch,,,
S207748175,S207748175,1,Pitt,9.0,0.325,G13703772,35.6281008,ECU North Recreational Complex,H,-77.3197415,wintering,2,2025-01-02,EBIRD_ATL_NC,Traveling,,GREENVILLE_NE-SW,0,1.0,Mourning Dove,,,
S207748175,S207748175,1,Pitt,9.0,0.325,G13703772,35.6281008,ECU North Recreational Complex,H,-77.3197415,wintering,2,2025-01-02,EBIRD_ATL_NC,Traveling,,GREENVILLE_NE-SW,0,1.0,Ring-billed Gull,,,
S207748175,S207748175,1,Pitt,9.0,0.325,G13703772,35.6281008,ECU North Recreational Complex,H,-77.3197415,wintering,2,2025-01-02,EBIRD_ATL_NC,Traveling,,GREENVILLE_NE-SW,0,1.0,Rosss Goose,,,Continuing. No grin patch. Have photo; will upload. East of soccer fields.
S207748175,S207748175,1,Pitt,9.0,0.325,G13703772,35.6281008,ECU North Recreational Complex,H,-77.3197415,wintering,2,2025-01-02,EBIRD_ATL_NC,Traveling,,GREENVILLE_NE-SW,0,1.0,Turkey Vulture,,,
S207748175,S207748175,1,Pitt,9.0,0.325,G13703772,35.6281008,ECU North Recreational Complex,H,-77.3197415,wintering,2,2025-01-02,EBIRD_ATL_NC,Traveling,,GREENVILLE_NE-SW,0,1.0,Yellow-rumped Warbler,,,
S207747607,S207747607,1,Pitt,59.0,1.306,,35.37936,"Ayden SE, 28530, Grifton US-NC (35.3794,-77.4311)",P,-77.43108,wintering,1,2025-01-02,EBIRD_ATL_NC,Traveling,32F-5 mph WNW winds-0% cloud cover,AYDEN-SE,1,1.0,American Crow,,,
S207747607,S207747607,1,Pitt,59.0,1.306,,35.37936,"Ayden SE, 28530, Grifton US-NC (35.3794,-77.4311)",P,-77.43108,wintering,1,2025-01-02,EBIRD_ATL_NC,Traveling,32F-5 mph WNW winds-0% cloud cover,AYDEN-SE,1,1.0,American Goldfinch,,,
S207747607,S207747607,1,Pitt,59.0,1.306,,35.37936,"Ayden SE, 28530, Grifton US-NC (35.3794,-77.4311)",P,-77.43108,wintering,1,2025-01-02,EBIRD_ATL_NC,Traveling,32F-5 mph WNW winds-0% cloud cover,AYDEN-SE,1,1.0,American Pipit,,,
S207747607,S207747607,1,Pitt,59.0,1.306,,35.37936,"Ayden SE, 28530, Grifton US-NC (35.3794,-77.4311)",P,-77.43108,wintering,1,2025-01-02,EBIRD_ATL_NC,Traveling,32F-5 mph WNW winds-0% cloud cover,AYDEN-SE,1,1.0,American Robin,,,
S207747607,S207747607,1,Pitt,59.0,1.306,,35.37936,"Ayden SE, 28530, Grifton US-NC (35.3794,-77.4311)",P,-77.43108,wintering,1,2025-01-02,EBIRD_ATL_NC,Traveling,32F-5 mph WNW winds-0% cloud cover,AYDEN-SE,1,1.0,Black Vulture,,,
S207747607,S207747607,1,Pitt,59.0,1.306,,35.37936,"Ayden SE, 28530, Grifton US-NC (35.3794,-77.4311)",P,-77.43108,wintering,1,2025-01-02,EBIRD_ATL_NC,Traveling,32F-5 mph WNW winds-0% cloud cover,AYDEN-SE,1,1.0,Blue Jay,,,
S207747607,S207747607,1,Pitt,59.0,1.306,,35.37936,"Ayden SE, 28530, Grifton US-NC (35.3794,-77.4311)",P,-77.43108,wintering,1,2025-01-02,EBIRD_ATL_NC,Traveling,32F-5 mph WNW winds-0% cloud cover,AYDEN-SE,1,1.0,Brown Thrasher,,,
S207747607,S207747607,1,Pitt,59.0,1.306,,35.37936,"Ayden SE, 28530, Grifton US-NC (35.3794,-77.4311)",P,-77.43108,wintering,1,2025-01-02,EBIRD_ATL_NC,Traveling,32F-5 mph WNW winds-0% cloud cover,AYDEN-SE,1,1.0,Blue-gray Gnatcatcher,,,
S207747607,S207747607,1,Pitt,59.0,1.306,,35.37936,"Ayden SE, 28530, Grifton US-NC (35.3794,-77.4311)",P,-77.43108,wintering,1,2025-01-02,EBIRD_ATL_NC,Traveling,32F-5 mph WNW winds-0% cloud cover,AYDEN-SE,1,1.0,Carolina Chickadee,,,
S207747607,S207747607,1,Pitt,59.0,1.306,,35.37936,"Ayden SE, 28530, Grifton US-NC (35.3794,-77.4311)",P,-77.43108,wintering,1,2025-01-02,EBIRD_ATL_NC,Traveling,32F-5 mph WNW winds-0% cloud cover,AYDEN-SE,1,1.0,Carolina Wren,,,
S207747607,S207747607,1,Pitt,59.0,1.306,,35.37936,"Ayden SE, 28530, Grifton US-NC (35.3794,-77.4311)",P,-77.43108,wintering,1,2025-01-02,EBIRD_ATL_NC,Traveling,32F-5 mph WNW winds-0% cloud cover,AYDEN-SE,1,1.0,Chipping Sparrow,,,
S207747607,S207747607,1,Pitt,59.0,1.306,,35.37936,"Ayden SE, 28530, Grifton US-NC (35.3794,-77.4311)",P,-77.43108,wintering,1,2025-01-02,EBIRD_ATL_NC,Traveling,32F-5 mph WNW winds-0% cloud cover,AYDEN-SE,1,1.0,Common Grackle,,,
S207747607,S207747607,1,Pitt,59.0,1.306,,35.37936,"Ayden SE, 28530, Grifton US-NC (35.3794,-77.4311)",P,-77.43108,wintering,1,2025-01-02,EBIRD_ATL_NC,Traveling,32F-5 mph WNW winds-0% cloud cover,AYDEN-SE,1,1.0,Coopers Hawk,,,
S207747607,S207747607,1,Pitt,59.0,1.306,,35.37936,"Ayden SE, 28530, Grifton US-NC (35.3794,-77.4311)",P,-77.43108,wintering,1,2025-01-02,EBIRD_ATL_NC,Traveling,32F-5 mph WNW winds-0% cloud cover,AYDEN-SE,1,1.0,Downy Woodpecker,,,
S207747607,S207747607,1,Pitt,59.0,1.306,,35.37936,"Ayden SE, 28530, Grifton US-NC (35.3794,-77.4311)",P,-77.43108,wintering,1,2025-01-02,EBIRD_ATL_NC,Traveling,32F-5 mph WNW winds-0% cloud cover,AYDEN-SE,1,1.0,Eastern Phoebe,,,
S207747607,S207747607,1,Pitt,59.0,1.306,,35.37936,"Ayden SE, 28530, Grifton US-NC (35.3794,-77.4311)",P,-77.43108,wintering,1,2025-01-02,EBIRD_ATL_NC,Traveling,32F-5 mph WNW winds-0% cloud cover,AYDEN-SE,1,1.0,Eastern Towhee,,,
S207747607,S207747607,1,Pitt,59.0,1.306,,35.37936,"Ayden SE, 28530, Grifton US-NC (35.3794,-77.4311)",P,-77.43108,wintering,1,2025-01-02,EBIRD_ATL_NC,Traveling,32F-5 mph WNW winds-0% cloud cover,AYDEN-SE,1,1.0,Golden-crowned Kinglet,,,
S207747607,S207747607,1,Pitt,59.0,1.306,,35.37936,"Ayden SE, 28530, Grifton US-NC (35.3794,-77.4311)",P,-77.43108,wintering,1,2025-01-02,EBIRD_ATL_NC,Traveling,32F-5 mph WNW winds-0% cloud cover,AYDEN-SE,1,1.0,Hermit Thrush,,,
S207747607,S207747607,1,Pitt,59.0,1.306,,35.37936,"Ayden SE, 28530, Grifton US-NC (35.3794,-77.4311)",P,-77.43108,wintering,1,2025-01-02,EBIRD_ATL_NC,Traveling,32F-5 mph WNW winds-0% cloud cover,AYDEN-SE,1,1.0,Mourning Dove,,,
S207747607,S207747607,1,Pitt,59.0,1.306,,35.37936,"Ayden SE, 28530, Grifton US-NC (35.3794,-77.4311)",P,-77.43108,wintering,1,2025-01-02,EBIRD_ATL_NC,Traveling,32F-5 mph WNW winds-0% cloud cover,AYDEN-SE,1,1.0,Northern Cardinal,,,
S207747607,S207747607,1,Pitt,59.0,1.306,,35.37936,"Ayden SE, 28530, Grifton US-NC (35.3794,-77.4311)",P,-77.43108,wintering,1,2025-01-02,EBIRD_ATL_NC,Traveling,32F-5 mph WNW winds-0% cloud cover,AYDEN-SE,1,1.0,Northern Flicker,,,
S207747607,S207747607,1,Pitt,59.0,1.306,,35.37936,"Ayden SE, 28530, Grifton US-NC (35.3794,-77.4311)",P,-77.43108,wintering,1,2025-01-02,EBIRD_ATL_NC,Traveling,32F-5 mph WNW winds-0% cloud cover,AYDEN-SE,1,1.0,Northern Mockingbird,,,
S207747607,S207747607,1,Pitt,59.0,1.306,,35.37936,"Ayden SE, 28530, Grifton US-NC (35.3794,-77.4311)",P,-77.43108,wintering,1,2025-01-02,EBIRD_ATL_NC,Traveling,32F-5 mph WNW winds-0% cloud cover,AYDEN-SE,1,1.0,Orange-crowned Warbler,,,
S207747607,S207747607,1,Pitt,59.0,1.306,,35.37936,"Ayden SE, 28530, Grifton US-NC (35.3794,-77.4311)",P,-77.43108,wintering,1,2025-01-02,EBIRD_ATL_NC,Traveling,32F-5 mph WNW winds-0% cloud cover,AYDEN-SE,1,1.0,Palm Warbler,,,
S207747607,S207747607,1,Pitt,59.0,1.306,,35.37936,"Ayden SE, 28530, Grifton US-NC (35.3794,-77.4311)",P,-77.43108,wintering,1,2025-01-02,EBIRD_ATL_NC,Traveling,32F-5 mph WNW winds-0% cloud cover,AYDEN-SE,1,1.0,Pileated Woodpecker,,,
S207747607,S207747607,1,Pitt,59.0,1.306,,35.37936,"Ayden SE, 28530, Grifton US-NC (35.3794,-77.4311)",P,-77.43108,wintering,1,2025-01-02,EBIRD_ATL_NC,Traveling,32F-5 mph WNW winds-0% cloud cover,AYDEN-SE,1,1.0,Pine Warbler,,,
S207747607,S207747607,1,Pitt,59.0,1.306,,35.37936,"Ayden SE, 28530, Grifton US-NC (35.3794,-77.4311)",P,-77.43108,wintering,1,2025-01-02,EBIRD_ATL_NC,Traveling,32F-5 mph WNW winds-0% cloud cover,AYDEN-SE,1,1.0,Purple Finch,,,
S207747607,S207747607,1,Pitt,59.0,1.306,,35.37936,"Ayden SE, 28530, Grifton US-NC (35.3794,-77.4311)",P,-77.43108,wintering,1,2025-01-02,EBIRD_ATL_NC,Traveling,32F-5 mph WNW winds-0% cloud cover,AYDEN-SE,1,1.0,Red-bellied Woodpecker,,,
S207747607,S207747607,1,Pitt,59.0,1.306,,35.37936,"Ayden SE, 28530, Grifton US-NC (35.3794,-77.4311)",P,-77.43108,wintering,1,2025-01-02,EBIRD_ATL_NC,Traveling,32F-5 mph WNW winds-0% cloud cover,AYDEN-SE,1,1.0,Red-winged Blackbird,,,
S207747607,S207747607,1,Pitt,59.0,1.306,,35.37936,"Ayden SE, 28530, Grifton US-NC (35.3794,-77.4311)",P,-77.43108,wintering,1,2025-01-02,EBIRD_ATL_NC,Traveling,32F-5 mph WNW winds-0% cloud cover,AYDEN-SE,1,1.0,Ruby-crowned Kinglet,,,
S207747607,S207747607,1,Pitt,59.0,1.306,,35.37936,"Ayden SE, 28530, Grifton US-NC (35.3794,-77.4311)",P,-77.43108,wintering,1,2025-01-02,EBIRD_ATL_NC,Traveling,32F-5 mph WNW winds-0% cloud cover,AYDEN-SE,1,1.0,Song Sparrow,,,
S207747607,S207747607,1,Pitt,59.0,1.306,,35.37936,"Ayden SE, 28530, Grifton US-NC (35.3794,-77.4311)",P,-77.43108,wintering,1,2025-01-02,EBIRD_ATL_NC,Traveling,32F-5 mph WNW winds-0% cloud cover,AYDEN-SE,1,1.0,Tufted Titmouse,,,
S207747607,S207747607,1,Pitt,59.0,1.306,,35.37936,"Ayden SE, 28530, Grifton US-NC (35.3794,-77.4311)",P,-77.43108,wintering,1,2025-01-02,EBIRD_ATL_NC,Traveling,32F-5 mph WNW winds-0% cloud cover,AYDEN-SE,1,1.0,Turkey Vulture,,,
S207747607,S207747607,1,Pitt,59.0,1.306,,35.37936,"Ayden SE, 28530, Grifton US-NC (35.3794,-77.4311)",P,-77.43108,wintering,1,2025-01-02,EBIRD_ATL_NC,Traveling,32F-5 mph WNW winds-0% cloud cover,AYDEN-SE,1,1.0,White-breasted Nuthatch,,,
S207747607,S207747607,1,Pitt,59.0,1.306,,35.37936,"Ayden SE, 28530, Grifton US-NC (35.3794,-77.4311)",P,-77.43108,wintering,1,2025-01-02,EBIRD_ATL_NC,Traveling,32F-5 mph WNW winds-0% cloud cover,AYDEN-SE,1,1.0,White-throated Sparrow,,,
S207747607,S207747607,1,Pitt,59.0,1.306,,35.37936,"Ayden SE, 28530, Grifton US-NC (35.3794,-77.4311)",P,-77.43108,wintering,1,2025-01-02,EBIRD_ATL_NC,Traveling,32F-5 mph WNW winds-0% cloud cover,AYDEN-SE,1,1.0,Winter Wren,,,
S207747607,S207747607,1,Pitt,59.0,1.306,,35.37936,"Ayden SE, 28530, Grifton US-NC (35.3794,-77.4311)",P,-77.43108,wintering,1,2025-01-02,EBIRD_ATL_NC,Traveling,32F-5 mph WNW winds-0% cloud cover,AYDEN-SE,1,1.0,Yellow-bellied Sapsucker,,,
S207747607,S207747607,1,Pitt,59.0,1.306,,35.37936,"Ayden SE, 28530, Grifton US-NC (35.3794,-77.4311)",P,-77.43108,wintering,1,2025-01-02,EBIRD_ATL_NC,Traveling,32F-5 mph WNW winds-0% cloud cover,AYDEN-SE,1,1.0,Yellow-rumped Warbler,,,
S209169432,S209169432,1,Pitt,15.0,0,,35.416084,"Gardenerville SE, 5401–6007 Stokestown St John Rd, Ayden US-NC (35.4161,-77.3094)",P,-77.309415,wintering,1,2025-01-02,EBIRD_ATL_NC,Stationary,Looked for BAEA nest PITT-17-02--46F-15% cloud cover -12 mph NW winds,GARDNERVILLE-SE,1,1.0,American Crow,,,
S209169432,S209169432,1,Pitt,15.0,0,,35.416084,"Gardenerville SE, 5401–6007 Stokestown St John Rd, Ayden US-NC (35.4161,-77.3094)",P,-77.309415,wintering,1,2025-01-02,EBIRD_ATL_NC,Stationary,Looked for BAEA nest PITT-17-02--46F-15% cloud cover -12 mph NW winds,GARDNERVILLE-SE,1,1.0,Brown Thrasher,,,
S209169432,S209169432,1,Pitt,15.0,0,,35.416084,"Gardenerville SE, 5401–6007 Stokestown St John Rd, Ayden US-NC (35.4161,-77.3094)",P,-77.309415,wintering,1,2025-01-02,EBIRD_ATL_NC,Stationary,Looked for BAEA nest PITT-17-02--46F-15% cloud cover -12 mph NW winds,GARDNERVILLE-SE,1,1.0,Carolina Chickadee,,,
S209169432,S209169432,1,Pitt,15.0,0,,35.416084,"Gardenerville SE, 5401–6007 Stokestown St John Rd, Ayden US-NC (35.4161,-77.3094)",P,-77.309415,wintering,1,2025-01-02,EBIRD_ATL_NC,Stationary,Looked for BAEA nest PITT-17-02--46F-15% cloud cover -12 mph NW winds,GARDNERVILLE-SE,1,1.0,Eastern Bluebird,,,
S209169432,S209169432,1,Pitt,15.0,0,,35.416084,"Gardenerville SE, 5401–6007 Stokestown St John Rd, Ayden US-NC (35.4161,-77.3094)",P,-77.309415,wintering,1,2025-01-02,EBIRD_ATL_NC,Stationary,Looked for BAEA nest PITT-17-02--46F-15% cloud cover -12 mph NW winds,GARDNERVILLE-SE,1,1.0,Eastern Towhee,,,
S209169432,S209169432,1,Pitt,15.0,0,,35.416084,"Gardenerville SE, 5401–6007 Stokestown St John Rd, Ayden US-NC (35.4161,-77.3094)",P,-77.309415,wintering,1,2025-01-02,EBIRD_ATL_NC,Stationary,Looked for BAEA nest PITT-17-02--46F-15% cloud cover -12 mph NW winds,GARDNERVILLE-SE,1,1.0,Swamp Sparrow,,,
S209169432,S209169432,1,Pitt,15.0,0,,35.416084,"Gardenerville SE, 5401–6007 Stokestown St John Rd, Ayden US-NC (35.4161,-77.3094)",P,-77.309415,wintering,1,2025-01-02,EBIRD_ATL_NC,Stationary,Looked for BAEA nest PITT-17-02--46F-15% cloud cover -12 mph NW winds,GARDNERVILLE-SE,1,1.0,Yellow-rumped Warbler,,,
S207788830,S207788830,1,Pitt,10.0,0,,35.387625,"Ayden SE, 6209–6481 Marvin Taylor Rd, Grifton US-NC (35.3876,-77.4052)",P,-77.405175,wintering,1,2025-01-02,EBIRD_ATL_NC,Stationary,35F-7 mph WNW winds-0% cloud cover,AYDEN-SE,1,1.0,American Crow,,,
S207788830,S207788830,1,Pitt,10.0,0,,35.387625,"Ayden SE, 6209–6481 Marvin Taylor Rd, Grifton US-NC (35.3876,-77.4052)",P,-77.405175,wintering,1,2025-01-02,EBIRD_ATL_NC,Stationary,35F-7 mph WNW winds-0% cloud cover,AYDEN-SE,1,1.0,American Kestrel,,,
S207788830,S207788830,1,Pitt,10.0,0,,35.387625,"Ayden SE, 6209–6481 Marvin Taylor Rd, Grifton US-NC (35.3876,-77.4052)",P,-77.405175,wintering,1,2025-01-02,EBIRD_ATL_NC,Stationary,35F-7 mph WNW winds-0% cloud cover,AYDEN-SE,1,1.0,Blue Jay,,,
S207788830,S207788830,1,Pitt,10.0,0,,35.387625,"Ayden SE, 6209–6481 Marvin Taylor Rd, Grifton US-NC (35.3876,-77.4052)",P,-77.405175,wintering,1,2025-01-02,EBIRD_ATL_NC,Stationary,35F-7 mph WNW winds-0% cloud cover,AYDEN-SE,1,1.0,Brown-headed Nuthatch,,,
S207788830,S207788830,1,Pitt,10.0,0,,35.387625,"Ayden SE, 6209–6481 Marvin Taylor Rd, Grifton US-NC (35.3876,-77.4052)",P,-77.405175,wintering,1,2025-01-02,EBIRD_ATL_NC,Stationary,35F-7 mph WNW winds-0% cloud cover,AYDEN-SE,1,1.0,Coopers Hawk,,,
S207788830,S207788830,1,Pitt,10.0,0,,35.387625,"Ayden SE, 6209–6481 Marvin Taylor Rd, Grifton US-NC (35.3876,-77.4052)",P,-77.405175,wintering,1,2025-01-02,EBIRD_ATL_NC,Stationary,35F-7 mph WNW winds-0% cloud cover,AYDEN-SE,1,1.0,Downy Woodpecker,,,
S207788830,S207788830,1,Pitt,10.0,0,,35.387625,"Ayden SE, 6209–6481 Marvin Taylor Rd, Grifton US-NC (35.3876,-77.4052)",P,-77.405175,wintering,1,2025-01-02,EBIRD_ATL_NC,Stationary,35F-7 mph WNW winds-0% cloud cover,AYDEN-SE,1,1.0,Eastern Bluebird,,,
S207788830,S207788830,1,Pitt,10.0,0,,35.387625,"Ayden SE, 6209–6481 Marvin Taylor Rd, Grifton US-NC (35.3876,-77.4052)",P,-77.405175,wintering,1,2025-01-02,EBIRD_ATL_NC,Stationary,35F-7 mph WNW winds-0% cloud cover,AYDEN-SE,1,1.0,Eastern Towhee,,,
S207788830,S207788830,1,Pitt,10.0,0,,35.387625,"Ayden SE, 6209–6481 Marvin Taylor Rd, Grifton US-NC (35.3876,-77.4052)",P,-77.405175,wintering,1,2025-01-02,EBIRD_ATL_NC,Stationary,35F-7 mph WNW winds-0% cloud cover,AYDEN-SE,1,1.0,Fish Crow,,,
S207788830,S207788830,1,Pitt,10.0,0,,35.387625,"Ayden SE, 6209–6481 Marvin Taylor Rd, Grifton US-NC (35.3876,-77.4052)",P,-77.405175,wintering,1,2025-01-02,EBIRD_ATL_NC,Stationary,35F-7 mph WNW winds-0% cloud cover,AYDEN-SE,1,1.0,Killdeer,,,
S207788830,S207788830,1,Pitt,10.0,0,,35.387625,"Ayden SE, 6209–6481 Marvin Taylor Rd, Grifton US-NC (35.3876,-77.4052)",P,-77.405175,wintering,1,2025-01-02,EBIRD_ATL_NC,Stationary,35F-7 mph WNW winds-0% cloud cover,AYDEN-SE,1,1.0,Mallard,,,
S207788830,S207788830,1,Pitt,10.0,0,,35.387625,"Ayden SE, 6209–6481 Marvin Taylor Rd, Grifton US-NC (35.3876,-77.4052)",P,-77.405175,wintering,1,2025-01-02,EBIRD_ATL_NC,Stationary,35F-7 mph WNW winds-0% cloud cover,AYDEN-SE,1,1.0,Mourning Dove,,,
S207788830,S207788830,1,Pitt,10.0,0,,35.387625,"Ayden SE, 6209–6481 Marvin Taylor Rd, Grifton US-NC (35.3876,-77.4052)",P,-77.405175,wintering,1,2025-01-02,EBIRD_ATL_NC,Stationary,35F-7 mph WNW winds-0% cloud cover,AYDEN-SE,1,1.0,Muscovy Duck,,,
S207788830,S207788830,1,Pitt,10.0,0,,35.387625,"Ayden SE, 6209–6481 Marvin Taylor Rd, Grifton US-NC (35.3876,-77.4052)",P,-77.405175,wintering,1,2025-01-02,EBIRD_ATL_NC,Stationary,35F-7 mph WNW winds-0% cloud cover,AYDEN-SE,1,1.0,Northern Mockingbird,,,
S207788830,S207788830,1,Pitt,10.0,0,,35.387625,"Ayden SE, 6209–6481 Marvin Taylor Rd, Grifton US-NC (35.3876,-77.4052)",P,-77.405175,wintering,1,2025-01-02,EBIRD_ATL_NC,Stationary,35F-7 mph WNW winds-0% cloud cover,AYDEN-SE,1,1.0,Palm Warbler,,,
S207788830,S207788830,1,Pitt,10.0,0,,35.387625,"Ayden SE, 6209–6481 Marvin Taylor Rd, Grifton US-NC (35.3876,-77.4052)",P,-77.405175,wintering,1,2025-01-02,EBIRD_ATL_NC,Stationary,35F-7 mph WNW winds-0% cloud cover,AYDEN-SE,1,1.0,Red-bellied Woodpecker,,,
S207788830,S207788830,1,Pitt,10.0,0,,35.387625,"Ayden SE, 6209–6481 Marvin Taylor Rd, Grifton US-NC (35.3876,-77.4052)",P,-77.405175,wintering,1,2025-01-02,EBIRD_ATL_NC,Stationary,35F-7 mph WNW winds-0% cloud cover,AYDEN-SE,1,1.0,Ruby-crowned Kinglet,,,
S207788830,S207788830,1,Pitt,10.0,0,,35.387625,"Ayden SE, 6209–6481 Marvin Taylor Rd, Grifton US-NC (35.3876,-77.4052)",P,-77.405175,wintering,1,2025-01-02,EBIRD_ATL_NC,Stationary,35F-7 mph WNW winds-0% cloud cover,AYDEN-SE,1,1.0,White-throated Sparrow,,,
S209170577,S209170577,1,Pitt,44.0,0,,35.413518,"Gardenerville SW, 5401–6007 Stokestown St John Rd, Ayden US-NC (35.4135,-77.3198)",P,-77.319821,wintering,1,2025-01-02,EBIRD_ATL_NC,Stationary,Visiting BAEA nest PITT-14-01--47F-9 mph NW winds-0% cloud cover,GARDNERVILLE-SW,0,1.0,American Crow,,,
S209170577,S209170577,1,Pitt,44.0,0,,35.413518,"Gardenerville SW, 5401–6007 Stokestown St John Rd, Ayden US-NC (35.4135,-77.3198)",P,-77.319821,wintering,1,2025-01-02,EBIRD_ATL_NC,Stationary,Visiting BAEA nest PITT-14-01--47F-9 mph NW winds-0% cloud cover,GARDNERVILLE-SW,0,1.0,Bald Eagle,ON,C4,1 adult perched in the same tree of nest PITT-14-02 for most of the checklist duration. Eventually flew SW. Will be recorded as occupied in the NCWRC BAEA database.
S209170577,S209170577,1,Pitt,44.0,0,,35.413518,"Gardenerville SW, 5401–6007 Stokestown St John Rd, Ayden US-NC (35.4135,-77.3198)",P,-77.319821,wintering,1,2025-01-02,EBIRD_ATL_NC,Stationary,Visiting BAEA nest PITT-14-01--47F-9 mph NW winds-0% cloud cover,GARDNERVILLE-SW,0,1.0,Carolina Wren,,,
S209170577,S209170577,1,Pitt,44.0,0,,35.413518,"Gardenerville SW, 5401–6007 Stokestown St John Rd, Ayden US-NC (35.4135,-77.3198)",P,-77.319821,wintering,1,2025-01-02,EBIRD_ATL_NC,Stationary,Visiting BAEA nest PITT-14-01--47F-9 mph NW winds-0% cloud cover,GARDNERVILLE-SW,0,1.0,Eastern Towhee,,,
S209170577,S209170577,1,Pitt,44.0,0,,35.413518,"Gardenerville SW, 5401–6007 Stokestown St John Rd, Ayden US-NC (35.4135,-77.3198)",P,-77.319821,wintering,1,2025-01-02,EBIRD_ATL_NC,Stationary,Visiting BAEA nest PITT-14-01--47F-9 mph NW winds-0% cloud cover,GARDNERVILLE-SW,0,1.0,Northern Harrier,,,
S209170577,S209170577,1,Pitt,44.0,0,,35.413518,"Gardenerville SW, 5401–6007 Stokestown St John Rd, Ayden US-NC (35.4135,-77.3198)",P,-77.319821,wintering,1,2025-01-02,EBIRD_ATL_NC,Stationary,Visiting BAEA nest PITT-14-01--47F-9 mph NW winds-0% cloud cover,GARDNERVILLE-SW,0,1.0,Turkey Vulture,,,
S209170577,S209170577,1,Pitt,44.0,0,,35.413518,"Gardenerville SW, 5401–6007 Stokestown St John Rd, Ayden US-NC (35.4135,-77.3198)",P,-77.319821,wintering,1,2025-01-02,EBIRD_ATL_NC,Stationary,Visiting BAEA nest PITT-14-01--47F-9 mph NW winds-0% cloud cover,GARDNERVILLE-SW,0,1.0,Yellow-rumped Warbler,,,
S207788800,S207788800,1,Pitt,15.0,0,,35.382927,"Ayden SE, 6209–6481 Marvin Taylor Rd, Grifton US-NC 35.38293, -77.41269",P,-77.412693,wintering,1,2025-01-02,EBIRD_ATL_NC,Stationary,34F-7 mph WNW winds-0% cloud cover,AYDEN-SE,1,1.0,American Crow,,,
S207788800,S207788800,1,Pitt,15.0,0,,35.382927,"Ayden SE, 6209–6481 Marvin Taylor Rd, Grifton US-NC 35.38293, -77.41269",P,-77.412693,wintering,1,2025-01-02,EBIRD_ATL_NC,Stationary,34F-7 mph WNW winds-0% cloud cover,AYDEN-SE,1,1.0,American Goldfinch,,,
S207788800,S207788800,1,Pitt,15.0,0,,35.382927,"Ayden SE, 6209–6481 Marvin Taylor Rd, Grifton US-NC 35.38293, -77.41269",P,-77.412693,wintering,1,2025-01-02,EBIRD_ATL_NC,Stationary,34F-7 mph WNW winds-0% cloud cover,AYDEN-SE,1,1.0,American Pipit,,,
S207788800,S207788800,1,Pitt,15.0,0,,35.382927,"Ayden SE, 6209–6481 Marvin Taylor Rd, Grifton US-NC 35.38293, -77.41269",P,-77.412693,wintering,1,2025-01-02,EBIRD_ATL_NC,Stationary,34F-7 mph WNW winds-0% cloud cover,AYDEN-SE,1,1.0,Blue Jay,,,
S207788800,S207788800,1,Pitt,15.0,0,,35.382927,"Ayden SE, 6209–6481 Marvin Taylor Rd, Grifton US-NC 35.38293, -77.41269",P,-77.412693,wintering,1,2025-01-02,EBIRD_ATL_NC,Stationary,34F-7 mph WNW winds-0% cloud cover,AYDEN-SE,1,1.0,Carolina Chickadee,,,
S207788800,S207788800,1,Pitt,15.0,0,,35.382927,"Ayden SE, 6209–6481 Marvin Taylor Rd, Grifton US-NC 35.38293, -77.41269",P,-77.412693,wintering,1,2025-01-02,EBIRD_ATL_NC,Stationary,34F-7 mph WNW winds-0% cloud cover,AYDEN-SE,1,1.0,Chipping Sparrow,,,
S207788800,S207788800,1,Pitt,15.0,0,,35.382927,"Ayden SE, 6209–6481 Marvin Taylor Rd, Grifton US-NC 35.38293, -77.41269",P,-77.412693,wintering,1,2025-01-02,EBIRD_ATL_NC,Stationary,34F-7 mph WNW winds-0% cloud cover,AYDEN-SE,1,1.0,Downy Woodpecker,,,
S207788800,S207788800,1,Pitt,15.0,0,,35.382927,"Ayden SE, 6209–6481 Marvin Taylor Rd, Grifton US-NC 35.38293, -77.41269",P,-77.412693,wintering,1,2025-01-02,EBIRD_ATL_NC,Stationary,34F-7 mph WNW winds-0% cloud cover,AYDEN-SE,1,1.0,Eastern Bluebird,,,
S207788800,S207788800,1,Pitt,15.0,0,,35.382927,"Ayden SE, 6209–6481 Marvin Taylor Rd, Grifton US-NC 35.38293, -77.41269",P,-77.412693,wintering,1,2025-01-02,EBIRD_ATL_NC,Stationary,34F-7 mph WNW winds-0% cloud cover,AYDEN-SE,1,1.0,Eastern Phoebe,,,
S207788800,S207788800,1,Pitt,15.0,0,,35.382927,"Ayden SE, 6209–6481 Marvin Taylor Rd, Grifton US-NC 35.38293, -77.41269",P,-77.412693,wintering,1,2025-01-02,EBIRD_ATL_NC,Stationary,34F-7 mph WNW winds-0% cloud cover,AYDEN-SE,1,1.0,Eastern Towhee,,,
S207788800,S207788800,1,Pitt,15.0,0,,35.382927,"Ayden SE, 6209–6481 Marvin Taylor Rd, Grifton US-NC 35.38293, -77.41269",P,-77.412693,wintering,1,2025-01-02,EBIRD_ATL_NC,Stationary,34F-7 mph WNW winds-0% cloud cover,AYDEN-SE,1,1.0,European Starling,,,
S207788800,S207788800,1,Pitt,15.0,0,,35.382927,"Ayden SE, 6209–6481 Marvin Taylor Rd, Grifton US-NC 35.38293, -77.41269",P,-77.412693,wintering,1,2025-01-02,EBIRD_ATL_NC,Stationary,34F-7 mph WNW winds-0% cloud cover,AYDEN-SE,1,1.0,Fish Crow,,,
S207788800,S207788800,1,Pitt,15.0,0,,35.382927,"Ayden SE, 6209–6481 Marvin Taylor Rd, Grifton US-NC 35.38293, -77.41269",P,-77.412693,wintering,1,2025-01-02,EBIRD_ATL_NC,Stationary,34F-7 mph WNW winds-0% cloud cover,AYDEN-SE,1,1.0,House Finch,,,
S207788800,S207788800,1,Pitt,15.0,0,,35.382927,"Ayden SE, 6209–6481 Marvin Taylor Rd, Grifton US-NC 35.38293, -77.41269",P,-77.412693,wintering,1,2025-01-02,EBIRD_ATL_NC,Stationary,34F-7 mph WNW winds-0% cloud cover,AYDEN-SE,1,1.0,Northern House Wren,,,
S207788800,S207788800,1,Pitt,15.0,0,,35.382927,"Ayden SE, 6209–6481 Marvin Taylor Rd, Grifton US-NC 35.38293, -77.41269",P,-77.412693,wintering,1,2025-01-02,EBIRD_ATL_NC,Stationary,34F-7 mph WNW winds-0% cloud cover,AYDEN-SE,1,1.0,Mourning Dove,,,
S207788800,S207788800,1,Pitt,15.0,0,,35.382927,"Ayden SE, 6209–6481 Marvin Taylor Rd, Grifton US-NC 35.38293, -77.41269",P,-77.412693,wintering,1,2025-01-02,EBIRD_ATL_NC,Stationary,34F-7 mph WNW winds-0% cloud cover,AYDEN-SE,1,1.0,Northern Cardinal,,,
S207788800,S207788800,1,Pitt,15.0,0,,35.382927,"Ayden SE, 6209–6481 Marvin Taylor Rd, Grifton US-NC 35.38293, -77.41269",P,-77.412693,wintering,1,2025-01-02,EBIRD_ATL_NC,Stationary,34F-7 mph WNW winds-0% cloud cover,AYDEN-SE,1,1.0,Palm Warbler,,,
S207788800,S207788800,1,Pitt,15.0,0,,35.382927,"Ayden SE, 6209–6481 Marvin Taylor Rd, Grifton US-NC 35.38293, -77.41269",P,-77.412693,wintering,1,2025-01-02,EBIRD_ATL_NC,Stationary,34F-7 mph WNW winds-0% cloud cover,AYDEN-SE,1,1.0,Pileated Woodpecker,,,
S207788800,S207788800,1,Pitt,15.0,0,,35.382927,"Ayden SE, 6209–6481 Marvin Taylor Rd, Grifton US-NC 35.38293, -77.41269",P,-77.412693,wintering,1,2025-01-02,EBIRD_ATL_NC,Stationary,34F-7 mph WNW winds-0% cloud cover,AYDEN-SE,1,1.0,Red-bellied Woodpecker,,,
S207788800,S207788800,1,Pitt,15.0,0,,35.382927,"Ayden SE, 6209–6481 Marvin Taylor Rd, Grifton US-NC 35.38293, -77.41269",P,-77.412693,wintering,1,2025-01-02,EBIRD_ATL_NC,Stationary,34F-7 mph WNW winds-0% cloud cover,AYDEN-SE,1,1.0,Ruby-crowned Kinglet,,,
S207788800,S207788800,1,Pitt,15.0,0,,35.382927,"Ayden SE, 6209–6481 Marvin Taylor Rd, Grifton US-NC 35.38293, -77.41269",P,-77.412693,wintering,1,2025-01-02,EBIRD_ATL_NC,Stationary,34F-7 mph WNW winds-0% cloud cover,AYDEN-SE,1,1.0,Tufted Titmouse,,,
S207788800,S207788800,1,Pitt,15.0,0,,35.382927,"Ayden SE, 6209–6481 Marvin Taylor Rd, Grifton US-NC 35.38293, -77.41269",P,-77.412693,wintering,1,2025-01-02,EBIRD_ATL_NC,Stationary,34F-7 mph WNW winds-0% cloud cover,AYDEN-SE,1,1.0,White-throated Sparrow,,,
S207788800,S207788800,1,Pitt,15.0,0,,35.382927,"Ayden SE, 6209–6481 Marvin Taylor Rd, Grifton US-NC 35.38293, -77.41269",P,-77.412693,wintering,1,2025-01-02,EBIRD_ATL_NC,Stationary,34F-7 mph WNW winds-0% cloud cover,AYDEN-SE,1,1.0,Winter Wren,,,
S207788800,S207788800,1,Pitt,15.0,0,,35.382927,"Ayden SE, 6209–6481 Marvin Taylor Rd, Grifton US-NC 35.38293, -77.41269",P,-77.412693,wintering,1,2025-01-02,EBIRD_ATL_NC,Stationary,34F-7 mph WNW winds-0% cloud cover,AYDEN-SE,1,1.0,Yellow-rumped Warbler,,,
S207738185,S207738185,1,Pitt,9.0,0.325,G13703772,35.6281008,ECU North Recreational Complex,H,-77.3197415,wintering,2,2025-01-02,EBIRD_ATL_NC,Traveling,,GREENVILLE_NE-SW,0,1.0,American Crow,,,
S207738185,S207738185,1,Pitt,9.0,0.325,G13703772,35.6281008,ECU North Recreational Complex,H,-77.3197415,wintering,2,2025-01-02,EBIRD_ATL_NC,Traveling,,GREENVILLE_NE-SW,0,1.0,American Kestrel,,,
S207738185,S207738185,1,Pitt,9.0,0.325,G13703772,35.6281008,ECU North Recreational Complex,H,-77.3197415,wintering,2,2025-01-02,EBIRD_ATL_NC,Traveling,,GREENVILLE_NE-SW,0,1.0,Canada Goose,,,1x1 count.
S207738185,S207738185,1,Pitt,9.0,0.325,G13703772,35.6281008,ECU North Recreational Complex,H,-77.3197415,wintering,2,2025-01-02,EBIRD_ATL_NC,Traveling,,GREENVILLE_NE-SW,0,1.0,Dark-eyed Junco,,,
S207738185,S207738185,1,Pitt,9.0,0.325,G13703772,35.6281008,ECU North Recreational Complex,H,-77.3197415,wintering,2,2025-01-02,EBIRD_ATL_NC,Traveling,,GREENVILLE_NE-SW,0,1.0,European Starling,,,
S207738185,S207738185,1,Pitt,9.0,0.325,G13703772,35.6281008,ECU North Recreational Complex,H,-77.3197415,wintering,2,2025-01-02,EBIRD_ATL_NC,Traveling,,GREENVILLE_NE-SW,0,1.0,House Finch,,,
S207738185,S207738185,1,Pitt,9.0,0.325,G13703772,35.6281008,ECU North Recreational Complex,H,-77.3197415,wintering,2,2025-01-02,EBIRD_ATL_NC,Traveling,,GREENVILLE_NE-SW,0,1.0,Mourning Dove,,,
S207738185,S207738185,1,Pitt,9.0,0.325,G13703772,35.6281008,ECU North Recreational Complex,H,-77.3197415,wintering,2,2025-01-02,EBIRD_ATL_NC,Traveling,,GREENVILLE_NE-SW,0,1.0,Ring-billed Gull,,,
S207738185,S207738185,1,Pitt,9.0,0.325,G13703772,35.6281008,ECU North Recreational Complex,H,-77.3197415,wintering,2,2025-01-02,EBIRD_ATL_NC,Traveling,,GREENVILLE_NE-SW,0,1.0,Rosss Goose,,,Continuing. No grin patch. Have photo; will upload. East of soccer fields.
S207738185,S207738185,1,Pitt,9.0,0.325,G13703772,35.6281008,ECU North Recreational Complex,H,-77.3197415,wintering,2,2025-01-02,EBIRD_ATL_NC,Traveling,,GREENVILLE_NE-SW,0,1.0,Turkey Vulture,,,
S207738185,S207738185,1,Pitt,9.0,0.325,G13703772,35.6281008,ECU North Recreational Complex,H,-77.3197415,wintering,2,2025-01-02,EBIRD_ATL_NC,Traveling,,GREENVILLE_NE-SW,0,1.0,Yellow-rumped Warbler,,,
S207855194,S207855194,1,Polk,120.0,6.437,G13711015,35.387625,"1515 Rock Spring Rd, Mill Spring US-NC 35.38763, -82.13145",P,-82.131447,wintering,2,2025-01-02,EBIRD_ATL_NC,Traveling,,LAKE_LURE-SE,1,1.0,American Crow,,,
S207855194,S207855194,1,Polk,120.0,6.437,G13711015,35.387625,"1515 Rock Spring Rd, Mill Spring US-NC 35.38763, -82.13145",P,-82.131447,wintering,2,2025-01-02,EBIRD_ATL_NC,Traveling,,LAKE_LURE-SE,1,1.0,American Goldfinch,,,
S207855194,S207855194,1,Polk,120.0,6.437,G13711015,35.387625,"1515 Rock Spring Rd, Mill Spring US-NC 35.38763, -82.13145",P,-82.131447,wintering,2,2025-01-02,EBIRD_ATL_NC,Traveling,,LAKE_LURE-SE,1,1.0,American Robin,,,
S207855194,S207855194,1,Polk,120.0,6.437,G13711015,35.387625,"1515 Rock Spring Rd, Mill Spring US-NC 35.38763, -82.13145",P,-82.131447,wintering,2,2025-01-02,EBIRD_ATL_NC,Traveling,,LAKE_LURE-SE,1,1.0,Black Vulture,,,
S207855194,S207855194,1,Polk,120.0,6.437,G13711015,35.387625,"1515 Rock Spring Rd, Mill Spring US-NC 35.38763, -82.13145",P,-82.131447,wintering,2,2025-01-02,EBIRD_ATL_NC,Traveling,,LAKE_LURE-SE,1,1.0,Blue Jay,,,
S207855194,S207855194,1,Polk,120.0,6.437,G13711015,35.387625,"1515 Rock Spring Rd, Mill Spring US-NC 35.38763, -82.13145",P,-82.131447,wintering,2,2025-01-02,EBIRD_ATL_NC,Traveling,,LAKE_LURE-SE,1,1.0,Brown-headed Nuthatch,,,
S207855194,S207855194,1,Polk,120.0,6.437,G13711015,35.387625,"1515 Rock Spring Rd, Mill Spring US-NC 35.38763, -82.13145",P,-82.131447,wintering,2,2025-01-02,EBIRD_ATL_NC,Traveling,,LAKE_LURE-SE,1,1.0,Brown Thrasher,,,
S207855194,S207855194,1,Polk,120.0,6.437,G13711015,35.387625,"1515 Rock Spring Rd, Mill Spring US-NC 35.38763, -82.13145",P,-82.131447,wintering,2,2025-01-02,EBIRD_ATL_NC,Traveling,,LAKE_LURE-SE,1,1.0,Carolina Chickadee,,,
S207855194,S207855194,1,Polk,120.0,6.437,G13711015,35.387625,"1515 Rock Spring Rd, Mill Spring US-NC 35.38763, -82.13145",P,-82.131447,wintering,2,2025-01-02,EBIRD_ATL_NC,Traveling,,LAKE_LURE-SE,1,1.0,Carolina Wren,,,
S207855194,S207855194,1,Polk,120.0,6.437,G13711015,35.387625,"1515 Rock Spring Rd, Mill Spring US-NC 35.38763, -82.13145",P,-82.131447,wintering,2,2025-01-02,EBIRD_ATL_NC,Traveling,,LAKE_LURE-SE,1,1.0,Chipping Sparrow,,,
S207855194,S207855194,1,Polk,120.0,6.437,G13711015,35.387625,"1515 Rock Spring Rd, Mill Spring US-NC 35.38763, -82.13145",P,-82.131447,wintering,2,2025-01-02,EBIRD_ATL_NC,Traveling,,LAKE_LURE-SE,1,1.0,Dark-eyed Junco,,,
S207855194,S207855194,1,Polk,120.0,6.437,G13711015,35.387625,"1515 Rock Spring Rd, Mill Spring US-NC 35.38763, -82.13145",P,-82.131447,wintering,2,2025-01-02,EBIRD_ATL_NC,Traveling,,LAKE_LURE-SE,1,1.0,Downy Woodpecker,,,
S207855194,S207855194,1,Polk,120.0,6.437,G13711015,35.387625,"1515 Rock Spring Rd, Mill Spring US-NC 35.38763, -82.13145",P,-82.131447,wintering,2,2025-01-02,EBIRD_ATL_NC,Traveling,,LAKE_LURE-SE,1,1.0,Eastern Bluebird,,,
S207855194,S207855194,1,Polk,120.0,6.437,G13711015,35.387625,"1515 Rock Spring Rd, Mill Spring US-NC 35.38763, -82.13145",P,-82.131447,wintering,2,2025-01-02,EBIRD_ATL_NC,Traveling,,LAKE_LURE-SE,1,1.0,Eastern Phoebe,,,
S207855194,S207855194,1,Polk,120.0,6.437,G13711015,35.387625,"1515 Rock Spring Rd, Mill Spring US-NC 35.38763, -82.13145",P,-82.131447,wintering,2,2025-01-02,EBIRD_ATL_NC,Traveling,,LAKE_LURE-SE,1,1.0,Eastern Towhee,,,
S207855194,S207855194,1,Polk,120.0,6.437,G13711015,35.387625,"1515 Rock Spring Rd, Mill Spring US-NC 35.38763, -82.13145",P,-82.131447,wintering,2,2025-01-02,EBIRD_ATL_NC,Traveling,,LAKE_LURE-SE,1,1.0,Field Sparrow,,,
S207855194,S207855194,1,Polk,120.0,6.437,G13711015,35.387625,"1515 Rock Spring Rd, Mill Spring US-NC 35.38763, -82.13145",P,-82.131447,wintering,2,2025-01-02,EBIRD_ATL_NC,Traveling,,LAKE_LURE-SE,1,1.0,Golden-crowned Kinglet,,,
S207855194,S207855194,1,Polk,120.0,6.437,G13711015,35.387625,"1515 Rock Spring Rd, Mill Spring US-NC 35.38763, -82.13145",P,-82.131447,wintering,2,2025-01-02,EBIRD_ATL_NC,Traveling,,LAKE_LURE-SE,1,1.0,Hairy Woodpecker,,,
S207855194,S207855194,1,Polk,120.0,6.437,G13711015,35.387625,"1515 Rock Spring Rd, Mill Spring US-NC 35.38763, -82.13145",P,-82.131447,wintering,2,2025-01-02,EBIRD_ATL_NC,Traveling,,LAKE_LURE-SE,1,1.0,Hermit Thrush,,,
S207855194,S207855194,1,Polk,120.0,6.437,G13711015,35.387625,"1515 Rock Spring Rd, Mill Spring US-NC 35.38763, -82.13145",P,-82.131447,wintering,2,2025-01-02,EBIRD_ATL_NC,Traveling,,LAKE_LURE-SE,1,1.0,House Finch,,,
S207855194,S207855194,1,Polk,120.0,6.437,G13711015,35.387625,"1515 Rock Spring Rd, Mill Spring US-NC 35.38763, -82.13145",P,-82.131447,wintering,2,2025-01-02,EBIRD_ATL_NC,Traveling,,LAKE_LURE-SE,1,1.0,Northern House Wren,,,
S207855194,S207855194,1,Polk,120.0,6.437,G13711015,35.387625,"1515 Rock Spring Rd, Mill Spring US-NC 35.38763, -82.13145",P,-82.131447,wintering,2,2025-01-02,EBIRD_ATL_NC,Traveling,,LAKE_LURE-SE,1,1.0,Mourning Dove,,,
S207855194,S207855194,1,Polk,120.0,6.437,G13711015,35.387625,"1515 Rock Spring Rd, Mill Spring US-NC 35.38763, -82.13145",P,-82.131447,wintering,2,2025-01-02,EBIRD_ATL_NC,Traveling,,LAKE_LURE-SE,1,1.0,Northern Cardinal,,,
S207855194,S207855194,1,Polk,120.0,6.437,G13711015,35.387625,"1515 Rock Spring Rd, Mill Spring US-NC 35.38763, -82.13145",P,-82.131447,wintering,2,2025-01-02,EBIRD_ATL_NC,Traveling,,LAKE_LURE-SE,1,1.0,Northern Mockingbird,,,
S207855194,S207855194,1,Polk,120.0,6.437,G13711015,35.387625,"1515 Rock Spring Rd, Mill Spring US-NC 35.38763, -82.13145",P,-82.131447,wintering,2,2025-01-02,EBIRD_ATL_NC,Traveling,,LAKE_LURE-SE,1,1.0,Pileated Woodpecker,,,
S207855194,S207855194,1,Polk,120.0,6.437,G13711015,35.387625,"1515 Rock Spring Rd, Mill Spring US-NC 35.38763, -82.13145",P,-82.131447,wintering,2,2025-01-02,EBIRD_ATL_NC,Traveling,,LAKE_LURE-SE,1,1.0,Pine Warbler,,,
S207855194,S207855194,1,Polk,120.0,6.437,G13711015,35.387625,"1515 Rock Spring Rd, Mill Spring US-NC 35.38763, -82.13145",P,-82.131447,wintering,2,2025-01-02,EBIRD_ATL_NC,Traveling,,LAKE_LURE-SE,1,1.0,Purple Finch,,,
S207855194,S207855194,1,Polk,120.0,6.437,G13711015,35.387625,"1515 Rock Spring Rd, Mill Spring US-NC 35.38763, -82.13145",P,-82.131447,wintering,2,2025-01-02,EBIRD_ATL_NC,Traveling,,LAKE_LURE-SE,1,1.0,Red-bellied Woodpecker,,,
S207855194,S207855194,1,Polk,120.0,6.437,G13711015,35.387625,"1515 Rock Spring Rd, Mill Spring US-NC 35.38763, -82.13145",P,-82.131447,wintering,2,2025-01-02,EBIRD_ATL_NC,Traveling,,LAKE_LURE-SE,1,1.0,Red-shouldered Hawk,,,
S207855194,S207855194,1,Polk,120.0,6.437,G13711015,35.387625,"1515 Rock Spring Rd, Mill Spring US-NC 35.38763, -82.13145",P,-82.131447,wintering,2,2025-01-02,EBIRD_ATL_NC,Traveling,,LAKE_LURE-SE,1,1.0,Song Sparrow,,,
S207855194,S207855194,1,Polk,120.0,6.437,G13711015,35.387625,"1515 Rock Spring Rd, Mill Spring US-NC 35.38763, -82.13145",P,-82.131447,wintering,2,2025-01-02,EBIRD_ATL_NC,Traveling,,LAKE_LURE-SE,1,1.0,Tufted Titmouse,,,
S207855194,S207855194,1,Polk,120.0,6.437,G13711015,35.387625,"1515 Rock Spring Rd, Mill Spring US-NC 35.38763, -82.13145",P,-82.131447,wintering,2,2025-01-02,EBIRD_ATL_NC,Traveling,,LAKE_LURE-SE,1,1.0,Turkey Vulture,,,
S207855194,S207855194,1,Polk,120.0,6.437,G13711015,35.387625,"1515 Rock Spring Rd, Mill Spring US-NC 35.38763, -82.13145",P,-82.131447,wintering,2,2025-01-02,EBIRD_ATL_NC,Traveling,,LAKE_LURE-SE,1,1.0,White-breasted Nuthatch,,,
S207855180,S207855180,1,Polk,78.0,6.155,G13711013,35.372726,"700–814 Edgerton Rd, Mill Spring US-NC (35.3727,-82.1511)",P,-82.151079,wintering,2,2025-01-02,EBIRD_ATL_NC,Traveling,,MILL_SPRING-NE,0,1.0,American Crow,,,
S207855180,S207855180,1,Polk,78.0,6.155,G13711013,35.372726,"700–814 Edgerton Rd, Mill Spring US-NC (35.3727,-82.1511)",P,-82.151079,wintering,2,2025-01-02,EBIRD_ATL_NC,Traveling,,MILL_SPRING-NE,0,1.0,American Robin,,,
S207855180,S207855180,1,Polk,78.0,6.155,G13711013,35.372726,"700–814 Edgerton Rd, Mill Spring US-NC (35.3727,-82.1511)",P,-82.151079,wintering,2,2025-01-02,EBIRD_ATL_NC,Traveling,,MILL_SPRING-NE,0,1.0,Blue Jay,,,
S207855180,S207855180,1,Polk,78.0,6.155,G13711013,35.372726,"700–814 Edgerton Rd, Mill Spring US-NC (35.3727,-82.1511)",P,-82.151079,wintering,2,2025-01-02,EBIRD_ATL_NC,Traveling,,MILL_SPRING-NE,0,1.0,Carolina Chickadee,,,
S207855180,S207855180,1,Polk,78.0,6.155,G13711013,35.372726,"700–814 Edgerton Rd, Mill Spring US-NC (35.3727,-82.1511)",P,-82.151079,wintering,2,2025-01-02,EBIRD_ATL_NC,Traveling,,MILL_SPRING-NE,0,1.0,Carolina Wren,,,
S207855180,S207855180,1,Polk,78.0,6.155,G13711013,35.372726,"700–814 Edgerton Rd, Mill Spring US-NC (35.3727,-82.1511)",P,-82.151079,wintering,2,2025-01-02,EBIRD_ATL_NC,Traveling,,MILL_SPRING-NE,0,1.0,Cedar Waxwing,,,
S207855180,S207855180,1,Polk,78.0,6.155,G13711013,35.372726,"700–814 Edgerton Rd, Mill Spring US-NC (35.3727,-82.1511)",P,-82.151079,wintering,2,2025-01-02,EBIRD_ATL_NC,Traveling,,MILL_SPRING-NE,0,1.0,Chipping Sparrow,,,
S207855180,S207855180,1,Polk,78.0,6.155,G13711013,35.372726,"700–814 Edgerton Rd, Mill Spring US-NC (35.3727,-82.1511)",P,-82.151079,wintering,2,2025-01-02,EBIRD_ATL_NC,Traveling,,MILL_SPRING-NE,0,1.0,Dark-eyed Junco,,,
S207855180,S207855180,1,Polk,78.0,6.155,G13711013,35.372726,"700–814 Edgerton Rd, Mill Spring US-NC (35.3727,-82.1511)",P,-82.151079,wintering,2,2025-01-02,EBIRD_ATL_NC,Traveling,,MILL_SPRING-NE,0,1.0,Downy Woodpecker,,,
S207855180,S207855180,1,Polk,78.0,6.155,G13711013,35.372726,"700–814 Edgerton Rd, Mill Spring US-NC (35.3727,-82.1511)",P,-82.151079,wintering,2,2025-01-02,EBIRD_ATL_NC,Traveling,,MILL_SPRING-NE,0,1.0,Eastern Bluebird,,,
S207855180,S207855180,1,Polk,78.0,6.155,G13711013,35.372726,"700–814 Edgerton Rd, Mill Spring US-NC (35.3727,-82.1511)",P,-82.151079,wintering,2,2025-01-02,EBIRD_ATL_NC,Traveling,,MILL_SPRING-NE,0,1.0,Eastern Meadowlark,,,
S207855180,S207855180,1,Polk,78.0,6.155,G13711013,35.372726,"700–814 Edgerton Rd, Mill Spring US-NC (35.3727,-82.1511)",P,-82.151079,wintering,2,2025-01-02,EBIRD_ATL_NC,Traveling,,MILL_SPRING-NE,0,1.0,Eastern Phoebe,,,
S207855180,S207855180,1,Polk,78.0,6.155,G13711013,35.372726,"700–814 Edgerton Rd, Mill Spring US-NC (35.3727,-82.1511)",P,-82.151079,wintering,2,2025-01-02,EBIRD_ATL_NC,Traveling,,MILL_SPRING-NE,0,1.0,Eastern Towhee,,,
S207855180,S207855180,1,Polk,78.0,6.155,G13711013,35.372726,"700–814 Edgerton Rd, Mill Spring US-NC (35.3727,-82.1511)",P,-82.151079,wintering,2,2025-01-02,EBIRD_ATL_NC,Traveling,,MILL_SPRING-NE,0,1.0,Field Sparrow,,,
S207855180,S207855180,1,Polk,78.0,6.155,G13711013,35.372726,"700–814 Edgerton Rd, Mill Spring US-NC (35.3727,-82.1511)",P,-82.151079,wintering,2,2025-01-02,EBIRD_ATL_NC,Traveling,,MILL_SPRING-NE,0,1.0,Hairy Woodpecker,,,
S207855180,S207855180,1,Polk,78.0,6.155,G13711013,35.372726,"700–814 Edgerton Rd, Mill Spring US-NC (35.3727,-82.1511)",P,-82.151079,wintering,2,2025-01-02,EBIRD_ATL_NC,Traveling,,MILL_SPRING-NE,0,1.0,Northern Cardinal,,,
S207855180,S207855180,1,Polk,78.0,6.155,G13711013,35.372726,"700–814 Edgerton Rd, Mill Spring US-NC (35.3727,-82.1511)",P,-82.151079,wintering,2,2025-01-02,EBIRD_ATL_NC,Traveling,,MILL_SPRING-NE,0,1.0,Northern Flicker,,,
S207855180,S207855180,1,Polk,78.0,6.155,G13711013,35.372726,"700–814 Edgerton Rd, Mill Spring US-NC (35.3727,-82.1511)",P,-82.151079,wintering,2,2025-01-02,EBIRD_ATL_NC,Traveling,,MILL_SPRING-NE,0,1.0,Northern Mockingbird,,,
S207855180,S207855180,1,Polk,78.0,6.155,G13711013,35.372726,"700–814 Edgerton Rd, Mill Spring US-NC (35.3727,-82.1511)",P,-82.151079,wintering,2,2025-01-02,EBIRD_ATL_NC,Traveling,,MILL_SPRING-NE,0,1.0,Pileated Woodpecker,,,
S207855180,S207855180,1,Polk,78.0,6.155,G13711013,35.372726,"700–814 Edgerton Rd, Mill Spring US-NC (35.3727,-82.1511)",P,-82.151079,wintering,2,2025-01-02,EBIRD_ATL_NC,Traveling,,MILL_SPRING-NE,0,1.0,Purple Finch,,,
S207855180,S207855180,1,Polk,78.0,6.155,G13711013,35.372726,"700–814 Edgerton Rd, Mill Spring US-NC (35.3727,-82.1511)",P,-82.151079,wintering,2,2025-01-02,EBIRD_ATL_NC,Traveling,,MILL_SPRING-NE,0,1.0,Red-bellied Woodpecker,,,
S207855180,S207855180,1,Polk,78.0,6.155,G13711013,35.372726,"700–814 Edgerton Rd, Mill Spring US-NC (35.3727,-82.1511)",P,-82.151079,wintering,2,2025-01-02,EBIRD_ATL_NC,Traveling,,MILL_SPRING-NE,0,1.0,Red Crossbill,,,First spotted just 15 ft away perched in a bare deciduous tree.  Soon flew to this Virginia Pine and fed on seeds in one cone.  These are 2 miserable digi-bin photos taken through the windshield.
S207855180,S207855180,1,Polk,78.0,6.155,G13711013,35.372726,"700–814 Edgerton Rd, Mill Spring US-NC (35.3727,-82.1511)",P,-82.151079,wintering,2,2025-01-02,EBIRD_ATL_NC,Traveling,,MILL_SPRING-NE,0,1.0,Red-shouldered Hawk,,,
S207855180,S207855180,1,Polk,78.0,6.155,G13711013,35.372726,"700–814 Edgerton Rd, Mill Spring US-NC (35.3727,-82.1511)",P,-82.151079,wintering,2,2025-01-02,EBIRD_ATL_NC,Traveling,,MILL_SPRING-NE,0,1.0,Red-tailed Hawk,,,
S207855180,S207855180,1,Polk,78.0,6.155,G13711013,35.372726,"700–814 Edgerton Rd, Mill Spring US-NC (35.3727,-82.1511)",P,-82.151079,wintering,2,2025-01-02,EBIRD_ATL_NC,Traveling,,MILL_SPRING-NE,0,1.0,Red-winged Blackbird,,,
S207855180,S207855180,1,Polk,78.0,6.155,G13711013,35.372726,"700–814 Edgerton Rd, Mill Spring US-NC (35.3727,-82.1511)",P,-82.151079,wintering,2,2025-01-02,EBIRD_ATL_NC,Traveling,,MILL_SPRING-NE,0,1.0,Song Sparrow,,,
S207855180,S207855180,1,Polk,78.0,6.155,G13711013,35.372726,"700–814 Edgerton Rd, Mill Spring US-NC (35.3727,-82.1511)",P,-82.151079,wintering,2,2025-01-02,EBIRD_ATL_NC,Traveling,,MILL_SPRING-NE,0,1.0,Tufted Titmouse,,,
S207855180,S207855180,1,Polk,78.0,6.155,G13711013,35.372726,"700–814 Edgerton Rd, Mill Spring US-NC (35.3727,-82.1511)",P,-82.151079,wintering,2,2025-01-02,EBIRD_ATL_NC,Traveling,,MILL_SPRING-NE,0,1.0,White-breasted Nuthatch,,,
S207855180,S207855180,1,Polk,78.0,6.155,G13711013,35.372726,"700–814 Edgerton Rd, Mill Spring US-NC (35.3727,-82.1511)",P,-82.151079,wintering,2,2025-01-02,EBIRD_ATL_NC,Traveling,,MILL_SPRING-NE,0,1.0,White-throated Sparrow,,,
S207855180,S207855180,1,Polk,78.0,6.155,G13711013,35.372726,"700–814 Edgerton Rd, Mill Spring US-NC (35.3727,-82.1511)",P,-82.151079,wintering,2,2025-01-02,EBIRD_ATL_NC,Traveling,,MILL_SPRING-NE,0,1.0,Yellow-bellied Sapsucker,,,
S207723245,S207723245,1,Polk,78.0,6.155,G13711013,35.372726,"700–814 Edgerton Rd, Mill Spring US-NC (35.3727,-82.1511)",P,-82.151079,wintering,2,2025-01-02,EBIRD_ATL_NC,Traveling,,MILL_SPRING-NE,0,1.0,American Crow,,,
S207723245,S207723245,1,Polk,78.0,6.155,G13711013,35.372726,"700–814 Edgerton Rd, Mill Spring US-NC (35.3727,-82.1511)",P,-82.151079,wintering,2,2025-01-02,EBIRD_ATL_NC,Traveling,,MILL_SPRING-NE,0,1.0,American Robin,,,
S207723245,S207723245,1,Polk,78.0,6.155,G13711013,35.372726,"700–814 Edgerton Rd, Mill Spring US-NC (35.3727,-82.1511)",P,-82.151079,wintering,2,2025-01-02,EBIRD_ATL_NC,Traveling,,MILL_SPRING-NE,0,1.0,Blue Jay,,,
S207723245,S207723245,1,Polk,78.0,6.155,G13711013,35.372726,"700–814 Edgerton Rd, Mill Spring US-NC (35.3727,-82.1511)",P,-82.151079,wintering,2,2025-01-02,EBIRD_ATL_NC,Traveling,,MILL_SPRING-NE,0,1.0,Carolina Chickadee,,,
S207723245,S207723245,1,Polk,78.0,6.155,G13711013,35.372726,"700–814 Edgerton Rd, Mill Spring US-NC (35.3727,-82.1511)",P,-82.151079,wintering,2,2025-01-02,EBIRD_ATL_NC,Traveling,,MILL_SPRING-NE,0,1.0,Carolina Wren,,,
S207723245,S207723245,1,Polk,78.0,6.155,G13711013,35.372726,"700–814 Edgerton Rd, Mill Spring US-NC (35.3727,-82.1511)",P,-82.151079,wintering,2,2025-01-02,EBIRD_ATL_NC,Traveling,,MILL_SPRING-NE,0,1.0,Cedar Waxwing,,,
S207723245,S207723245,1,Polk,78.0,6.155,G13711013,35.372726,"700–814 Edgerton Rd, Mill Spring US-NC (35.3727,-82.1511)",P,-82.151079,wintering,2,2025-01-02,EBIRD_ATL_NC,Traveling,,MILL_SPRING-NE,0,1.0,Chipping Sparrow,,,
S207723245,S207723245,1,Polk,78.0,6.155,G13711013,35.372726,"700–814 Edgerton Rd, Mill Spring US-NC (35.3727,-82.1511)",P,-82.151079,wintering,2,2025-01-02,EBIRD_ATL_NC,Traveling,,MILL_SPRING-NE,0,1.0,Dark-eyed Junco,,,
S207723245,S207723245,1,Polk,78.0,6.155,G13711013,35.372726,"700–814 Edgerton Rd, Mill Spring US-NC (35.3727,-82.1511)",P,-82.151079,wintering,2,2025-01-02,EBIRD_ATL_NC,Traveling,,MILL_SPRING-NE,0,1.0,Downy Woodpecker,,,
S207723245,S207723245,1,Polk,78.0,6.155,G13711013,35.372726,"700–814 Edgerton Rd, Mill Spring US-NC (35.3727,-82.1511)",P,-82.151079,wintering,2,2025-01-02,EBIRD_ATL_NC,Traveling,,MILL_SPRING-NE,0,1.0,Eastern Bluebird,,,
S207723245,S207723245,1,Polk,78.0,6.155,G13711013,35.372726,"700–814 Edgerton Rd, Mill Spring US-NC (35.3727,-82.1511)",P,-82.151079,wintering,2,2025-01-02,EBIRD_ATL_NC,Traveling,,MILL_SPRING-NE,0,1.0,Eastern Meadowlark,,,
S207723245,S207723245,1,Polk,78.0,6.155,G13711013,35.372726,"700–814 Edgerton Rd, Mill Spring US-NC (35.3727,-82.1511)",P,-82.151079,wintering,2,2025-01-02,EBIRD_ATL_NC,Traveling,,MILL_SPRING-NE,0,1.0,Eastern Phoebe,,,
S207723245,S207723245,1,Polk,78.0,6.155,G13711013,35.372726,"700–814 Edgerton Rd, Mill Spring US-NC (35.3727,-82.1511)",P,-82.151079,wintering,2,2025-01-02,EBIRD_ATL_NC,Traveling,,MILL_SPRING-NE,0,1.0,Eastern Towhee,,,
S207723245,S207723245,1,Polk,78.0,6.155,G13711013,35.372726,"700–814 Edgerton Rd, Mill Spring US-NC (35.3727,-82.1511)",P,-82.151079,wintering,2,2025-01-02,EBIRD_ATL_NC,Traveling,,MILL_SPRING-NE,0,1.0,Field Sparrow,,,
S207723245,S207723245,1,Polk,78.0,6.155,G13711013,35.372726,"700–814 Edgerton Rd, Mill Spring US-NC (35.3727,-82.1511)",P,-82.151079,wintering,2,2025-01-02,EBIRD_ATL_NC,Traveling,,MILL_SPRING-NE,0,1.0,Hairy Woodpecker,,,
S207723245,S207723245,1,Polk,78.0,6.155,G13711013,35.372726,"700–814 Edgerton Rd, Mill Spring US-NC (35.3727,-82.1511)",P,-82.151079,wintering,2,2025-01-02,EBIRD_ATL_NC,Traveling,,MILL_SPRING-NE,0,1.0,Northern Cardinal,,,
S207723245,S207723245,1,Polk,78.0,6.155,G13711013,35.372726,"700–814 Edgerton Rd, Mill Spring US-NC (35.3727,-82.1511)",P,-82.151079,wintering,2,2025-01-02,EBIRD_ATL_NC,Traveling,,MILL_SPRING-NE,0,1.0,Northern Flicker,,,
S207723245,S207723245,1,Polk,78.0,6.155,G13711013,35.372726,"700–814 Edgerton Rd, Mill Spring US-NC (35.3727,-82.1511)",P,-82.151079,wintering,2,2025-01-02,EBIRD_ATL_NC,Traveling,,MILL_SPRING-NE,0,1.0,Northern Mockingbird,,,
S207723245,S207723245,1,Polk,78.0,6.155,G13711013,35.372726,"700–814 Edgerton Rd, Mill Spring US-NC (35.3727,-82.1511)",P,-82.151079,wintering,2,2025-01-02,EBIRD_ATL_NC,Traveling,,MILL_SPRING-NE,0,1.0,Pileated Woodpecker,,,
S207723245,S207723245,1,Polk,78.0,6.155,G13711013,35.372726,"700–814 Edgerton Rd, Mill Spring US-NC (35.3727,-82.1511)",P,-82.151079,wintering,2,2025-01-02,EBIRD_ATL_NC,Traveling,,MILL_SPRING-NE,0,1.0,Purple Finch,,,
S207723245,S207723245,1,Polk,78.0,6.155,G13711013,35.372726,"700–814 Edgerton Rd, Mill Spring US-NC (35.3727,-82.1511)",P,-82.151079,wintering,2,2025-01-02,EBIRD_ATL_NC,Traveling,,MILL_SPRING-NE,0,1.0,Red-bellied Woodpecker,,,
S207723245,S207723245,1,Polk,78.0,6.155,G13711013,35.372726,"700–814 Edgerton Rd, Mill Spring US-NC (35.3727,-82.1511)",P,-82.151079,wintering,2,2025-01-02,EBIRD_ATL_NC,Traveling,,MILL_SPRING-NE,0,1.0,Red Crossbill,,,First spotted just 15 ft away perched in a bare deciduous tree.  Soon flew to this Virginia Pine and fed on seeds in one cone.  These are 2 miserable digi-bin photos taken through the windshield.
S207723245,S207723245,1,Polk,78.0,6.155,G13711013,35.372726,"700–814 Edgerton Rd, Mill Spring US-NC (35.3727,-82.1511)",P,-82.151079,wintering,2,2025-01-02,EBIRD_ATL_NC,Traveling,,MILL_SPRING-NE,0,1.0,Red-shouldered Hawk,,,
S207723245,S207723245,1,Polk,78.0,6.155,G13711013,35.372726,"700–814 Edgerton Rd, Mill Spring US-NC (35.3727,-82.1511)",P,-82.151079,wintering,2,2025-01-02,EBIRD_ATL_NC,Traveling,,MILL_SPRING-NE,0,1.0,Red-tailed Hawk,,,
S207723245,S207723245,1,Polk,78.0,6.155,G13711013,35.372726,"700–814 Edgerton Rd, Mill Spring US-NC (35.3727,-82.1511)",P,-82.151079,wintering,2,2025-01-02,EBIRD_ATL_NC,Traveling,,MILL_SPRING-NE,0,1.0,Red-winged Blackbird,,,
S207723245,S207723245,1,Polk,78.0,6.155,G13711013,35.372726,"700–814 Edgerton Rd, Mill Spring US-NC (35.3727,-82.1511)",P,-82.151079,wintering,2,2025-01-02,EBIRD_ATL_NC,Traveling,,MILL_SPRING-NE,0,1.0,Song Sparrow,,,
S207723245,S207723245,1,Polk,78.0,6.155,G13711013,35.372726,"700–814 Edgerton Rd, Mill Spring US-NC (35.3727,-82.1511)",P,-82.151079,wintering,2,2025-01-02,EBIRD_ATL_NC,Traveling,,MILL_SPRING-NE,0,1.0,Tufted Titmouse,,,
S207723245,S207723245,1,Polk,78.0,6.155,G13711013,35.372726,"700–814 Edgerton Rd, Mill Spring US-NC (35.3727,-82.1511)",P,-82.151079,wintering,2,2025-01-02,EBIRD_ATL_NC,Traveling,,MILL_SPRING-NE,0,1.0,White-breasted Nuthatch,,,
S207723245,S207723245,1,Polk,78.0,6.155,G13711013,35.372726,"700–814 Edgerton Rd, Mill Spring US-NC (35.3727,-82.1511)",P,-82.151079,wintering,2,2025-01-02,EBIRD_ATL_NC,Traveling,,MILL_SPRING-NE,0,1.0,White-throated Sparrow,,,
S207723245,S207723245,1,Polk,78.0,6.155,G13711013,35.372726,"700–814 Edgerton Rd, Mill Spring US-NC (35.3727,-82.1511)",P,-82.151079,wintering,2,2025-01-02,EBIRD_ATL_NC,Traveling,,MILL_SPRING-NE,0,1.0,Yellow-bellied Sapsucker,,,
S207725626,S207725626,1,Polk,120.0,6.437,G13711015,35.387625,"1515 Rock Spring Rd, Mill Spring US-NC 35.38763, -82.13145",P,-82.131447,wintering,2,2025-01-02,EBIRD_ATL_NC,Traveling,,LAKE_LURE-SE,1,1.0,American Crow,,,
S207725626,S207725626,1,Polk,120.0,6.437,G13711015,35.387625,"1515 Rock Spring Rd, Mill Spring US-NC 35.38763, -82.13145",P,-82.131447,wintering,2,2025-01-02,EBIRD_ATL_NC,Traveling,,LAKE_LURE-SE,1,1.0,American Goldfinch,,,
S207725626,S207725626,1,Polk,120.0,6.437,G13711015,35.387625,"1515 Rock Spring Rd, Mill Spring US-NC 35.38763, -82.13145",P,-82.131447,wintering,2,2025-01-02,EBIRD_ATL_NC,Traveling,,LAKE_LURE-SE,1,1.0,American Robin,,,
S207725626,S207725626,1,Polk,120.0,6.437,G13711015,35.387625,"1515 Rock Spring Rd, Mill Spring US-NC 35.38763, -82.13145",P,-82.131447,wintering,2,2025-01-02,EBIRD_ATL_NC,Traveling,,LAKE_LURE-SE,1,1.0,Black Vulture,,,
S207725626,S207725626,1,Polk,120.0,6.437,G13711015,35.387625,"1515 Rock Spring Rd, Mill Spring US-NC 35.38763, -82.13145",P,-82.131447,wintering,2,2025-01-02,EBIRD_ATL_NC,Traveling,,LAKE_LURE-SE,1,1.0,Blue Jay,,,
S207725626,S207725626,1,Polk,120.0,6.437,G13711015,35.387625,"1515 Rock Spring Rd, Mill Spring US-NC 35.38763, -82.13145",P,-82.131447,wintering,2,2025-01-02,EBIRD_ATL_NC,Traveling,,LAKE_LURE-SE,1,1.0,Brown-headed Nuthatch,,,
S207725626,S207725626,1,Polk,120.0,6.437,G13711015,35.387625,"1515 Rock Spring Rd, Mill Spring US-NC 35.38763, -82.13145",P,-82.131447,wintering,2,2025-01-02,EBIRD_ATL_NC,Traveling,,LAKE_LURE-SE,1,1.0,Brown Thrasher,,,
S207725626,S207725626,1,Polk,120.0,6.437,G13711015,35.387625,"1515 Rock Spring Rd, Mill Spring US-NC 35.38763, -82.13145",P,-82.131447,wintering,2,2025-01-02,EBIRD_ATL_NC,Traveling,,LAKE_LURE-SE,1,1.0,Carolina Chickadee,,,
S207725626,S207725626,1,Polk,120.0,6.437,G13711015,35.387625,"1515 Rock Spring Rd, Mill Spring US-NC 35.38763, -82.13145",P,-82.131447,wintering,2,2025-01-02,EBIRD_ATL_NC,Traveling,,LAKE_LURE-SE,1,1.0,Carolina Wren,,,
S207725626,S207725626,1,Polk,120.0,6.437,G13711015,35.387625,"1515 Rock Spring Rd, Mill Spring US-NC 35.38763, -82.13145",P,-82.131447,wintering,2,2025-01-02,EBIRD_ATL_NC,Traveling,,LAKE_LURE-SE,1,1.0,Chipping Sparrow,,,
S207725626,S207725626,1,Polk,120.0,6.437,G13711015,35.387625,"1515 Rock Spring Rd, Mill Spring US-NC 35.38763, -82.13145",P,-82.131447,wintering,2,2025-01-02,EBIRD_ATL_NC,Traveling,,LAKE_LURE-SE,1,1.0,Dark-eyed Junco,,,
S207725626,S207725626,1,Polk,120.0,6.437,G13711015,35.387625,"1515 Rock Spring Rd, Mill Spring US-NC 35.38763, -82.13145",P,-82.131447,wintering,2,2025-01-02,EBIRD_ATL_NC,Traveling,,LAKE_LURE-SE,1,1.0,Downy Woodpecker,,,
S207725626,S207725626,1,Polk,120.0,6.437,G13711015,35.387625,"1515 Rock Spring Rd, Mill Spring US-NC 35.38763, -82.13145",P,-82.131447,wintering,2,2025-01-02,EBIRD_ATL_NC,Traveling,,LAKE_LURE-SE,1,1.0,Eastern Bluebird,,,
S207725626,S207725626,1,Polk,120.0,6.437,G13711015,35.387625,"1515 Rock Spring Rd, Mill Spring US-NC 35.38763, -82.13145",P,-82.131447,wintering,2,2025-01-02,EBIRD_ATL_NC,Traveling,,LAKE_LURE-SE,1,1.0,Eastern Phoebe,,,
S207725626,S207725626,1,Polk,120.0,6.437,G13711015,35.387625,"1515 Rock Spring Rd, Mill Spring US-NC 35.38763, -82.13145",P,-82.131447,wintering,2,2025-01-02,EBIRD_ATL_NC,Traveling,,LAKE_LURE-SE,1,1.0,Eastern Towhee,,,
S207725626,S207725626,1,Polk,120.0,6.437,G13711015,35.387625,"1515 Rock Spring Rd, Mill Spring US-NC 35.38763, -82.13145",P,-82.131447,wintering,2,2025-01-02,EBIRD_ATL_NC,Traveling,,LAKE_LURE-SE,1,1.0,Field Sparrow,,,
S207725626,S207725626,1,Polk,120.0,6.437,G13711015,35.387625,"1515 Rock Spring Rd, Mill Spring US-NC 35.38763, -82.13145",P,-82.131447,wintering,2,2025-01-02,EBIRD_ATL_NC,Traveling,,LAKE_LURE-SE,1,1.0,Golden-crowned Kinglet,,,
S207725626,S207725626,1,Polk,120.0,6.437,G13711015,35.387625,"1515 Rock Spring Rd, Mill Spring US-NC 35.38763, -82.13145",P,-82.131447,wintering,2,2025-01-02,EBIRD_ATL_NC,Traveling,,LAKE_LURE-SE,1,1.0,Hairy Woodpecker,,,
S207725626,S207725626,1,Polk,120.0,6.437,G13711015,35.387625,"1515 Rock Spring Rd, Mill Spring US-NC 35.38763, -82.13145",P,-82.131447,wintering,2,2025-01-02,EBIRD_ATL_NC,Traveling,,LAKE_LURE-SE,1,1.0,Hermit Thrush,,,
S207725626,S207725626,1,Polk,120.0,6.437,G13711015,35.387625,"1515 Rock Spring Rd, Mill Spring US-NC 35.38763, -82.13145",P,-82.131447,wintering,2,2025-01-02,EBIRD_ATL_NC,Traveling,,LAKE_LURE-SE,1,1.0,House Finch,,,
S207725626,S207725626,1,Polk,120.0,6.437,G13711015,35.387625,"1515 Rock Spring Rd, Mill Spring US-NC 35.38763, -82.13145",P,-82.131447,wintering,2,2025-01-02,EBIRD_ATL_NC,Traveling,,LAKE_LURE-SE,1,1.0,Northern House Wren,,,
S207725626,S207725626,1,Polk,120.0,6.437,G13711015,35.387625,"1515 Rock Spring Rd, Mill Spring US-NC 35.38763, -82.13145",P,-82.131447,wintering,2,2025-01-02,EBIRD_ATL_NC,Traveling,,LAKE_LURE-SE,1,1.0,Mourning Dove,,,
S207725626,S207725626,1,Polk,120.0,6.437,G13711015,35.387625,"1515 Rock Spring Rd, Mill Spring US-NC 35.38763, -82.13145",P,-82.131447,wintering,2,2025-01-02,EBIRD_ATL_NC,Traveling,,LAKE_LURE-SE,1,1.0,Northern Cardinal,,,
S207725626,S207725626,1,Polk,120.0,6.437,G13711015,35.387625,"1515 Rock Spring Rd, Mill Spring US-NC 35.38763, -82.13145",P,-82.131447,wintering,2,2025-01-02,EBIRD_ATL_NC,Traveling,,LAKE_LURE-SE,1,1.0,Northern Mockingbird,,,
S207725626,S207725626,1,Polk,120.0,6.437,G13711015,35.387625,"1515 Rock Spring Rd, Mill Spring US-NC 35.38763, -82.13145",P,-82.131447,wintering,2,2025-01-02,EBIRD_ATL_NC,Traveling,,LAKE_LURE-SE,1,1.0,Pileated Woodpecker,,,
S207725626,S207725626,1,Polk,120.0,6.437,G13711015,35.387625,"1515 Rock Spring Rd, Mill Spring US-NC 35.38763, -82.13145",P,-82.131447,wintering,2,2025-01-02,EBIRD_ATL_NC,Traveling,,LAKE_LURE-SE,1,1.0,Pine Warbler,,,
S207725626,S207725626,1,Polk,120.0,6.437,G13711015,35.387625,"1515 Rock Spring Rd, Mill Spring US-NC 35.38763, -82.13145",P,-82.131447,wintering,2,2025-01-02,EBIRD_ATL_NC,Traveling,,LAKE_LURE-SE,1,1.0,Purple Finch,,,
S207725626,S207725626,1,Polk,120.0,6.437,G13711015,35.387625,"1515 Rock Spring Rd, Mill Spring US-NC 35.38763, -82.13145",P,-82.131447,wintering,2,2025-01-02,EBIRD_ATL_NC,Traveling,,LAKE_LURE-SE,1,1.0,Red-bellied Woodpecker,,,
S207725626,S207725626,1,Polk,120.0,6.437,G13711015,35.387625,"1515 Rock Spring Rd, Mill Spring US-NC 35.38763, -82.13145",P,-82.131447,wintering,2,2025-01-02,EBIRD_ATL_NC,Traveling,,LAKE_LURE-SE,1,1.0,Red-shouldered Hawk,,,
S207725626,S207725626,1,Polk,120.0,6.437,G13711015,35.387625,"1515 Rock Spring Rd, Mill Spring US-NC 35.38763, -82.13145",P,-82.131447,wintering,2,2025-01-02,EBIRD_ATL_NC,Traveling,,LAKE_LURE-SE,1,1.0,Song Sparrow,,,
S207725626,S207725626,1,Polk,120.0,6.437,G13711015,35.387625,"1515 Rock Spring Rd, Mill Spring US-NC 35.38763, -82.13145",P,-82.131447,wintering,2,2025-01-02,EBIRD_ATL_NC,Traveling,,LAKE_LURE-SE,1,1.0,Tufted Titmouse,,,
S207725626,S207725626,1,Polk,120.0,6.437,G13711015,35.387625,"1515 Rock Spring Rd, Mill Spring US-NC 35.38763, -82.13145",P,-82.131447,wintering,2,2025-01-02,EBIRD_ATL_NC,Traveling,,LAKE_LURE-SE,1,1.0,Turkey Vulture,,,
S207725626,S207725626,1,Polk,120.0,6.437,G13711015,35.387625,"1515 Rock Spring Rd, Mill Spring US-NC 35.38763, -82.13145",P,-82.131447,wintering,2,2025-01-02,EBIRD_ATL_NC,Traveling,,LAKE_LURE-SE,1,1.0,White-breasted Nuthatch,,,
S207754488,S207754488,1,Randolph,32.0,0.237,,35.912996,"Harlow Rd (35.9130,-79.9002) - High Point East SE",P,-79.900176,wintering,1,2025-01-02,EBIRD_ATL_NC,Traveling,Temp 38-Wind 2-Sky 0,HIGH_POINT_EAST-SE,1,1.0,American Crow,,,
S207754488,S207754488,1,Randolph,32.0,0.237,,35.912996,"Harlow Rd (35.9130,-79.9002) - High Point East SE",P,-79.900176,wintering,1,2025-01-02,EBIRD_ATL_NC,Traveling,Temp 38-Wind 2-Sky 0,HIGH_POINT_EAST-SE,1,1.0,American Goldfinch,,,
S207754488,S207754488,1,Randolph,32.0,0.237,,35.912996,"Harlow Rd (35.9130,-79.9002) - High Point East SE",P,-79.900176,wintering,1,2025-01-02,EBIRD_ATL_NC,Traveling,Temp 38-Wind 2-Sky 0,HIGH_POINT_EAST-SE,1,1.0,American Pipit,,,"First flock flock was minimum 100 by ten count, likely more. Another 20 flushed shortly after. Multiple flights back and forth between fields by partial groups throughout list. Very likely more than 120 present."
S207754488,S207754488,1,Randolph,32.0,0.237,,35.912996,"Harlow Rd (35.9130,-79.9002) - High Point East SE",P,-79.900176,wintering,1,2025-01-02,EBIRD_ATL_NC,Traveling,Temp 38-Wind 2-Sky 0,HIGH_POINT_EAST-SE,1,1.0,American Robin,,,
S207754488,S207754488,1,Randolph,32.0,0.237,,35.912996,"Harlow Rd (35.9130,-79.9002) - High Point East SE",P,-79.900176,wintering,1,2025-01-02,EBIRD_ATL_NC,Traveling,Temp 38-Wind 2-Sky 0,HIGH_POINT_EAST-SE,1,1.0,Black Vulture,,,
S207754488,S207754488,1,Randolph,32.0,0.237,,35.912996,"Harlow Rd (35.9130,-79.9002) - High Point East SE",P,-79.900176,wintering,1,2025-01-02,EBIRD_ATL_NC,Traveling,Temp 38-Wind 2-Sky 0,HIGH_POINT_EAST-SE,1,1.0,Blue Jay,,,
S207754488,S207754488,1,Randolph,32.0,0.237,,35.912996,"Harlow Rd (35.9130,-79.9002) - High Point East SE",P,-79.900176,wintering,1,2025-01-02,EBIRD_ATL_NC,Traveling,Temp 38-Wind 2-Sky 0,HIGH_POINT_EAST-SE,1,1.0,Carolina Chickadee,,,
S207754488,S207754488,1,Randolph,32.0,0.237,,35.912996,"Harlow Rd (35.9130,-79.9002) - High Point East SE",P,-79.900176,wintering,1,2025-01-02,EBIRD_ATL_NC,Traveling,Temp 38-Wind 2-Sky 0,HIGH_POINT_EAST-SE,1,1.0,Carolina Wren,,,
S207754488,S207754488,1,Randolph,32.0,0.237,,35.912996,"Harlow Rd (35.9130,-79.9002) - High Point East SE",P,-79.900176,wintering,1,2025-01-02,EBIRD_ATL_NC,Traveling,Temp 38-Wind 2-Sky 0,HIGH_POINT_EAST-SE,1,1.0,Dark-eyed Junco,,,
S207754488,S207754488,1,Randolph,32.0,0.237,,35.912996,"Harlow Rd (35.9130,-79.9002) - High Point East SE",P,-79.900176,wintering,1,2025-01-02,EBIRD_ATL_NC,Traveling,Temp 38-Wind 2-Sky 0,HIGH_POINT_EAST-SE,1,1.0,Eastern Bluebird,,,
S207754488,S207754488,1,Randolph,32.0,0.237,,35.912996,"Harlow Rd (35.9130,-79.9002) - High Point East SE",P,-79.900176,wintering,1,2025-01-02,EBIRD_ATL_NC,Traveling,Temp 38-Wind 2-Sky 0,HIGH_POINT_EAST-SE,1,1.0,Eastern Phoebe,,,
S207754488,S207754488,1,Randolph,32.0,0.237,,35.912996,"Harlow Rd (35.9130,-79.9002) - High Point East SE",P,-79.900176,wintering,1,2025-01-02,EBIRD_ATL_NC,Traveling,Temp 38-Wind 2-Sky 0,HIGH_POINT_EAST-SE,1,1.0,Eastern Towhee,,,
S207754488,S207754488,1,Randolph,32.0,0.237,,35.912996,"Harlow Rd (35.9130,-79.9002) - High Point East SE",P,-79.900176,wintering,1,2025-01-02,EBIRD_ATL_NC,Traveling,Temp 38-Wind 2-Sky 0,HIGH_POINT_EAST-SE,1,1.0,Killdeer,,,
S207754488,S207754488,1,Randolph,32.0,0.237,,35.912996,"Harlow Rd (35.9130,-79.9002) - High Point East SE",P,-79.900176,wintering,1,2025-01-02,EBIRD_ATL_NC,Traveling,Temp 38-Wind 2-Sky 0,HIGH_POINT_EAST-SE,1,1.0,Northern Cardinal,,,
S207754488,S207754488,1,Randolph,32.0,0.237,,35.912996,"Harlow Rd (35.9130,-79.9002) - High Point East SE",P,-79.900176,wintering,1,2025-01-02,EBIRD_ATL_NC,Traveling,Temp 38-Wind 2-Sky 0,HIGH_POINT_EAST-SE,1,1.0,Northern Mockingbird,,,
S207754488,S207754488,1,Randolph,32.0,0.237,,35.912996,"Harlow Rd (35.9130,-79.9002) - High Point East SE",P,-79.900176,wintering,1,2025-01-02,EBIRD_ATL_NC,Traveling,Temp 38-Wind 2-Sky 0,HIGH_POINT_EAST-SE,1,1.0,Pileated Woodpecker,,,
S207754488,S207754488,1,Randolph,32.0,0.237,,35.912996,"Harlow Rd (35.9130,-79.9002) - High Point East SE",P,-79.900176,wintering,1,2025-01-02,EBIRD_ATL_NC,Traveling,Temp 38-Wind 2-Sky 0,HIGH_POINT_EAST-SE,1,1.0,Red-tailed Hawk,,,
S207754488,S207754488,1,Randolph,32.0,0.237,,35.912996,"Harlow Rd (35.9130,-79.9002) - High Point East SE",P,-79.900176,wintering,1,2025-01-02,EBIRD_ATL_NC,Traveling,Temp 38-Wind 2-Sky 0,HIGH_POINT_EAST-SE,1,1.0,Savannah Sparrow,,,
S207754488,S207754488,1,Randolph,32.0,0.237,,35.912996,"Harlow Rd (35.9130,-79.9002) - High Point East SE",P,-79.900176,wintering,1,2025-01-02,EBIRD_ATL_NC,Traveling,Temp 38-Wind 2-Sky 0,HIGH_POINT_EAST-SE,1,1.0,Song Sparrow,,,
S207754488,S207754488,1,Randolph,32.0,0.237,,35.912996,"Harlow Rd (35.9130,-79.9002) - High Point East SE",P,-79.900176,wintering,1,2025-01-02,EBIRD_ATL_NC,Traveling,Temp 38-Wind 2-Sky 0,HIGH_POINT_EAST-SE,1,1.0,Tufted Titmouse,,,
S207754488,S207754488,1,Randolph,32.0,0.237,,35.912996,"Harlow Rd (35.9130,-79.9002) - High Point East SE",P,-79.900176,wintering,1,2025-01-02,EBIRD_ATL_NC,Traveling,Temp 38-Wind 2-Sky 0,HIGH_POINT_EAST-SE,1,1.0,Turkey Vulture,,,
S207754488,S207754488,1,Randolph,32.0,0.237,,35.912996,"Harlow Rd (35.9130,-79.9002) - High Point East SE",P,-79.900176,wintering,1,2025-01-02,EBIRD_ATL_NC,Traveling,Temp 38-Wind 2-Sky 0,HIGH_POINT_EAST-SE,1,1.0,White-breasted Nuthatch,,,
S207754488,S207754488,1,Randolph,32.0,0.237,,35.912996,"Harlow Rd (35.9130,-79.9002) - High Point East SE",P,-79.900176,wintering,1,2025-01-02,EBIRD_ATL_NC,Traveling,Temp 38-Wind 2-Sky 0,HIGH_POINT_EAST-SE,1,1.0,White-throated Sparrow,,,
S207754488,S207754488,1,Randolph,32.0,0.237,,35.912996,"Harlow Rd (35.9130,-79.9002) - High Point East SE",P,-79.900176,wintering,1,2025-01-02,EBIRD_ATL_NC,Traveling,Temp 38-Wind 2-Sky 0,HIGH_POINT_EAST-SE,1,1.0,Yellow-bellied Sapsucker,,,
S207754488,S207754488,1,Randolph,32.0,0.237,,35.912996,"Harlow Rd (35.9130,-79.9002) - High Point East SE",P,-79.900176,wintering,1,2025-01-02,EBIRD_ATL_NC,Traveling,Temp 38-Wind 2-Sky 0,HIGH_POINT_EAST-SE,1,1.0,Yellow-rumped Warbler,,,
S207754462,S207754462,1,Randolph,18.0,0.097,,35.895461,"Suits Rd (35.8955,-79.9195) - High Point East SE",P,-79.919506,wintering,1,2025-01-02,EBIRD_ATL_NC,Traveling,Temp 30-Wind 1-Sky 2,HIGH_POINT_EAST-SE,1,1.0,American Crow,,,
S207754462,S207754462,1,Randolph,18.0,0.097,,35.895461,"Suits Rd (35.8955,-79.9195) - High Point East SE",P,-79.919506,wintering,1,2025-01-02,EBIRD_ATL_NC,Traveling,Temp 30-Wind 1-Sky 2,HIGH_POINT_EAST-SE,1,1.0,American Goldfinch,,,
S207754462,S207754462,1,Randolph,18.0,0.097,,35.895461,"Suits Rd (35.8955,-79.9195) - High Point East SE",P,-79.919506,wintering,1,2025-01-02,EBIRD_ATL_NC,Traveling,Temp 30-Wind 1-Sky 2,HIGH_POINT_EAST-SE,1,1.0,Blue Jay,,,
S207754462,S207754462,1,Randolph,18.0,0.097,,35.895461,"Suits Rd (35.8955,-79.9195) - High Point East SE",P,-79.919506,wintering,1,2025-01-02,EBIRD_ATL_NC,Traveling,Temp 30-Wind 1-Sky 2,HIGH_POINT_EAST-SE,1,1.0,Brown Creeper,,,
S207754462,S207754462,1,Randolph,18.0,0.097,,35.895461,"Suits Rd (35.8955,-79.9195) - High Point East SE",P,-79.919506,wintering,1,2025-01-02,EBIRD_ATL_NC,Traveling,Temp 30-Wind 1-Sky 2,HIGH_POINT_EAST-SE,1,1.0,Carolina Chickadee,,,
S207754462,S207754462,1,Randolph,18.0,0.097,,35.895461,"Suits Rd (35.8955,-79.9195) - High Point East SE",P,-79.919506,wintering,1,2025-01-02,EBIRD_ATL_NC,Traveling,Temp 30-Wind 1-Sky 2,HIGH_POINT_EAST-SE,1,1.0,Carolina Wren,,,
S207754462,S207754462,1,Randolph,18.0,0.097,,35.895461,"Suits Rd (35.8955,-79.9195) - High Point East SE",P,-79.919506,wintering,1,2025-01-02,EBIRD_ATL_NC,Traveling,Temp 30-Wind 1-Sky 2,HIGH_POINT_EAST-SE,1,1.0,Dark-eyed Junco,,,
S207754462,S207754462,1,Randolph,18.0,0.097,,35.895461,"Suits Rd (35.8955,-79.9195) - High Point East SE",P,-79.919506,wintering,1,2025-01-02,EBIRD_ATL_NC,Traveling,Temp 30-Wind 1-Sky 2,HIGH_POINT_EAST-SE,1,1.0,Downy Woodpecker,,,
S207754462,S207754462,1,Randolph,18.0,0.097,,35.895461,"Suits Rd (35.8955,-79.9195) - High Point East SE",P,-79.919506,wintering,1,2025-01-02,EBIRD_ATL_NC,Traveling,Temp 30-Wind 1-Sky 2,HIGH_POINT_EAST-SE,1,1.0,Eastern Bluebird,,,
S207754462,S207754462,1,Randolph,18.0,0.097,,35.895461,"Suits Rd (35.8955,-79.9195) - High Point East SE",P,-79.919506,wintering,1,2025-01-02,EBIRD_ATL_NC,Traveling,Temp 30-Wind 1-Sky 2,HIGH_POINT_EAST-SE,1,1.0,Eastern Towhee,,,
S207754462,S207754462,1,Randolph,18.0,0.097,,35.895461,"Suits Rd (35.8955,-79.9195) - High Point East SE",P,-79.919506,wintering,1,2025-01-02,EBIRD_ATL_NC,Traveling,Temp 30-Wind 1-Sky 2,HIGH_POINT_EAST-SE,1,1.0,Field Sparrow,,,
S207754462,S207754462,1,Randolph,18.0,0.097,,35.895461,"Suits Rd (35.8955,-79.9195) - High Point East SE",P,-79.919506,wintering,1,2025-01-02,EBIRD_ATL_NC,Traveling,Temp 30-Wind 1-Sky 2,HIGH_POINT_EAST-SE,1,1.0,Golden-crowned Kinglet,,,
S207754462,S207754462,1,Randolph,18.0,0.097,,35.895461,"Suits Rd (35.8955,-79.9195) - High Point East SE",P,-79.919506,wintering,1,2025-01-02,EBIRD_ATL_NC,Traveling,Temp 30-Wind 1-Sky 2,HIGH_POINT_EAST-SE,1,1.0,Northern Cardinal,,,
S207754462,S207754462,1,Randolph,18.0,0.097,,35.895461,"Suits Rd (35.8955,-79.9195) - High Point East SE",P,-79.919506,wintering,1,2025-01-02,EBIRD_ATL_NC,Traveling,Temp 30-Wind 1-Sky 2,HIGH_POINT_EAST-SE,1,1.0,Ruby-crowned Kinglet,,,
S207754462,S207754462,1,Randolph,18.0,0.097,,35.895461,"Suits Rd (35.8955,-79.9195) - High Point East SE",P,-79.919506,wintering,1,2025-01-02,EBIRD_ATL_NC,Traveling,Temp 30-Wind 1-Sky 2,HIGH_POINT_EAST-SE,1,1.0,Song Sparrow,,,
S207754462,S207754462,1,Randolph,18.0,0.097,,35.895461,"Suits Rd (35.8955,-79.9195) - High Point East SE",P,-79.919506,wintering,1,2025-01-02,EBIRD_ATL_NC,Traveling,Temp 30-Wind 1-Sky 2,HIGH_POINT_EAST-SE,1,1.0,Swamp Sparrow,,,
S207754462,S207754462,1,Randolph,18.0,0.097,,35.895461,"Suits Rd (35.8955,-79.9195) - High Point East SE",P,-79.919506,wintering,1,2025-01-02,EBIRD_ATL_NC,Traveling,Temp 30-Wind 1-Sky 2,HIGH_POINT_EAST-SE,1,1.0,White-throated Sparrow,,,
S207754462,S207754462,1,Randolph,18.0,0.097,,35.895461,"Suits Rd (35.8955,-79.9195) - High Point East SE",P,-79.919506,wintering,1,2025-01-02,EBIRD_ATL_NC,Traveling,Temp 30-Wind 1-Sky 2,HIGH_POINT_EAST-SE,1,1.0,Winter Wren,,,
S207754462,S207754462,1,Randolph,18.0,0.097,,35.895461,"Suits Rd (35.8955,-79.9195) - High Point East SE",P,-79.919506,wintering,1,2025-01-02,EBIRD_ATL_NC,Traveling,Temp 30-Wind 1-Sky 2,HIGH_POINT_EAST-SE,1,1.0,Yellow-bellied Sapsucker,,,
S207754448,S207754448,1,Randolph,43.0,0.265,,35.888497,"US-311 (35.8885,-79.9316) - High Point East SE",P,-79.931577,wintering,1,2025-01-02,EBIRD_ATL_NC,Traveling,Temp 29-Wind 1-Sky 1-Significant traffic noise likely a factor in detectability.,HIGH_POINT_EAST-SE,1,1,American Crow,,,
S207754448,S207754448,1,Randolph,43.0,0.265,,35.888497,"US-311 (35.8885,-79.9316) - High Point East SE",P,-79.931577,wintering,1,2025-01-02,EBIRD_ATL_NC,Traveling,Temp 29-Wind 1-Sky 1-Significant traffic noise likely a factor in detectability.,HIGH_POINT_EAST-SE,1,1,American Goldfinch,,,
S207754448,S207754448,1,Randolph,43.0,0.265,,35.888497,"US-311 (35.8885,-79.9316) - High Point East SE",P,-79.931577,wintering,1,2025-01-02,EBIRD_ATL_NC,Traveling,Temp 29-Wind 1-Sky 1-Significant traffic noise likely a factor in detectability.,HIGH_POINT_EAST-SE,1,1,Belted Kingfisher,,,
S207754448,S207754448,1,Randolph,43.0,0.265,,35.888497,"US-311 (35.8885,-79.9316) - High Point East SE",P,-79.931577,wintering,1,2025-01-02,EBIRD_ATL_NC,Traveling,Temp 29-Wind 1-Sky 1-Significant traffic noise likely a factor in detectability.,HIGH_POINT_EAST-SE,1,1,Bufflehead,,,
S207754448,S207754448,1,Randolph,43.0,0.265,,35.888497,"US-311 (35.8885,-79.9316) - High Point East SE",P,-79.931577,wintering,1,2025-01-02,EBIRD_ATL_NC,Traveling,Temp 29-Wind 1-Sky 1-Significant traffic noise likely a factor in detectability.,HIGH_POINT_EAST-SE,1,1,Carolina Chickadee,,,
S207754448,S207754448,1,Randolph,43.0,0.265,,35.888497,"US-311 (35.8885,-79.9316) - High Point East SE",P,-79.931577,wintering,1,2025-01-02,EBIRD_ATL_NC,Traveling,Temp 29-Wind 1-Sky 1-Significant traffic noise likely a factor in detectability.,HIGH_POINT_EAST-SE,1,1,Carolina Wren,,,
S207754448,S207754448,1,Randolph,43.0,0.265,,35.888497,"US-311 (35.8885,-79.9316) - High Point East SE",P,-79.931577,wintering,1,2025-01-02,EBIRD_ATL_NC,Traveling,Temp 29-Wind 1-Sky 1-Significant traffic noise likely a factor in detectability.,HIGH_POINT_EAST-SE,1,1,Double-crested Cormorant,,,
S207754448,S207754448,1,Randolph,43.0,0.265,,35.888497,"US-311 (35.8885,-79.9316) - High Point East SE",P,-79.931577,wintering,1,2025-01-02,EBIRD_ATL_NC,Traveling,Temp 29-Wind 1-Sky 1-Significant traffic noise likely a factor in detectability.,HIGH_POINT_EAST-SE,1,1,Eastern Phoebe,,,
S207754448,S207754448,1,Randolph,43.0,0.265,,35.888497,"US-311 (35.8885,-79.9316) - High Point East SE",P,-79.931577,wintering,1,2025-01-02,EBIRD_ATL_NC,Traveling,Temp 29-Wind 1-Sky 1-Significant traffic noise likely a factor in detectability.,HIGH_POINT_EAST-SE,1,1,Eastern Towhee,,,
S207754448,S207754448,1,Randolph,43.0,0.265,,35.888497,"US-311 (35.8885,-79.9316) - High Point East SE",P,-79.931577,wintering,1,2025-01-02,EBIRD_ATL_NC,Traveling,Temp 29-Wind 1-Sky 1-Significant traffic noise likely a factor in detectability.,HIGH_POINT_EAST-SE,1,1,European Starling,,,
S207754448,S207754448,1,Randolph,43.0,0.265,,35.888497,"US-311 (35.8885,-79.9316) - High Point East SE",P,-79.931577,wintering,1,2025-01-02,EBIRD_ATL_NC,Traveling,Temp 29-Wind 1-Sky 1-Significant traffic noise likely a factor in detectability.,HIGH_POINT_EAST-SE,1,1,Fish Crow,,,
S207754448,S207754448,1,Randolph,43.0,0.265,,35.888497,"US-311 (35.8885,-79.9316) - High Point East SE",P,-79.931577,wintering,1,2025-01-02,EBIRD_ATL_NC,Traveling,Temp 29-Wind 1-Sky 1-Significant traffic noise likely a factor in detectability.,HIGH_POINT_EAST-SE,1,1,Great Blue Heron,,,
S207754448,S207754448,1,Randolph,43.0,0.265,,35.888497,"US-311 (35.8885,-79.9316) - High Point East SE",P,-79.931577,wintering,1,2025-01-02,EBIRD_ATL_NC,Traveling,Temp 29-Wind 1-Sky 1-Significant traffic noise likely a factor in detectability.,HIGH_POINT_EAST-SE,1,1,Hooded Merganser,,,
S207754448,S207754448,1,Randolph,43.0,0.265,,35.888497,"US-311 (35.8885,-79.9316) - High Point East SE",P,-79.931577,wintering,1,2025-01-02,EBIRD_ATL_NC,Traveling,Temp 29-Wind 1-Sky 1-Significant traffic noise likely a factor in detectability.,HIGH_POINT_EAST-SE,1,1,House Finch,,,
S207754448,S207754448,1,Randolph,43.0,0.265,,35.888497,"US-311 (35.8885,-79.9316) - High Point East SE",P,-79.931577,wintering,1,2025-01-02,EBIRD_ATL_NC,Traveling,Temp 29-Wind 1-Sky 1-Significant traffic noise likely a factor in detectability.,HIGH_POINT_EAST-SE,1,1,House Sparrow,,,
S207754448,S207754448,1,Randolph,43.0,0.265,,35.888497,"US-311 (35.8885,-79.9316) - High Point East SE",P,-79.931577,wintering,1,2025-01-02,EBIRD_ATL_NC,Traveling,Temp 29-Wind 1-Sky 1-Significant traffic noise likely a factor in detectability.,HIGH_POINT_EAST-SE,1,1,Killdeer,,,
S207754448,S207754448,1,Randolph,43.0,0.265,,35.888497,"US-311 (35.8885,-79.9316) - High Point East SE",P,-79.931577,wintering,1,2025-01-02,EBIRD_ATL_NC,Traveling,Temp 29-Wind 1-Sky 1-Significant traffic noise likely a factor in detectability.,HIGH_POINT_EAST-SE,1,1,Mourning Dove,,,
S207754448,S207754448,1,Randolph,43.0,0.265,,35.888497,"US-311 (35.8885,-79.9316) - High Point East SE",P,-79.931577,wintering,1,2025-01-02,EBIRD_ATL_NC,Traveling,Temp 29-Wind 1-Sky 1-Significant traffic noise likely a factor in detectability.,HIGH_POINT_EAST-SE,1,1,Northern Cardinal,,,
S207754448,S207754448,1,Randolph,43.0,0.265,,35.888497,"US-311 (35.8885,-79.9316) - High Point East SE",P,-79.931577,wintering,1,2025-01-02,EBIRD_ATL_NC,Traveling,Temp 29-Wind 1-Sky 1-Significant traffic noise likely a factor in detectability.,HIGH_POINT_EAST-SE,1,1,Pied-billed Grebe,,,
S207754448,S207754448,1,Randolph,43.0,0.265,,35.888497,"US-311 (35.8885,-79.9316) - High Point East SE",P,-79.931577,wintering,1,2025-01-02,EBIRD_ATL_NC,Traveling,Temp 29-Wind 1-Sky 1-Significant traffic noise likely a factor in detectability.,HIGH_POINT_EAST-SE,1,1,Rock Pigeon,,,
S207754448,S207754448,1,Randolph,43.0,0.265,,35.888497,"US-311 (35.8885,-79.9316) - High Point East SE",P,-79.931577,wintering,1,2025-01-02,EBIRD_ATL_NC,Traveling,Temp 29-Wind 1-Sky 1-Significant traffic noise likely a factor in detectability.,HIGH_POINT_EAST-SE,1,1,Ruby-crowned Kinglet,,,
S207754448,S207754448,1,Randolph,43.0,0.265,,35.888497,"US-311 (35.8885,-79.9316) - High Point East SE",P,-79.931577,wintering,1,2025-01-02,EBIRD_ATL_NC,Traveling,Temp 29-Wind 1-Sky 1-Significant traffic noise likely a factor in detectability.,HIGH_POINT_EAST-SE,1,1,Savannah Sparrow,,,
S207754448,S207754448,1,Randolph,43.0,0.265,,35.888497,"US-311 (35.8885,-79.9316) - High Point East SE",P,-79.931577,wintering,1,2025-01-02,EBIRD_ATL_NC,Traveling,Temp 29-Wind 1-Sky 1-Significant traffic noise likely a factor in detectability.,HIGH_POINT_EAST-SE,1,1,Song Sparrow,,,
S207754448,S207754448,1,Randolph,43.0,0.265,,35.888497,"US-311 (35.8885,-79.9316) - High Point East SE",P,-79.931577,wintering,1,2025-01-02,EBIRD_ATL_NC,Traveling,Temp 29-Wind 1-Sky 1-Significant traffic noise likely a factor in detectability.,HIGH_POINT_EAST-SE,1,1,Tufted Titmouse,,,
S207754448,S207754448,1,Randolph,43.0,0.265,,35.888497,"US-311 (35.8885,-79.9316) - High Point East SE",P,-79.931577,wintering,1,2025-01-02,EBIRD_ATL_NC,Traveling,Temp 29-Wind 1-Sky 1-Significant traffic noise likely a factor in detectability.,HIGH_POINT_EAST-SE,1,1,White-throated Sparrow,,,
S207754448,S207754448,1,Randolph,43.0,0.265,,35.888497,"US-311 (35.8885,-79.9316) - High Point East SE",P,-79.931577,wintering,1,2025-01-02,EBIRD_ATL_NC,Traveling,Temp 29-Wind 1-Sky 1-Significant traffic noise likely a factor in detectability.,HIGH_POINT_EAST-SE,1,1,Yellow-rumped Warbler,,,
S207754471,S207754471,1,Randolph,12.0,0,,35.902332,"William Lee Pl (35.9023,-79.9113) - High Point East SE",P,-79.911336,wintering,1,2025-01-02,EBIRD_ATL_NC,Stationary,Temp 32-Wind 1-Sky 1-Significant traffic noise,HIGH_POINT_EAST-SE,1,1.0,American Crow,,,
S207754471,S207754471,1,Randolph,12.0,0,,35.902332,"William Lee Pl (35.9023,-79.9113) - High Point East SE",P,-79.911336,wintering,1,2025-01-02,EBIRD_ATL_NC,Stationary,Temp 32-Wind 1-Sky 1-Significant traffic noise,HIGH_POINT_EAST-SE,1,1.0,American Goldfinch,,,
S207754471,S207754471,1,Randolph,12.0,0,,35.902332,"William Lee Pl (35.9023,-79.9113) - High Point East SE",P,-79.911336,wintering,1,2025-01-02,EBIRD_ATL_NC,Stationary,Temp 32-Wind 1-Sky 1-Significant traffic noise,HIGH_POINT_EAST-SE,1,1.0,Black Vulture,,,
S207754471,S207754471,1,Randolph,12.0,0,,35.902332,"William Lee Pl (35.9023,-79.9113) - High Point East SE",P,-79.911336,wintering,1,2025-01-02,EBIRD_ATL_NC,Stationary,Temp 32-Wind 1-Sky 1-Significant traffic noise,HIGH_POINT_EAST-SE,1,1.0,Carolina Wren,,,
S207754471,S207754471,1,Randolph,12.0,0,,35.902332,"William Lee Pl (35.9023,-79.9113) - High Point East SE",P,-79.911336,wintering,1,2025-01-02,EBIRD_ATL_NC,Stationary,Temp 32-Wind 1-Sky 1-Significant traffic noise,HIGH_POINT_EAST-SE,1,1.0,Field Sparrow,,,
S207754471,S207754471,1,Randolph,12.0,0,,35.902332,"William Lee Pl (35.9023,-79.9113) - High Point East SE",P,-79.911336,wintering,1,2025-01-02,EBIRD_ATL_NC,Stationary,Temp 32-Wind 1-Sky 1-Significant traffic noise,HIGH_POINT_EAST-SE,1,1.0,Red-tailed Hawk,,,
S207754471,S207754471,1,Randolph,12.0,0,,35.902332,"William Lee Pl (35.9023,-79.9113) - High Point East SE",P,-79.911336,wintering,1,2025-01-02,EBIRD_ATL_NC,Stationary,Temp 32-Wind 1-Sky 1-Significant traffic noise,HIGH_POINT_EAST-SE,1,1.0,Song Sparrow,,,
S207754471,S207754471,1,Randolph,12.0,0,,35.902332,"William Lee Pl (35.9023,-79.9113) - High Point East SE",P,-79.911336,wintering,1,2025-01-02,EBIRD_ATL_NC,Stationary,Temp 32-Wind 1-Sky 1-Significant traffic noise,HIGH_POINT_EAST-SE,1,1.0,Turkey Vulture,,,
S207754471,S207754471,1,Randolph,12.0,0,,35.902332,"William Lee Pl (35.9023,-79.9113) - High Point East SE",P,-79.911336,wintering,1,2025-01-02,EBIRD_ATL_NC,Stationary,Temp 32-Wind 1-Sky 1-Significant traffic noise,HIGH_POINT_EAST-SE,1,1.0,White-breasted Nuthatch,,,
S207754471,S207754471,1,Randolph,12.0,0,,35.902332,"William Lee Pl (35.9023,-79.9113) - High Point East SE",P,-79.911336,wintering,1,2025-01-02,EBIRD_ATL_NC,Stationary,Temp 32-Wind 1-Sky 1-Significant traffic noise,HIGH_POINT_EAST-SE,1,1.0,White-throated Sparrow,,,
S207754471,S207754471,1,Randolph,12.0,0,,35.902332,"William Lee Pl (35.9023,-79.9113) - High Point East SE",P,-79.911336,wintering,1,2025-01-02,EBIRD_ATL_NC,Stationary,Temp 32-Wind 1-Sky 1-Significant traffic noise,HIGH_POINT_EAST-SE,1,1.0,Wood Duck,,,
S207754471,S207754471,1,Randolph,12.0,0,,35.902332,"William Lee Pl (35.9023,-79.9113) - High Point East SE",P,-79.911336,wintering,1,2025-01-02,EBIRD_ATL_NC,Stationary,Temp 32-Wind 1-Sky 1-Significant traffic noise,HIGH_POINT_EAST-SE,1,1.0,Yellow-bellied Sapsucker,,,
S207754430,S207754430,1,Randolph,15.0,0.31,,35.892414,"Creekside Park (35.8924,-79.9333) - High Point East SE",P,-79.933251,wintering,1,2025-01-02,EBIRD_ATL_NC,Traveling,Temp 26-Wind 1-Sky 0,HIGH_POINT_EAST-SE,1,1.0,American Crow,,,
S207754430,S207754430,1,Randolph,15.0,0.31,,35.892414,"Creekside Park (35.8924,-79.9333) - High Point East SE",P,-79.933251,wintering,1,2025-01-02,EBIRD_ATL_NC,Traveling,Temp 26-Wind 1-Sky 0,HIGH_POINT_EAST-SE,1,1.0,American Goldfinch,,,
S207754430,S207754430,1,Randolph,15.0,0.31,,35.892414,"Creekside Park (35.8924,-79.9333) - High Point East SE",P,-79.933251,wintering,1,2025-01-02,EBIRD_ATL_NC,Traveling,Temp 26-Wind 1-Sky 0,HIGH_POINT_EAST-SE,1,1.0,American Robin,,,
S207754430,S207754430,1,Randolph,15.0,0.31,,35.892414,"Creekside Park (35.8924,-79.9333) - High Point East SE",P,-79.933251,wintering,1,2025-01-02,EBIRD_ATL_NC,Traveling,Temp 26-Wind 1-Sky 0,HIGH_POINT_EAST-SE,1,1.0,Brown-headed Nuthatch,,,
S207754430,S207754430,1,Randolph,15.0,0.31,,35.892414,"Creekside Park (35.8924,-79.9333) - High Point East SE",P,-79.933251,wintering,1,2025-01-02,EBIRD_ATL_NC,Traveling,Temp 26-Wind 1-Sky 0,HIGH_POINT_EAST-SE,1,1.0,Carolina Wren,,,
S207754430,S207754430,1,Randolph,15.0,0.31,,35.892414,"Creekside Park (35.8924,-79.9333) - High Point East SE",P,-79.933251,wintering,1,2025-01-02,EBIRD_ATL_NC,Traveling,Temp 26-Wind 1-Sky 0,HIGH_POINT_EAST-SE,1,1.0,Eastern Bluebird,,,
S207754430,S207754430,1,Randolph,15.0,0.31,,35.892414,"Creekside Park (35.8924,-79.9333) - High Point East SE",P,-79.933251,wintering,1,2025-01-02,EBIRD_ATL_NC,Traveling,Temp 26-Wind 1-Sky 0,HIGH_POINT_EAST-SE,1,1.0,Eastern Phoebe,,,
S207754430,S207754430,1,Randolph,15.0,0.31,,35.892414,"Creekside Park (35.8924,-79.9333) - High Point East SE",P,-79.933251,wintering,1,2025-01-02,EBIRD_ATL_NC,Traveling,Temp 26-Wind 1-Sky 0,HIGH_POINT_EAST-SE,1,1.0,Eastern Towhee,,,
S207754430,S207754430,1,Randolph,15.0,0.31,,35.892414,"Creekside Park (35.8924,-79.9333) - High Point East SE",P,-79.933251,wintering,1,2025-01-02,EBIRD_ATL_NC,Traveling,Temp 26-Wind 1-Sky 0,HIGH_POINT_EAST-SE,1,1.0,House Finch,,,
S207754430,S207754430,1,Randolph,15.0,0.31,,35.892414,"Creekside Park (35.8924,-79.9333) - High Point East SE",P,-79.933251,wintering,1,2025-01-02,EBIRD_ATL_NC,Traveling,Temp 26-Wind 1-Sky 0,HIGH_POINT_EAST-SE,1,1.0,Mourning Dove,,,
S207754430,S207754430,1,Randolph,15.0,0.31,,35.892414,"Creekside Park (35.8924,-79.9333) - High Point East SE",P,-79.933251,wintering,1,2025-01-02,EBIRD_ATL_NC,Traveling,Temp 26-Wind 1-Sky 0,HIGH_POINT_EAST-SE,1,1.0,Northern Cardinal,,,
S207754430,S207754430,1,Randolph,15.0,0.31,,35.892414,"Creekside Park (35.8924,-79.9333) - High Point East SE",P,-79.933251,wintering,1,2025-01-02,EBIRD_ATL_NC,Traveling,Temp 26-Wind 1-Sky 0,HIGH_POINT_EAST-SE,1,1.0,Northern Flicker,,,
S207754430,S207754430,1,Randolph,15.0,0.31,,35.892414,"Creekside Park (35.8924,-79.9333) - High Point East SE",P,-79.933251,wintering,1,2025-01-02,EBIRD_ATL_NC,Traveling,Temp 26-Wind 1-Sky 0,HIGH_POINT_EAST-SE,1,1.0,Red-bellied Woodpecker,,,
S207754430,S207754430,1,Randolph,15.0,0.31,,35.892414,"Creekside Park (35.8924,-79.9333) - High Point East SE",P,-79.933251,wintering,1,2025-01-02,EBIRD_ATL_NC,Traveling,Temp 26-Wind 1-Sky 0,HIGH_POINT_EAST-SE,1,1.0,Red-shouldered Hawk,,,
S207754430,S207754430,1,Randolph,15.0,0.31,,35.892414,"Creekside Park (35.8924,-79.9333) - High Point East SE",P,-79.933251,wintering,1,2025-01-02,EBIRD_ATL_NC,Traveling,Temp 26-Wind 1-Sky 0,HIGH_POINT_EAST-SE,1,1.0,Ruby-crowned Kinglet,,,
S207754430,S207754430,1,Randolph,15.0,0.31,,35.892414,"Creekside Park (35.8924,-79.9333) - High Point East SE",P,-79.933251,wintering,1,2025-01-02,EBIRD_ATL_NC,Traveling,Temp 26-Wind 1-Sky 0,HIGH_POINT_EAST-SE,1,1.0,Tufted Titmouse,,,
S207754430,S207754430,1,Randolph,15.0,0.31,,35.892414,"Creekside Park (35.8924,-79.9333) - High Point East SE",P,-79.933251,wintering,1,2025-01-02,EBIRD_ATL_NC,Traveling,Temp 26-Wind 1-Sky 0,HIGH_POINT_EAST-SE,1,1.0,White-throated Sparrow,,,
S207754430,S207754430,1,Randolph,15.0,0.31,,35.892414,"Creekside Park (35.8924,-79.9333) - High Point East SE",P,-79.933251,wintering,1,2025-01-02,EBIRD_ATL_NC,Traveling,Temp 26-Wind 1-Sky 0,HIGH_POINT_EAST-SE,1,1.0,Yellow-rumped Warbler,,,
S207728788,S207728788,1,Robeson,53.0,3.042,,34.69993,Lumbee Tribe Cultural Center,H,-79.262918,wintering,1,2025-01-02,EBIRD_ATL_NC,Traveling,,MAXTON-CE,0,1.0,American Crow,,,
S207728788,S207728788,1,Robeson,53.0,3.042,,34.69993,Lumbee Tribe Cultural Center,H,-79.262918,wintering,1,2025-01-02,EBIRD_ATL_NC,Traveling,,MAXTON-CE,0,1.0,American Goldfinch,,,
S207728788,S207728788,1,Robeson,53.0,3.042,,34.69993,Lumbee Tribe Cultural Center,H,-79.262918,wintering,1,2025-01-02,EBIRD_ATL_NC,Traveling,,MAXTON-CE,0,1.0,Brown-headed Nuthatch,,,
S207728788,S207728788,1,Robeson,53.0,3.042,,34.69993,Lumbee Tribe Cultural Center,H,-79.262918,wintering,1,2025-01-02,EBIRD_ATL_NC,Traveling,,MAXTON-CE,0,1.0,Canada Goose,,,
S207728788,S207728788,1,Robeson,53.0,3.042,,34.69993,Lumbee Tribe Cultural Center,H,-79.262918,wintering,1,2025-01-02,EBIRD_ATL_NC,Traveling,,MAXTON-CE,0,1.0,Carolina Chickadee,,,
S207728788,S207728788,1,Robeson,53.0,3.042,,34.69993,Lumbee Tribe Cultural Center,H,-79.262918,wintering,1,2025-01-02,EBIRD_ATL_NC,Traveling,,MAXTON-CE,0,1.0,Chipping Sparrow,,,
S207728788,S207728788,1,Robeson,53.0,3.042,,34.69993,Lumbee Tribe Cultural Center,H,-79.262918,wintering,1,2025-01-02,EBIRD_ATL_NC,Traveling,,MAXTON-CE,0,1.0,Coopers Hawk,,,
S207728788,S207728788,1,Robeson,53.0,3.042,,34.69993,Lumbee Tribe Cultural Center,H,-79.262918,wintering,1,2025-01-02,EBIRD_ATL_NC,Traveling,,MAXTON-CE,0,1.0,Dark-eyed Junco,,,
S207728788,S207728788,1,Robeson,53.0,3.042,,34.69993,Lumbee Tribe Cultural Center,H,-79.262918,wintering,1,2025-01-02,EBIRD_ATL_NC,Traveling,,MAXTON-CE,0,1.0,Eastern Bluebird,,,
S207728788,S207728788,1,Robeson,53.0,3.042,,34.69993,Lumbee Tribe Cultural Center,H,-79.262918,wintering,1,2025-01-02,EBIRD_ATL_NC,Traveling,,MAXTON-CE,0,1.0,Eastern Phoebe,,,
S207728788,S207728788,1,Robeson,53.0,3.042,,34.69993,Lumbee Tribe Cultural Center,H,-79.262918,wintering,1,2025-01-02,EBIRD_ATL_NC,Traveling,,MAXTON-CE,0,1.0,Golden-crowned Kinglet,,,
S207728788,S207728788,1,Robeson,53.0,3.042,,34.69993,Lumbee Tribe Cultural Center,H,-79.262918,wintering,1,2025-01-02,EBIRD_ATL_NC,Traveling,,MAXTON-CE,0,1.0,Hermit Thrush,,,
S207728788,S207728788,1,Robeson,53.0,3.042,,34.69993,Lumbee Tribe Cultural Center,H,-79.262918,wintering,1,2025-01-02,EBIRD_ATL_NC,Traveling,,MAXTON-CE,0,1.0,Northern House Wren,,,
S207728788,S207728788,1,Robeson,53.0,3.042,,34.69993,Lumbee Tribe Cultural Center,H,-79.262918,wintering,1,2025-01-02,EBIRD_ATL_NC,Traveling,,MAXTON-CE,0,1.0,Loggerhead Shrike,,,
S207728788,S207728788,1,Robeson,53.0,3.042,,34.69993,Lumbee Tribe Cultural Center,H,-79.262918,wintering,1,2025-01-02,EBIRD_ATL_NC,Traveling,,MAXTON-CE,0,1.0,Mallard,,,
S207728788,S207728788,1,Robeson,53.0,3.042,,34.69993,Lumbee Tribe Cultural Center,H,-79.262918,wintering,1,2025-01-02,EBIRD_ATL_NC,Traveling,,MAXTON-CE,0,1.0,Mallard,,,
S207728788,S207728788,1,Robeson,53.0,3.042,,34.69993,Lumbee Tribe Cultural Center,H,-79.262918,wintering,1,2025-01-02,EBIRD_ATL_NC,Traveling,,MAXTON-CE,0,1.0,Mourning Dove,,,
S207728788,S207728788,1,Robeson,53.0,3.042,,34.69993,Lumbee Tribe Cultural Center,H,-79.262918,wintering,1,2025-01-02,EBIRD_ATL_NC,Traveling,,MAXTON-CE,0,1.0,Muscovy Duck,,,
S207728788,S207728788,1,Robeson,53.0,3.042,,34.69993,Lumbee Tribe Cultural Center,H,-79.262918,wintering,1,2025-01-02,EBIRD_ATL_NC,Traveling,,MAXTON-CE,0,1.0,Northern Cardinal,,,
S207728788,S207728788,1,Robeson,53.0,3.042,,34.69993,Lumbee Tribe Cultural Center,H,-79.262918,wintering,1,2025-01-02,EBIRD_ATL_NC,Traveling,,MAXTON-CE,0,1.0,Northern Flicker,,,
S207728788,S207728788,1,Robeson,53.0,3.042,,34.69993,Lumbee Tribe Cultural Center,H,-79.262918,wintering,1,2025-01-02,EBIRD_ATL_NC,Traveling,,MAXTON-CE,0,1.0,Palm Warbler,,,
S207728788,S207728788,1,Robeson,53.0,3.042,,34.69993,Lumbee Tribe Cultural Center,H,-79.262918,wintering,1,2025-01-02,EBIRD_ATL_NC,Traveling,,MAXTON-CE,0,1.0,Pine Warbler,,,
S207728788,S207728788,1,Robeson,53.0,3.042,,34.69993,Lumbee Tribe Cultural Center,H,-79.262918,wintering,1,2025-01-02,EBIRD_ATL_NC,Traveling,,MAXTON-CE,0,1.0,Red-bellied Woodpecker,,,
S207728788,S207728788,1,Robeson,53.0,3.042,,34.69993,Lumbee Tribe Cultural Center,H,-79.262918,wintering,1,2025-01-02,EBIRD_ATL_NC,Traveling,,MAXTON-CE,0,1.0,Red-winged Blackbird,,,
S207728788,S207728788,1,Robeson,53.0,3.042,,34.69993,Lumbee Tribe Cultural Center,H,-79.262918,wintering,1,2025-01-02,EBIRD_ATL_NC,Traveling,,MAXTON-CE,0,1.0,Ruby-crowned Kinglet,,,
S207728788,S207728788,1,Robeson,53.0,3.042,,34.69993,Lumbee Tribe Cultural Center,H,-79.262918,wintering,1,2025-01-02,EBIRD_ATL_NC,Traveling,,MAXTON-CE,0,1.0,Song Sparrow,,,
S207728788,S207728788,1,Robeson,53.0,3.042,,34.69993,Lumbee Tribe Cultural Center,H,-79.262918,wintering,1,2025-01-02,EBIRD_ATL_NC,Traveling,,MAXTON-CE,0,1.0,Swamp Sparrow,,,
S207728788,S207728788,1,Robeson,53.0,3.042,,34.69993,Lumbee Tribe Cultural Center,H,-79.262918,wintering,1,2025-01-02,EBIRD_ATL_NC,Traveling,,MAXTON-CE,0,1.0,Tufted Titmouse,,,
S207728788,S207728788,1,Robeson,53.0,3.042,,34.69993,Lumbee Tribe Cultural Center,H,-79.262918,wintering,1,2025-01-02,EBIRD_ATL_NC,Traveling,,MAXTON-CE,0,1.0,Turkey Vulture,,,
S207728788,S207728788,1,Robeson,53.0,3.042,,34.69993,Lumbee Tribe Cultural Center,H,-79.262918,wintering,1,2025-01-02,EBIRD_ATL_NC,Traveling,,MAXTON-CE,0,1.0,White-breasted Nuthatch,,,
S207728788,S207728788,1,Robeson,53.0,3.042,,34.69993,Lumbee Tribe Cultural Center,H,-79.262918,wintering,1,2025-01-02,EBIRD_ATL_NC,Traveling,,MAXTON-CE,0,1.0,White-throated Sparrow,,,
S207728788,S207728788,1,Robeson,53.0,3.042,,34.69993,Lumbee Tribe Cultural Center,H,-79.262918,wintering,1,2025-01-02,EBIRD_ATL_NC,Traveling,,MAXTON-CE,0,1.0,Yellow-rumped Warbler,,,
S207684067,S207684067,1,Rockingham,42.0,1.138,,36.4984767,Smiths River Greenway,H,-79.7540581,wintering,1,2025-01-02,EBIRD_ATL_NC,Traveling,,SOUTHWEST_EDEN-NE,0,1.0,American Crow,,,
S207684067,S207684067,1,Rockingham,42.0,1.138,,36.4984767,Smiths River Greenway,H,-79.7540581,wintering,1,2025-01-02,EBIRD_ATL_NC,Traveling,,SOUTHWEST_EDEN-NE,0,1.0,American Robin,,,
S207684067,S207684067,1,Rockingham,42.0,1.138,,36.4984767,Smiths River Greenway,H,-79.7540581,wintering,1,2025-01-02,EBIRD_ATL_NC,Traveling,,SOUTHWEST_EDEN-NE,0,1.0,Carolina Wren,,,
S207684067,S207684067,1,Rockingham,42.0,1.138,,36.4984767,Smiths River Greenway,H,-79.7540581,wintering,1,2025-01-02,EBIRD_ATL_NC,Traveling,,SOUTHWEST_EDEN-NE,0,1.0,Dark-eyed Junco,,,
S207684067,S207684067,1,Rockingham,42.0,1.138,,36.4984767,Smiths River Greenway,H,-79.7540581,wintering,1,2025-01-02,EBIRD_ATL_NC,Traveling,,SOUTHWEST_EDEN-NE,0,1.0,Eastern Bluebird,,,
S207684067,S207684067,1,Rockingham,42.0,1.138,,36.4984767,Smiths River Greenway,H,-79.7540581,wintering,1,2025-01-02,EBIRD_ATL_NC,Traveling,,SOUTHWEST_EDEN-NE,0,1.0,House Sparrow,,,
S207684067,S207684067,1,Rockingham,42.0,1.138,,36.4984767,Smiths River Greenway,H,-79.7540581,wintering,1,2025-01-02,EBIRD_ATL_NC,Traveling,,SOUTHWEST_EDEN-NE,0,1.0,Northern Cardinal,,,
S207684067,S207684067,1,Rockingham,42.0,1.138,,36.4984767,Smiths River Greenway,H,-79.7540581,wintering,1,2025-01-02,EBIRD_ATL_NC,Traveling,,SOUTHWEST_EDEN-NE,0,1.0,Pileated Woodpecker,,,
S207684067,S207684067,1,Rockingham,42.0,1.138,,36.4984767,Smiths River Greenway,H,-79.7540581,wintering,1,2025-01-02,EBIRD_ATL_NC,Traveling,,SOUTHWEST_EDEN-NE,0,1.0,Red-bellied Woodpecker,,,
S207684067,S207684067,1,Rockingham,42.0,1.138,,36.4984767,Smiths River Greenway,H,-79.7540581,wintering,1,2025-01-02,EBIRD_ATL_NC,Traveling,,SOUTHWEST_EDEN-NE,0,1.0,Ruby-crowned Kinglet,,,
S207684067,S207684067,1,Rockingham,42.0,1.138,,36.4984767,Smiths River Greenway,H,-79.7540581,wintering,1,2025-01-02,EBIRD_ATL_NC,Traveling,,SOUTHWEST_EDEN-NE,0,1.0,Tufted Titmouse,,,
S207684067,S207684067,1,Rockingham,42.0,1.138,,36.4984767,Smiths River Greenway,H,-79.7540581,wintering,1,2025-01-02,EBIRD_ATL_NC,Traveling,,SOUTHWEST_EDEN-NE,0,1.0,White-throated Sparrow,,,
S207682468,S207682468,1,Rutherford,9.0,0,G13701822,35.514132,CBC Cedar Creek RD,P,-82.172579,wintering,4,2025-01-02,EBIRD_ATL_NC,Stationary,,MOFFITT_HILL-SE,1,1.0,American Crow,,,
S207682468,S207682468,1,Rutherford,9.0,0,G13701822,35.514132,CBC Cedar Creek RD,P,-82.172579,wintering,4,2025-01-02,EBIRD_ATL_NC,Stationary,,MOFFITT_HILL-SE,1,1.0,Carolina Chickadee,,,
S207682468,S207682468,1,Rutherford,9.0,0,G13701822,35.514132,CBC Cedar Creek RD,P,-82.172579,wintering,4,2025-01-02,EBIRD_ATL_NC,Stationary,,MOFFITT_HILL-SE,1,1.0,Hermit Thrush,,,
S207682468,S207682468,1,Rutherford,9.0,0,G13701822,35.514132,CBC Cedar Creek RD,P,-82.172579,wintering,4,2025-01-02,EBIRD_ATL_NC,Stationary,,MOFFITT_HILL-SE,1,1.0,Turkey Vulture,,,
S207675175,S207675175,1,Rutherford,11.0,0.15,,35.501236,"2290 Thermal City Road, Union Mills, North Carolina, US (35.501, -82.026)",P,-82.0258284,wintering,1,2025-01-02,EBIRD_ATL_NC,Traveling,,SUGAR_HILL-SE,1,1,American Crow,,,
S207675175,S207675175,1,Rutherford,11.0,0.15,,35.501236,"2290 Thermal City Road, Union Mills, North Carolina, US (35.501, -82.026)",P,-82.0258284,wintering,1,2025-01-02,EBIRD_ATL_NC,Traveling,,SUGAR_HILL-SE,1,1,Carolina Wren,,,
S207728989,S207728989,1,Rutherford,21.0,0.099,G13701826,35.500642,CBC Conner Rd.,P,-82.143535,wintering,4,2025-01-02,EBIRD_ATL_NC,Traveling,,MOFFITT_HILL-SE,1,1,American Crow,,,
S207728989,S207728989,1,Rutherford,21.0,0.099,G13701826,35.500642,CBC Conner Rd.,P,-82.143535,wintering,4,2025-01-02,EBIRD_ATL_NC,Traveling,,MOFFITT_HILL-SE,1,1,American Goldfinch,,,
S207728989,S207728989,1,Rutherford,21.0,0.099,G13701826,35.500642,CBC Conner Rd.,P,-82.143535,wintering,4,2025-01-02,EBIRD_ATL_NC,Traveling,,MOFFITT_HILL-SE,1,1,Belted Kingfisher,,,
S207728989,S207728989,1,Rutherford,21.0,0.099,G13701826,35.500642,CBC Conner Rd.,P,-82.143535,wintering,4,2025-01-02,EBIRD_ATL_NC,Traveling,,MOFFITT_HILL-SE,1,1,Blue Jay,,,
S207728989,S207728989,1,Rutherford,21.0,0.099,G13701826,35.500642,CBC Conner Rd.,P,-82.143535,wintering,4,2025-01-02,EBIRD_ATL_NC,Traveling,,MOFFITT_HILL-SE,1,1,Carolina Chickadee,,,
S207728989,S207728989,1,Rutherford,21.0,0.099,G13701826,35.500642,CBC Conner Rd.,P,-82.143535,wintering,4,2025-01-02,EBIRD_ATL_NC,Traveling,,MOFFITT_HILL-SE,1,1,Carolina Wren,,,
S207728989,S207728989,1,Rutherford,21.0,0.099,G13701826,35.500642,CBC Conner Rd.,P,-82.143535,wintering,4,2025-01-02,EBIRD_ATL_NC,Traveling,,MOFFITT_HILL-SE,1,1,Field Sparrow,,,
S207728989,S207728989,1,Rutherford,21.0,0.099,G13701826,35.500642,CBC Conner Rd.,P,-82.143535,wintering,4,2025-01-02,EBIRD_ATL_NC,Traveling,,MOFFITT_HILL-SE,1,1,Northern Flicker,,,
S207728989,S207728989,1,Rutherford,21.0,0.099,G13701826,35.500642,CBC Conner Rd.,P,-82.143535,wintering,4,2025-01-02,EBIRD_ATL_NC,Traveling,,MOFFITT_HILL-SE,1,1,Red-shouldered Hawk,,,
S207728989,S207728989,1,Rutherford,21.0,0.099,G13701826,35.500642,CBC Conner Rd.,P,-82.143535,wintering,4,2025-01-02,EBIRD_ATL_NC,Traveling,,MOFFITT_HILL-SE,1,1,Red-tailed Hawk,,,
S207728989,S207728989,1,Rutherford,21.0,0.099,G13701826,35.500642,CBC Conner Rd.,P,-82.143535,wintering,4,2025-01-02,EBIRD_ATL_NC,Traveling,,MOFFITT_HILL-SE,1,1,Red-winged Blackbird,,,
S207728989,S207728989,1,Rutherford,21.0,0.099,G13701826,35.500642,CBC Conner Rd.,P,-82.143535,wintering,4,2025-01-02,EBIRD_ATL_NC,Traveling,,MOFFITT_HILL-SE,1,1,Song Sparrow,,,
S207674893,S207674893,1,Rutherford,34.0,0.515,,35.5103448,"4440 Painters Gap Road, Union Mills, North Carolina, US (35.51, -82.074)",P,-82.0738389,wintering,1,2025-01-02,EBIRD_ATL_NC,Traveling,,SUGAR_HILL-SW,0,1.0,American Crow,,,
S207674893,S207674893,1,Rutherford,34.0,0.515,,35.5103448,"4440 Painters Gap Road, Union Mills, North Carolina, US (35.51, -82.074)",P,-82.0738389,wintering,1,2025-01-02,EBIRD_ATL_NC,Traveling,,SUGAR_HILL-SW,0,1.0,American Goldfinch,,,
S207674893,S207674893,1,Rutherford,34.0,0.515,,35.5103448,"4440 Painters Gap Road, Union Mills, North Carolina, US (35.51, -82.074)",P,-82.0738389,wintering,1,2025-01-02,EBIRD_ATL_NC,Traveling,,SUGAR_HILL-SW,0,1.0,American Robin,,,
S207674893,S207674893,1,Rutherford,34.0,0.515,,35.5103448,"4440 Painters Gap Road, Union Mills, North Carolina, US (35.51, -82.074)",P,-82.0738389,wintering,1,2025-01-02,EBIRD_ATL_NC,Traveling,,SUGAR_HILL-SW,0,1.0,Carolina Chickadee,,,
S207674893,S207674893,1,Rutherford,34.0,0.515,,35.5103448,"4440 Painters Gap Road, Union Mills, North Carolina, US (35.51, -82.074)",P,-82.0738389,wintering,1,2025-01-02,EBIRD_ATL_NC,Traveling,,SUGAR_HILL-SW,0,1.0,Carolina Wren,,,
S207674893,S207674893,1,Rutherford,34.0,0.515,,35.5103448,"4440 Painters Gap Road, Union Mills, North Carolina, US (35.51, -82.074)",P,-82.0738389,wintering,1,2025-01-02,EBIRD_ATL_NC,Traveling,,SUGAR_HILL-SW,0,1.0,Downy Woodpecker,,,
S207674893,S207674893,1,Rutherford,34.0,0.515,,35.5103448,"4440 Painters Gap Road, Union Mills, North Carolina, US (35.51, -82.074)",P,-82.0738389,wintering,1,2025-01-02,EBIRD_ATL_NC,Traveling,,SUGAR_HILL-SW,0,1.0,Field Sparrow,,,
S207674893,S207674893,1,Rutherford,34.0,0.515,,35.5103448,"4440 Painters Gap Road, Union Mills, North Carolina, US (35.51, -82.074)",P,-82.0738389,wintering,1,2025-01-02,EBIRD_ATL_NC,Traveling,,SUGAR_HILL-SW,0,1.0,Hermit Thrush,,,
S207674893,S207674893,1,Rutherford,34.0,0.515,,35.5103448,"4440 Painters Gap Road, Union Mills, North Carolina, US (35.51, -82.074)",P,-82.0738389,wintering,1,2025-01-02,EBIRD_ATL_NC,Traveling,,SUGAR_HILL-SW,0,1.0,Northern Cardinal,,,
S207674893,S207674893,1,Rutherford,34.0,0.515,,35.5103448,"4440 Painters Gap Road, Union Mills, North Carolina, US (35.51, -82.074)",P,-82.0738389,wintering,1,2025-01-02,EBIRD_ATL_NC,Traveling,,SUGAR_HILL-SW,0,1.0,Red-bellied Woodpecker,,,
S207674893,S207674893,1,Rutherford,34.0,0.515,,35.5103448,"4440 Painters Gap Road, Union Mills, North Carolina, US (35.51, -82.074)",P,-82.0738389,wintering,1,2025-01-02,EBIRD_ATL_NC,Traveling,,SUGAR_HILL-SW,0,1.0,Song Sparrow,,,
S207674893,S207674893,1,Rutherford,34.0,0.515,,35.5103448,"4440 Painters Gap Road, Union Mills, North Carolina, US (35.51, -82.074)",P,-82.0738389,wintering,1,2025-01-02,EBIRD_ATL_NC,Traveling,,SUGAR_HILL-SW,0,1.0,Tufted Titmouse,,,
S207674893,S207674893,1,Rutherford,34.0,0.515,,35.5103448,"4440 Painters Gap Road, Union Mills, North Carolina, US (35.51, -82.074)",P,-82.0738389,wintering,1,2025-01-02,EBIRD_ATL_NC,Traveling,,SUGAR_HILL-SW,0,1.0,White-breasted Nuthatch,,,
S207674893,S207674893,1,Rutherford,34.0,0.515,,35.5103448,"4440 Painters Gap Road, Union Mills, North Carolina, US (35.51, -82.074)",P,-82.0738389,wintering,1,2025-01-02,EBIRD_ATL_NC,Traveling,,SUGAR_HILL-SW,0,1.0,White-throated Sparrow,,,
S207674688,S207674688,1,Rutherford,12.0,0.061,,35.5263307,"190 Tightrun Loop Road, Union Mills, North Carolina, US (35.526, -82.071)",P,-82.0711543,wintering,1,2025-01-02,EBIRD_ATL_NC,Traveling,,SUGAR_HILL-SW,0,1,American Crow,,,
S207674688,S207674688,1,Rutherford,12.0,0.061,,35.5263307,"190 Tightrun Loop Road, Union Mills, North Carolina, US (35.526, -82.071)",P,-82.0711543,wintering,1,2025-01-02,EBIRD_ATL_NC,Traveling,,SUGAR_HILL-SW,0,1,American Goldfinch,,,
S207674688,S207674688,1,Rutherford,12.0,0.061,,35.5263307,"190 Tightrun Loop Road, Union Mills, North Carolina, US (35.526, -82.071)",P,-82.0711543,wintering,1,2025-01-02,EBIRD_ATL_NC,Traveling,,SUGAR_HILL-SW,0,1,Brown-headed Nuthatch,,,
S207674688,S207674688,1,Rutherford,12.0,0.061,,35.5263307,"190 Tightrun Loop Road, Union Mills, North Carolina, US (35.526, -82.071)",P,-82.0711543,wintering,1,2025-01-02,EBIRD_ATL_NC,Traveling,,SUGAR_HILL-SW,0,1,Carolina Chickadee,,,
S207674688,S207674688,1,Rutherford,12.0,0.061,,35.5263307,"190 Tightrun Loop Road, Union Mills, North Carolina, US (35.526, -82.071)",P,-82.0711543,wintering,1,2025-01-02,EBIRD_ATL_NC,Traveling,,SUGAR_HILL-SW,0,1,Dark-eyed Junco,,,
S207674688,S207674688,1,Rutherford,12.0,0.061,,35.5263307,"190 Tightrun Loop Road, Union Mills, North Carolina, US (35.526, -82.071)",P,-82.0711543,wintering,1,2025-01-02,EBIRD_ATL_NC,Traveling,,SUGAR_HILL-SW,0,1,Eastern Bluebird,,,
S207674688,S207674688,1,Rutherford,12.0,0.061,,35.5263307,"190 Tightrun Loop Road, Union Mills, North Carolina, US (35.526, -82.071)",P,-82.0711543,wintering,1,2025-01-02,EBIRD_ATL_NC,Traveling,,SUGAR_HILL-SW,0,1,Eastern Towhee,,,
S207674688,S207674688,1,Rutherford,12.0,0.061,,35.5263307,"190 Tightrun Loop Road, Union Mills, North Carolina, US (35.526, -82.071)",P,-82.0711543,wintering,1,2025-01-02,EBIRD_ATL_NC,Traveling,,SUGAR_HILL-SW,0,1,Northern Cardinal,,,
S207674688,S207674688,1,Rutherford,12.0,0.061,,35.5263307,"190 Tightrun Loop Road, Union Mills, North Carolina, US (35.526, -82.071)",P,-82.0711543,wintering,1,2025-01-02,EBIRD_ATL_NC,Traveling,,SUGAR_HILL-SW,0,1,Song Sparrow,,,
S207674688,S207674688,1,Rutherford,12.0,0.061,,35.5263307,"190 Tightrun Loop Road, Union Mills, North Carolina, US (35.526, -82.071)",P,-82.0711543,wintering,1,2025-01-02,EBIRD_ATL_NC,Traveling,,SUGAR_HILL-SW,0,1,White-throated Sparrow,,,
S207674688,S207674688,1,Rutherford,12.0,0.061,,35.5263307,"190 Tightrun Loop Road, Union Mills, North Carolina, US (35.526, -82.071)",P,-82.0711543,wintering,1,2025-01-02,EBIRD_ATL_NC,Traveling,,SUGAR_HILL-SW,0,1,Yellow-bellied Sapsucker,,,
S207802624,S207802624,1,Rutherford,9.0,0,G13701822,35.514132,CBC Cedar Creek RD,P,-82.172579,wintering,4,2025-01-02,EBIRD_ATL_NC,Stationary,,MOFFITT_HILL-SE,1,1.0,American Crow,,,
S207802624,S207802624,1,Rutherford,9.0,0,G13701822,35.514132,CBC Cedar Creek RD,P,-82.172579,wintering,4,2025-01-02,EBIRD_ATL_NC,Stationary,,MOFFITT_HILL-SE,1,1.0,Carolina Chickadee,,,
S207802624,S207802624,1,Rutherford,9.0,0,G13701822,35.514132,CBC Cedar Creek RD,P,-82.172579,wintering,4,2025-01-02,EBIRD_ATL_NC,Stationary,,MOFFITT_HILL-SE,1,1.0,Hermit Thrush,,,
S207802624,S207802624,1,Rutherford,9.0,0,G13701822,35.514132,CBC Cedar Creek RD,P,-82.172579,wintering,4,2025-01-02,EBIRD_ATL_NC,Stationary,,MOFFITT_HILL-SE,1,1.0,Turkey Vulture,,,
S207675794,S207675794,1,Rutherford,40.0,0.714,,35.5068173,"170 Mikes Mountain Road, Union Mills, North Carolina, US (35.507, -82.016)",P,-82.016284,wintering,1,2025-01-02,EBIRD_ATL_NC,Traveling,,SUGAR_HILL-SE,1,1,American Crow,,,
S207675794,S207675794,1,Rutherford,40.0,0.714,,35.5068173,"170 Mikes Mountain Road, Union Mills, North Carolina, US (35.507, -82.016)",P,-82.016284,wintering,1,2025-01-02,EBIRD_ATL_NC,Traveling,,SUGAR_HILL-SE,1,1,American Robin,,,
S207675794,S207675794,1,Rutherford,40.0,0.714,,35.5068173,"170 Mikes Mountain Road, Union Mills, North Carolina, US (35.507, -82.016)",P,-82.016284,wintering,1,2025-01-02,EBIRD_ATL_NC,Traveling,,SUGAR_HILL-SE,1,1,Blue Jay,,,
S207675794,S207675794,1,Rutherford,40.0,0.714,,35.5068173,"170 Mikes Mountain Road, Union Mills, North Carolina, US (35.507, -82.016)",P,-82.016284,wintering,1,2025-01-02,EBIRD_ATL_NC,Traveling,,SUGAR_HILL-SE,1,1,Carolina Chickadee,,,
S207675794,S207675794,1,Rutherford,40.0,0.714,,35.5068173,"170 Mikes Mountain Road, Union Mills, North Carolina, US (35.507, -82.016)",P,-82.016284,wintering,1,2025-01-02,EBIRD_ATL_NC,Traveling,,SUGAR_HILL-SE,1,1,Carolina Wren,,,
S207675794,S207675794,1,Rutherford,40.0,0.714,,35.5068173,"170 Mikes Mountain Road, Union Mills, North Carolina, US (35.507, -82.016)",P,-82.016284,wintering,1,2025-01-02,EBIRD_ATL_NC,Traveling,,SUGAR_HILL-SE,1,1,Dark-eyed Junco,,,
S207675794,S207675794,1,Rutherford,40.0,0.714,,35.5068173,"170 Mikes Mountain Road, Union Mills, North Carolina, US (35.507, -82.016)",P,-82.016284,wintering,1,2025-01-02,EBIRD_ATL_NC,Traveling,,SUGAR_HILL-SE,1,1,Northern Cardinal,,,
S207675794,S207675794,1,Rutherford,40.0,0.714,,35.5068173,"170 Mikes Mountain Road, Union Mills, North Carolina, US (35.507, -82.016)",P,-82.016284,wintering,1,2025-01-02,EBIRD_ATL_NC,Traveling,,SUGAR_HILL-SE,1,1,Northern Mockingbird,,,
S207675794,S207675794,1,Rutherford,40.0,0.714,,35.5068173,"170 Mikes Mountain Road, Union Mills, North Carolina, US (35.507, -82.016)",P,-82.016284,wintering,1,2025-01-02,EBIRD_ATL_NC,Traveling,,SUGAR_HILL-SE,1,1,Red-shouldered Hawk,,,
S207675794,S207675794,1,Rutherford,40.0,0.714,,35.5068173,"170 Mikes Mountain Road, Union Mills, North Carolina, US (35.507, -82.016)",P,-82.016284,wintering,1,2025-01-02,EBIRD_ATL_NC,Traveling,,SUGAR_HILL-SE,1,1,Song Sparrow,,,
S207675794,S207675794,1,Rutherford,40.0,0.714,,35.5068173,"170 Mikes Mountain Road, Union Mills, North Carolina, US (35.507, -82.016)",P,-82.016284,wintering,1,2025-01-02,EBIRD_ATL_NC,Traveling,,SUGAR_HILL-SE,1,1,Tufted Titmouse,,,
S207675794,S207675794,1,Rutherford,40.0,0.714,,35.5068173,"170 Mikes Mountain Road, Union Mills, North Carolina, US (35.507, -82.016)",P,-82.016284,wintering,1,2025-01-02,EBIRD_ATL_NC,Traveling,,SUGAR_HILL-SE,1,1,Turkey Vulture,,,
S207675794,S207675794,1,Rutherford,40.0,0.714,,35.5068173,"170 Mikes Mountain Road, Union Mills, North Carolina, US (35.507, -82.016)",P,-82.016284,wintering,1,2025-01-02,EBIRD_ATL_NC,Traveling,,SUGAR_HILL-SE,1,1,White-throated Sparrow,,,
S207675794,S207675794,1,Rutherford,40.0,0.714,,35.5068173,"170 Mikes Mountain Road, Union Mills, North Carolina, US (35.507, -82.016)",P,-82.016284,wintering,1,2025-01-02,EBIRD_ATL_NC,Traveling,,SUGAR_HILL-SE,1,1,Winter Wren,,,
S207675794,S207675794,1,Rutherford,40.0,0.714,,35.5068173,"170 Mikes Mountain Road, Union Mills, North Carolina, US (35.507, -82.016)",P,-82.016284,wintering,1,2025-01-02,EBIRD_ATL_NC,Traveling,,SUGAR_HILL-SE,1,1,Yellow-bellied Sapsucker,,,
S207674389,S207674389,1,Rutherford,19.0,0.141,,35.5267516,"711 Tightrun Loop Road, Union Mills, North Carolina, US (35.527, -82.058)",P,-82.058222,wintering,1,2025-01-02,EBIRD_ATL_NC,Traveling,,SUGAR_HILL-SE,1,1,American Crow,,,
S207674389,S207674389,1,Rutherford,19.0,0.141,,35.5267516,"711 Tightrun Loop Road, Union Mills, North Carolina, US (35.527, -82.058)",P,-82.058222,wintering,1,2025-01-02,EBIRD_ATL_NC,Traveling,,SUGAR_HILL-SE,1,1,American Goldfinch,,,
S207674389,S207674389,1,Rutherford,19.0,0.141,,35.5267516,"711 Tightrun Loop Road, Union Mills, North Carolina, US (35.527, -82.058)",P,-82.058222,wintering,1,2025-01-02,EBIRD_ATL_NC,Traveling,,SUGAR_HILL-SE,1,1,Blue Jay,,,
S207674389,S207674389,1,Rutherford,19.0,0.141,,35.5267516,"711 Tightrun Loop Road, Union Mills, North Carolina, US (35.527, -82.058)",P,-82.058222,wintering,1,2025-01-02,EBIRD_ATL_NC,Traveling,,SUGAR_HILL-SE,1,1,Brown-headed Nuthatch,,,
S207674389,S207674389,1,Rutherford,19.0,0.141,,35.5267516,"711 Tightrun Loop Road, Union Mills, North Carolina, US (35.527, -82.058)",P,-82.058222,wintering,1,2025-01-02,EBIRD_ATL_NC,Traveling,,SUGAR_HILL-SE,1,1,Carolina Chickadee,,,
S207674389,S207674389,1,Rutherford,19.0,0.141,,35.5267516,"711 Tightrun Loop Road, Union Mills, North Carolina, US (35.527, -82.058)",P,-82.058222,wintering,1,2025-01-02,EBIRD_ATL_NC,Traveling,,SUGAR_HILL-SE,1,1,Carolina Wren,,,
S207674389,S207674389,1,Rutherford,19.0,0.141,,35.5267516,"711 Tightrun Loop Road, Union Mills, North Carolina, US (35.527, -82.058)",P,-82.058222,wintering,1,2025-01-02,EBIRD_ATL_NC,Traveling,,SUGAR_HILL-SE,1,1,Dark-eyed Junco,,,
S207674389,S207674389,1,Rutherford,19.0,0.141,,35.5267516,"711 Tightrun Loop Road, Union Mills, North Carolina, US (35.527, -82.058)",P,-82.058222,wintering,1,2025-01-02,EBIRD_ATL_NC,Traveling,,SUGAR_HILL-SE,1,1,Eastern Bluebird,,,
S207674389,S207674389,1,Rutherford,19.0,0.141,,35.5267516,"711 Tightrun Loop Road, Union Mills, North Carolina, US (35.527, -82.058)",P,-82.058222,wintering,1,2025-01-02,EBIRD_ATL_NC,Traveling,,SUGAR_HILL-SE,1,1,Northern Cardinal,,,
S207674389,S207674389,1,Rutherford,19.0,0.141,,35.5267516,"711 Tightrun Loop Road, Union Mills, North Carolina, US (35.527, -82.058)",P,-82.058222,wintering,1,2025-01-02,EBIRD_ATL_NC,Traveling,,SUGAR_HILL-SE,1,1,Northern Flicker,,,
S207674389,S207674389,1,Rutherford,19.0,0.141,,35.5267516,"711 Tightrun Loop Road, Union Mills, North Carolina, US (35.527, -82.058)",P,-82.058222,wintering,1,2025-01-02,EBIRD_ATL_NC,Traveling,,SUGAR_HILL-SE,1,1,White-breasted Nuthatch,,,
S207728972,S207728972,1,Rutherford,9.0,0,G13701822,35.514132,CBC Cedar Creek RD,P,-82.172579,wintering,4,2025-01-02,EBIRD_ATL_NC,Stationary,,MOFFITT_HILL-SE,1,1.0,American Crow,,,
S207728972,S207728972,1,Rutherford,9.0,0,G13701822,35.514132,CBC Cedar Creek RD,P,-82.172579,wintering,4,2025-01-02,EBIRD_ATL_NC,Stationary,,MOFFITT_HILL-SE,1,1.0,Carolina Chickadee,,,
S207728972,S207728972,1,Rutherford,9.0,0,G13701822,35.514132,CBC Cedar Creek RD,P,-82.172579,wintering,4,2025-01-02,EBIRD_ATL_NC,Stationary,,MOFFITT_HILL-SE,1,1.0,Hermit Thrush,,,
S207728972,S207728972,1,Rutherford,9.0,0,G13701822,35.514132,CBC Cedar Creek RD,P,-82.172579,wintering,4,2025-01-02,EBIRD_ATL_NC,Stationary,,MOFFITT_HILL-SE,1,1.0,Turkey Vulture,,,
S207725870,S207725870,1,Rutherford,10.0,0,,35.408534,Occoneechee Lake,P,-82.202518,wintering,1,2025-01-02,EBIRD_ATL_NC,Stationary,,LAKE_LURE-SW,0,1.0,American Crow,,,
S207725870,S207725870,1,Rutherford,10.0,0,,35.408534,Occoneechee Lake,P,-82.202518,wintering,1,2025-01-02,EBIRD_ATL_NC,Stationary,,LAKE_LURE-SW,0,1.0,Bufflehead,,,
S207725870,S207725870,1,Rutherford,10.0,0,,35.408534,Occoneechee Lake,P,-82.202518,wintering,1,2025-01-02,EBIRD_ATL_NC,Stationary,,LAKE_LURE-SW,0,1.0,Great Blue Heron,,,
S207725870,S207725870,1,Rutherford,10.0,0,,35.408534,Occoneechee Lake,P,-82.202518,wintering,1,2025-01-02,EBIRD_ATL_NC,Stationary,,LAKE_LURE-SW,0,1.0,Hooded Merganser,,,
S207725870,S207725870,1,Rutherford,10.0,0,,35.408534,Occoneechee Lake,P,-82.202518,wintering,1,2025-01-02,EBIRD_ATL_NC,Stationary,,LAKE_LURE-SW,0,1.0,Northern Cardinal,,,
S207725870,S207725870,1,Rutherford,10.0,0,,35.408534,Occoneechee Lake,P,-82.202518,wintering,1,2025-01-02,EBIRD_ATL_NC,Stationary,,LAKE_LURE-SW,0,1.0,Red-tailed Hawk,,,
S207674334,S207674334,1,Rutherford,26.0,0.142,,35.5288929,"600 Hemphill Road, Union Mills, North Carolina, US (35.529, -82.069)",P,-82.0693465,wintering,1,2025-01-02,EBIRD_ATL_NC,Traveling,,SUGAR_HILL-SW,0,1,American Crow,,,
S207674334,S207674334,1,Rutherford,26.0,0.142,,35.5288929,"600 Hemphill Road, Union Mills, North Carolina, US (35.529, -82.069)",P,-82.0693465,wintering,1,2025-01-02,EBIRD_ATL_NC,Traveling,,SUGAR_HILL-SW,0,1,American Woodcock,,,
S207674334,S207674334,1,Rutherford,26.0,0.142,,35.5288929,"600 Hemphill Road, Union Mills, North Carolina, US (35.529, -82.069)",P,-82.0693465,wintering,1,2025-01-02,EBIRD_ATL_NC,Traveling,,SUGAR_HILL-SW,0,1,Carolina Wren,,,
S207674334,S207674334,1,Rutherford,26.0,0.142,,35.5288929,"600 Hemphill Road, Union Mills, North Carolina, US (35.529, -82.069)",P,-82.0693465,wintering,1,2025-01-02,EBIRD_ATL_NC,Traveling,,SUGAR_HILL-SW,0,1,Great Horned Owl,,,
S207674334,S207674334,1,Rutherford,26.0,0.142,,35.5288929,"600 Hemphill Road, Union Mills, North Carolina, US (35.529, -82.069)",P,-82.0693465,wintering,1,2025-01-02,EBIRD_ATL_NC,Traveling,,SUGAR_HILL-SW,0,1,Hermit Thrush,,,
S207674334,S207674334,1,Rutherford,26.0,0.142,,35.5288929,"600 Hemphill Road, Union Mills, North Carolina, US (35.529, -82.069)",P,-82.0693465,wintering,1,2025-01-02,EBIRD_ATL_NC,Traveling,,SUGAR_HILL-SW,0,1,Mourning Dove,,,
S207674334,S207674334,1,Rutherford,26.0,0.142,,35.5288929,"600 Hemphill Road, Union Mills, North Carolina, US (35.529, -82.069)",P,-82.0693465,wintering,1,2025-01-02,EBIRD_ATL_NC,Traveling,,SUGAR_HILL-SW,0,1,Northern Cardinal,,,
S207674334,S207674334,1,Rutherford,26.0,0.142,,35.5288929,"600 Hemphill Road, Union Mills, North Carolina, US (35.529, -82.069)",P,-82.0693465,wintering,1,2025-01-02,EBIRD_ATL_NC,Traveling,,SUGAR_HILL-SW,0,1,Song Sparrow,,,
S207674334,S207674334,1,Rutherford,26.0,0.142,,35.5288929,"600 Hemphill Road, Union Mills, North Carolina, US (35.529, -82.069)",P,-82.0693465,wintering,1,2025-01-02,EBIRD_ATL_NC,Traveling,,SUGAR_HILL-SW,0,1,White-throated Sparrow,,,
S207674334,S207674334,1,Rutherford,26.0,0.142,,35.5288929,"600 Hemphill Road, Union Mills, North Carolina, US (35.529, -82.069)",P,-82.0693465,wintering,1,2025-01-02,EBIRD_ATL_NC,Traveling,,SUGAR_HILL-SW,0,1,Winter Wren,,,
